legacy_id,tier,language,trid,date,slug,title,legacy_url,current_rule,current_type,yt_embeds,yt_embed_ids,yt_links,panel_headings,agenda_headings,speaker_lines,title_event,event_markers,conference_key,conf_source,conf_match_note,seg_covered,words,evidence,action_needed,needs_review,proposed_action,final_action,reviewer,notes
37397,A,de,18339,2016-10-27,erfolgreiche-konferenzen-des-schiller-instituts-lyon-und-essen-europa-mus-die-chancen-der-neuen-seidenstrase-ergreifen,Erfolgreiche Konferenz des Schiller-Instituts in Lyon und Essen: Europa muß die Chancen der Neuen Seidenstraße ergreifen!,/blog/2016/10/27/erfolgreiche-konferenzen-des-schiller-instituts-lyon-und-essen-europa-mus-die-chancen-der-neuen-seidenstrase-ergreifen/,R9,post,11,smV0v7AuPfY|_d-mo0WXbyQ|NwbnSnCrnEs|tAtXRhaP4Pg|l4Z0GyeQIDM|rz3mOZi6PBk|f3nwYgld0Y4|naCwIbN6W60|pXSprf0UJ_0|vbrtVViOHj4|doZnUgt6q6w,0,,,0,1,,2016-lyon,conference-map,match score 1: Erfolgreiche Konferenz des Schiller-Instituts in Lyon und Essen: Europ; dates are proposals — fix start/end,0/11,2015,named in the reviewed conference-map as this conference’s WP match,1,1,attach:2016-lyon,,,
107277,A,en,159880,2025-03-01,conference-invitation,Conference Invitation—A Beautiful Vision for Humanity in Times of Great Turbulence!,/blog/2025/03/01/conference-invitation/,R9,post,6,Wkc97KwskC0|gUk_uBdziJI|QeW8Qfy20r0|8Of4R6uMjU8|cRBXdmrBWsY|t1Wo8E7nheA,1,,,0,1,edt,2025-2025-memorial-weekend-beautiful,conference-map,match score 6: Conference Invitation—A Beautiful Vision for Humanity in Times of Grea; dates are proposals — fix start/end,4/6,1733,named in the reviewed conference-map as this conference’s WP match,1,1,attach:2025-2025-memorial-weekend-beautiful,,,
97527,A,en,158556,2023-07-20,conference-on-the-verge-of-a-new-world-war-european-nations-must-cooperate-with-the-global-south,Conference: On the Verge of a New World War: European Nations Must Cooperate with the Global South!,/blog/2023/07/20/conference-on-the-verge-of-a-new-world-war-european-nations-must-cooperate-with-the-global-south/,R9,post,5,Bms8S3HL78g|Cpcg6kSRWCk|GhvQjfhiY3o|V4XxaKdG_-o|YCS8y1KDssY,1,Panel I: Peace in the World Through a New Security and Development Architecture for Each and Every Country: The Indispensable Strategic Autonomy of European Countries|Panel 1 Summary|Panel II : Why It Is in the Strategic Interest of European Nations To Cooperate with the Global South|Panel 2 Summary|Panel III : The Peace Movement Worldwide Above Party Lines; The Special Case of the United States; The Role of the Vatican and the Global South|Panel 3 Summary|Panel IV: A Culture To Emancipate and Expand the Creative Capacities of Every Human Being; A Dialogue among Cultures and Civilizations|Panel 4 Summary,,14,1,,2023-07-08-strasbourg-european-conference,conference-map,added for the 13 per-talk text posts (97463-97916) reclassified si_presentation; no YT playlist found,0/5,2886,named in the reviewed conference-map as this conference’s WP match,1,1,attach:2023-07-08-strasbourg-european-conference,,,
65126,A,en,22133,2020-12-11,conference-the-world-after-the-u-s-election-creating-a-world-based-on-reason,Conference: The World after the U.S. Election Creating A World Based on Reason 12-13 December 2020,/blog/2020/12/11/conference-the-world-after-the-u-s-election-creating-a-world-based-on-reason/,R4,post,4,jYW8pPG9PJw|tCCDBK4cgKE|ts3pLWoledE|DQ-gngOx1HE,0,,,0,1,est,2020-december-2020-world-after,conference-map,match score 9: Conference: The World after the U.S. Election Creating A World Based o; dates are proposals — fix start/end,3/4,380,named in the reviewed conference-map as this conference’s WP match,1,1,attach:2020-december-2020-world-after,,,
81913,A,en,155793,2021-11-11,conference-all-moral-resources-of-humanity-have-to-be-called-up-mankind-must-be-the-immortal-species,Conference: All Moral Resources of Humanity Have To Be Called Up: Mankind Must Be the Immortal Species!,/blog/2021/11/11/conference-all-moral-resources-of-humanity-have-to-be-called-up-mankind-must-be-the-immortal-species/,R9,post,4,XMS4fI8hYbE|U2jhXuyvQ1E|gMtyQjyfanE|25Dp8Hi5cBc,0,"Panel 1 — Saturday, November 13, 10am EST Can a Strategic Crisis Between the Major Powers Be Avoided?|Panel 2: Saturday, November 13, 2pm EDT The Science of Physical Economy|Panel 3: Sunday, November 14, 10am EST There Are No Limits to Growth in the Universe|Panel 4: Sunday, November 14, 2pm EST The Beauty of True Human Culture|Part 2 of Panel 1|Part 2 of Panel 2",Question and Answer Session|Question and Answer Session to include discussants:|Question and Answer Session with discussants:|Question and Answer Session - to include discussant:|Question and Answer Session|Question and Answer Session,0,1,edt|est,2021-mankind-immortal-species,conference-map,match score 3: Conference: All Moral Resources of Humanity Have To Be Called Up: Mank; dates are proposals — fix start/end,3/4,1193,named in the reviewed conference-map as this conference’s WP match,1,1,attach:2021-mankind-immortal-species,,,
96288,A,en,158382,2023-04-14,conference-without-the-development-of-all-nations-there-can-be-no-lasting-peace-for-the-planet,"Conference: Without the Development of All Nations, There Can Be No Lasting Peace for the Planet",/blog/2023/04/14/conference-without-the-development-of-all-nations-there-can-be-no-lasting-peace-for-the-planet/,R9,post,4,4HDUvJEbpgo|I0NZoy6jmT4|kVoEOZuwunk|nlcCYQqAELY,0,"Panel 1 — Saturday, April 15, 9am EDT, 3pm CET|Panel 2 — Saturday, April 15, 1pm EDT, 7pm CET|Panel 3 — Sunday, April 16, 9am EDT, 3pm CET|Panel 4 — Sunday, April 16, 1pm EDT, 7pm CET",,0,1,cet|edt,2023-without-development-nations-there,conference-map,"match score 7: Conference: Without the Development of All Nations, There Can Be No La; dates are proposals — fix start/end",4/4,886,named in the reviewed conference-map as this conference’s WP match,1,1,attach:2023-without-development-nations-there,,,
105713,A,en,159724,2024-12-06,conference-in-the-spirit-of-schiller-and-beethoven-all-men-become-brethren,Conference: In the Spirit of Schiller and Beethoven: All Men Become Brethren!,/blog/2024/12/06/conference-in-the-spirit-of-schiller-and-beethoven-all-men-become-brethren/,R4,post,4,pPRUHXXnyIQ|3cEmeoenoaA|S9ltnjy5W4Q|Hi2cUOmeveQ,0,"Panel 1: The Strategic Crisis: New and Final World War, or a New Paradigm of the One Humanity? Saturday, December 7, 9:00 am EST; 15:00 hrs. CET|Panel 2: The Great Projects To Overcome the Migrant Crisis; The New, Quality Productive Forces; A New Just World Economic Order Saturday, December 7, 1:00 pm EST; 19:00 hrs. CET|Panel 3: The Science Drivers of Physical Economy Today Sunday, December 8, 9:00 am EST; 15:00 hrs. CET|Panel 4: The Beauty of the Cultures of the World: A Dialogue Among Civilizations Sunday, December 8, 1:00 pm EST; 19:00 hrs. CET",,0,1,cet|est,2024-spirit-beethoven-become-brethren,conference-map,match score 4: Conference: In the Spirit of Schiller and Beethoven: All Men Become Br; dates are proposals — fix start/end,4/4,588,named in the reviewed conference-map as this conference’s WP match,1,1,attach:2024-spirit-beethoven-become-brethren,,,
34087,A,en,18050,2016-04-11,manhattan-conference-building-a-world-land-bridge-realizing-mankinds-true-humanity-april-7th,"Manhattan Conference: Building A World Land-Bridge—Realizing Mankind's True Humanity, April 7th",/blog/2016/04/11/manhattan-conference-building-a-world-land-bridge-realizing-mankinds-true-humanity-april-7th/,R3,post,3,twOn1KeB4HA|ysuQRLg6i3Q|h56VwMTzfQ0,0,Panel I|Panel II|Panel III,,0,1,,2016-building-world-land-bridge|2017-april-2017-silk-road|2017-soden-fulfilling-dream-mankind|2017-symposium-aesthetic-education-humanity,conference-map,match score 1: Manhattan Conference: Building A World Land-Bridge—Realizing Mankind's; dates are proposals — fix start/end ; match score 1: Manhattan Conference: Building A World Land-Bridge—Realizing,3/3,14703,named in the reviewed conference-map as this conference’s WP match,1,1,attach:2016-building-world-land-bridge,,,
60199,A,en,21364,2020-06-26,conference-will-humanity-prosper-or-perish-the-future-demands-a-four-power-summit-now-2,"June 27 Conference: Will Humanity Prosper, or Perish? The Future Demands a 'Four-Power' Summit Now",/blog/2020/06/26/conference-will-humanity-prosper-or-perish-the-future-demands-a-four-power-summit-now-2/,R4,post,3,Y6aDzmwJb7s|gmvQftqGuqM|TEgNPGzmuQ8,0,"Panel I — 10 am EDT “Instead of Geopolitics: The Principles of Statecraft”|Panel II — 1:30pm EDT “Why a 1.5 Billion Productive Jobs Program Can End War, Famine, Poverty, and Disease”|Panel III — 4pm EDT ""The Job of Youth""",,0,1,edt,2020-june-2020-humanity-prosper|2021-june,conference-map,"match score 1: June 27 Conference: Will Humanity Prosper, or Perish? The Future Deman; dates are proposals — fix start/end; alt candidate: id 75460 Video: Invitation to the June 26-27 Conference ; mat",3/3,506,named in the reviewed conference-map as this conference’s WP match,1,1,attach:2020-june-2020-humanity-prosper,,,
62768,A,en,21744,2020-09-24,62768,"Youth Conference —The World Has a Choice: Extinction, or Era of LaRouche",/blog/2020/09/24/62768/,R9,post,2,g2r5rJkkNp4|Ey9g5LzTcz4,0,"Panel 1: “The World Needs the Exoneration of Lyndon LaRouche” 10:00 AM - 1:00 PM EDT|Panel 2: “The Science, Culture, and Great Projects of a Global Renaissance” 2:00 PM - 5:00PM EDT",,0,1,edt|rsvp,2020-september-2020-youth-world,conference-map,"match score 5: Youth Conference —The World Has a Choice: Extinction, or Era of LaRouc; dates are proposals — fix start/end",2/2,235,named in the reviewed conference-map as this conference’s WP match,1,1,attach:2020-september-2020-youth-world,,,
93027,A,en,157624,2022-11-21,conference-stop-the-danger-of-nuclear-war-now,Conference: Stop the Danger of Nuclear War Now,/blog/2022/11/21/conference-stop-the-danger-of-nuclear-war-now/,R9,post,2,zeZj82s19ss|0v4nwCZJlx4,0,Panel 1: Stopping the Doomsday Clock — The Common Good of the One Humanity|Panel 2: Peace Through Development,Question & Answer Session|Question & Answer Session,0,1,,2022-2022-stop-danger-nuclear,conference-map,match score 3: Conference: Stop the Danger of Nuclear War Now; dates are proposals — fix start/end,1/2,591,named in the reviewed conference-map as this conference’s WP match,1,1,attach:2022-2022-stop-danger-nuclear,,,
94709,A,en,157865,2023-02-03,conference-the-age-of-reason-or-the-annihilation-of-humanity,Conference: The Age of Reason or the Annihilation of Humanity?,/blog/2023/02/03/conference-the-age-of-reason-or-the-annihilation-of-humanity/,R9,post,2,yvb5qML-_os|TmWFAdBk-VA,0,"Panel 1 — Saturday, February 4, 10am EDT, 4pm CET|Panel 2 — 2pm EDT, 8pm CET",Question and Answer Session|Question and Answer Session,0,1,cet|edt,2023-february-reason-annihilation-humanity,conference-map,match score 3: Conference: The Age of Reason or the Annihilation of Humanity?; dates are proposals — fix start/end,2/2,606,named in the reviewed conference-map as this conference’s WP match,1,1,attach:2023-february-reason-annihilation-humanity,,,
102742,A,en,159315,2024-06-07,emergency-press-conference-the-danger-of-nuclear-war-is-real,"Emergency Press Conference: The Danger of Nuclear War Is Real, and Must Be Stopped",/blog/2024/06/07/emergency-press-conference-the-danger-of-nuclear-war-is-real/,R9,si_video,2,aOrmFJXyAVI|UT3-K8Pme7o,0,,,0,1,live stream|rsvp,2024-press-danger-nuclear-real,conference-map,"match score 5: Emergency Press Conference: The Danger of Nuclear War Is Real, and Mus; dates are proposals — fix start/end",1/2,1125,named in the reviewed conference-map as this conference’s WP match,1,1,attach:2024-press-danger-nuclear-real,,,same-trid sibling(s) not flagged: 102777 — decide the whole group
46466,A,en,19411,2018-04-05,a-dialogue-of-three-presidencies-bending-the-arc-of-the-moral-universe-toward-justice,A Dialogue of Three Presidencies: Bending the Arc of the Moral Universe Toward Justice,/blog/2018/04/05/a-dialogue-of-three-presidencies-bending-the-arc-of-the-moral-universe-toward-justice/,R9,post,1,90SAushN6qs,0,,,0,0,est,2018-april-manhattan-dialogue-three,conference-map,no WP match; dates are proposals — fix start/end; match: post 46466 A Dialogue of Three Presidencies; FLAG(mk): action=create_only yet wp_match_type=post id 46466 present — machine-set inconsistency p,1/1,300,named in the reviewed conference-map as this conference’s WP match,1,1,attach:2018-april-manhattan-dialogue-three,,,
46936,A,en,19502,2018-07-03,schiller-institute-conference-in-bad-soden-panel-1,Schiller Institute Conference in Bad Soden: Panel 1,/blog/2018/07/03/schiller-institute-conference-in-bad-soden-panel-1/,R9,post,1,i4SlJy4KjEI,0,,,0,1,,2017-francais-soden|2019-november-2019-soden,conference-map,match score 1: Schiller Institute Conference in Bad Soden: Panel 1; dates are proposals — fix start/end ; match score 1: Schiller Institute Conference in Bad Soden: Panel 1; dates are proposals — fix ,1/1,52,named in the reviewed conference-map as this conference’s WP match,1,1,attach:2017-francais-soden,,,
92344,A,en,157529,2022-10-25,conference-for-world-peace-stop-the-danger-of-world-peace,Conference: For World Peace — Stop the Danger of World War,/blog/2022/10/25/conference-for-world-peace-stop-the-danger-of-world-peace/,R9,post,1,EPzf4bpsrko,0,,Speakers include:,0,1,edt,2023-january-stop-nato-world,conference-map,match score 2: Conference: For World Peace — Stop the Danger of World War; dates are proposals — fix start/end; alt candidate: id 94644 Conference Invitation: Building an Alternative to ,0/1,572,named in the reviewed conference-map as this conference’s WP match,1,1,attach:2023-january-stop-nato-world,,,
19579,A,de,16640,2014-09-08,seidenstrassenkonferenz-in-beijing-helga-zepp-larouche-spricht-ueber-prinzipien-der-neuen-weltwirtschaftsordnung,Seidenstraßenkonferenz in Beijing: Helga Zepp-LaRouche spricht über Prinzipien der neuen Weltwirtschaftsordnung,/blog/2014/09/08/seidenstrassenkonferenz-in-beijing-helga-zepp-larouche-spricht-ueber-prinzipien-der-neuen-weltwirtschaftsordnung/,R9,post,0,,0,,,0,0,,2015-neue-seidenstra-beginn-einer,conference-map,match score 3: Seidenstraßenkonferenz in Beijing: Helga Zepp-LaRouche spricht über Pr; dates are proposals — fix start/end; alt candidate: id 25933 Berlin Konferenz,0/0,313,named in the reviewed conference-map as this conference’s WP match,1,1,attach:2015-neue-seidenstra-beginn-einer,,,
34132,A,de,18050,2016-04-11,manhattan-conference-building-a-world-land-bridge-realizing-mankinds-true-humanity-april-7th,Landbrücken-Konferenz des Schiller-Instituts in New York,/blog/2016/04/11/manhattan-conference-building-a-world-land-bridge-realizing-mankinds-true-humanity-april-7th/,R9,post,0,,1,,,0,1,,2016-york-september-2016-memorial,conference-map,match score 1: Landbrücken-Konferenz des Schiller-Instituts in New York; dates are proposals — fix start/end; alt candidate: id 34203 Conference Berlin 2016 June 25-26,0/0,455,named in the reviewed conference-map as this conference’s WP match,1,1,attach:2016-york-september-2016-memorial,,,
47338,A,en,19554,2018-07-15,helga-zepp-larouche-spricht-bei-konferenz-des-mandela-instituts,Helga Zepp-LaRouche Addresses Institut Mandela Conference in Paris,/blog/2018/07/15/helga-zepp-larouche-spricht-bei-konferenz-des-mandela-instituts/,R9,post,0,,0,,,0,1,,2017-paris-octobre-2017,conference-map,match score 1: Helga Zepp-LaRouche Addresses Institut Mandela Conference in Paris; dates are proposals — fix start/end,0/0,3586,named in the reviewed conference-map as this conference’s WP match,1,1,attach:2017-paris-octobre-2017,,,same-trid sibling(s) not flagged: 47326 — decide the whole group
60668,A,en,21422,2020-07-12,schiller-institute-representative-participates-in-major-china-arab-world-conference,Schiller Institute Representative Participates in Major China-Arab World Conference,/blog/2020/07/12/schiller-institute-representative-participates-in-major-china-arab-world-conference/,R9,post,0,,0,,,0,1,,2021-march-world-crossroad-months,conference-map,match score 1: Schiller Institute Representative Participates in Major China-Arab Wor; dates are proposals — fix start/end; alt candidate: id 73868 Conference: The Moral Collapse of the Trans-Atlant,0/0,409,named in the reviewed conference-map as this conference’s WP match,1,1,attach:2021-march-world-crossroad-months,,,same-trid sibling(s) not flagged: 60695 — decide the whole group
62334,A,de,21661,2020-09-10,internationale-pressemitteilung-schiller-institut-haelt-bahnbrechende-konferenz-ab,Internationale Pressemitteilung: Schiller-Institut hält bahnbrechende Konferenz ab,/blog/2020/09/10/internationale-pressemitteilung-schiller-institut-haelt-bahnbrechende-konferenz-ab/,R4,si_statement,0,,0,,,0,1,,2019-presidents-national-2019,conference-map,match score 1: Internationale Pressemitteilung: Schiller-Institut hält bahnbrechende ; dates are proposals — fix start/end,0/0,818,named in the reviewed conference-map as this conference’s WP match,1,1,attach:2019-presidents-national-2019,,,
63165,A,en,21803,2020-10-13,conference-china-and-the-west-face-to-face-rivalry-or-cooperation,"Conference: China and the West Face to Face: Rivalry or Cooperation -- October 21, 2020",/blog/2020/10/13/conference-china-and-the-west-face-to-face-rivalry-or-cooperation/,R9,post,0,,0,,Speakers:,0,1,register here|rsvp,2020-april-2020,conference-map,match score 1: Conference: China and the West Face to Face: Rivalry or Cooperation --; dates are proposals — fix start/end,0/0,344,named in the reviewed conference-map as this conference’s WP match,1,1,attach:2020-april-2020,,,
85224,A,en,156383,2022-02-23,petition-convoke-an-international-conference-to-establish-a-new-security-and-development-architecture-for-all-nations,PETITION: Convoke an International Conference to Establish A New Security and Development Architecture for All Nations,/blog/2022/02/23/petition-convoke-an-international-conference-to-establish-a-new-security-and-development-architecture-for-all-nations/,R6,si_statement,0,,0,,,0,1,,2022-april-2022-establish-security,conference-map,match score 5: PETITION: Convoke an International Conference to Establish A New Secur; dates are proposals — fix start/end,0/0,665,named in the reviewed conference-map as this conference’s WP match,1,1,attach:2022-april-2022-establish-security,,,same-trid sibling(s) not flagged: 85261 — decide the whole group
88412,A,en,156959,2022-06-17,conference-there-can-be-no-peace-without-the-bankruptcy-reorganization-of-the-dying-trans-atlantic-financial-system,Conference: There Can Be No Peace Without the Bankruptcy Reorganization of the Dying Trans-Atlantic Financial System,/blog/2022/06/17/conference-there-can-be-no-peace-without-the-bankruptcy-reorganization-of-the-dying-trans-atlantic-financial-system/,R9,post,0,,4,,Moderator: Stephan Ossenkopp,0,1,,2022-there-peace-without-bankruptcy,conference-map,match score 10: Conference: There Can Be No Peace Without the Bankruptcy Reorganizatio; dates are proposals — fix start/end,0/0,681,named in the reviewed conference-map as this conference’s WP match,1,1,attach:2022-there-peace-without-bankruptcy,,,
91162,A,en,157363,2022-09-09,conference-inspiring-humanity-to-survive-the-greatest-crisis-in-world-history,Conference: Inspiring Humanity to Survive the Greatest Crisis in World History,/blog/2022/09/09/conference-inspiring-humanity-to-survive-the-greatest-crisis-in-world-history/,R9,post,0,,4,"Panel 1 — 10am EDT, 4pm CET|Panel 2 — 2pm EDT, 8pm CET|Panel 3 — 10am EDT, 4pm CET|Panel 4 — 2pm EDT, 8pm CET",Moderator: Dennis Small,0,1,cet|edt,2022-inspiring-humanity-survive-greatest,conference-map,match score 7: Conference: Inspiring Humanity to Survive the Greatest Crisis in World; dates are proposals — fix start/end,0/0,401,named in the reviewed conference-map as this conference’s WP match,1,1,attach:2022-inspiring-humanity-survive-greatest,,,
92773,A,de,157582,2022-11-13,schiller-institut-spricht-bei-brics-forschungskonferenz,Schiller-Institut spricht bei BRICS-Forschungskonferenz,/blog/2022/11/13/schiller-institut-spricht-bei-brics-forschungskonferenz/,R9,post,0,,0,,,0,0,,2023-strategic-situation-after-historic,conference-map,match score 1: Schiller-Institut spricht bei BRICS-Forschungskonferenz; dates are proposals — fix start/end,0/0,933,named in the reviewed conference-map as this conference’s WP match,1,1,attach:2023-strategic-situation-after-historic,,,
98310,A,en,158684,2023-08-11,conference-let-us-join-hands-with-the-global-majority-to-create-a-new-chapter-in-world-history,Conference: Let us Join Hands with the Global Majority To Create a New Chapter in World History!,/blog/2023/08/11/conference-let-us-join-hands-with-the-global-majority-to-create-a-new-chapter-in-world-history/,R4,post,0,,0,,,0,1,,2023-join-hands-global-majority,conference-map,match score 8: Conference: Let us Join Hands with the Global Majority To Create a New; dates are proposals — fix start/end,0/0,581,named in the reviewed conference-map as this conference’s WP match,1,1,attach:2023-join-hands-global-majority,,,same-trid sibling(s) not flagged: 98417 — decide the whole group
105075,A,en,159607,2024-10-23,helga-zepp-larouche-raises-nuclear-war-danger-at-berlin-china-europe-conference-on-human-rights,Helga Zepp-LaRouche Raises Nuclear War Danger at Berlin China-Europe Conference on Human Rights,/blog/2024/10/23/helga-zepp-larouche-raises-nuclear-war-danger-at-berlin-china-europe-conference-on-human-rights/,R5.1,si_coverage,0,,0,,,0,1,,2025-berlin-wolf-paradigm-relations,conference-map,match score 1: Helga Zepp-LaRouche Raises Nuclear War Danger at Berlin China-Europe C; dates are proposals — fix start/end; alt candidate: id 109737 Berlin Konferenz,0/0,242,named in the reviewed conference-map as this conference’s WP match,1,1,attach:2025-berlin-wolf-paradigm-relations,,,same-trid sibling(s) not flagged: 105077 — decide the whole group
58317,B,de,21085,2020-03-29,conference-mankinds-existence-now-depends-on-the-establishment-of-a-new-paradigm,Internet-Konferenz: Die Existenz der Menschheit hängt jetzt von der Schaffung eines neuen Paradigmas ab!,/blog/2020/03/29/conference-mankinds-existence-now-depends-on-the-establishment-of-a-new-paradigm/,R4,post,33,9s60KEnSYhg|wYRQ6Q4UriA|lKR-bJnFjA4|iDfdrUg1qFY|LxLY6WAXlKU|tagOANCLcNU|pqUYC4xoG5w|RPPHhwtagdU|RN3Hf84j0Ss|So_bEpbsdYE|8eE3SCq3SV4|loxbJ23KrHs|Z7dHLFMznlk|P2j_9ko205U|SmIiVvqjtIQ|a3V_u--afPM|ZmUXH-8N3QM|v2xpc2gGhcc|uuHAKhxuEbA|Bi9d31Tosjk|cp1kt-hmIbc|R93Se1ClB9s|pKTspw4UBmQ|Z1GRTb6Nt60|D3WRFjKGNT0|hwXE1rKAv0c|g7cGiOvl68w|4ZErz372yuk|0k3bI3gzOwY|iP4DJUok9Uo|rUrXMwPS3OM|YHQNNTphZs8|f_LVVdaIkA0,2,,,0,1,,,,,0/33,33970,multi-video record (33 embeds) + programme structure,1,1,conference,,,
41722,B,en,18737,2017-07-14,symposium-aesthetic-education-humanity-music-concluding-event-two-day-tribute-sylvia-olden-lee,"Symposium:  ""The Aesthetic Education of Humanity Through Music"" Concluding Event of Two Day Tribute to Sylvia Olden Lee",/blog/2017/07/14/symposium-aesthetic-education-humanity-music-concluding-event-two-day-tribute-sylvia-olden-lee/,R9,post,12,zjHA4tcULsQ|V9qifdjwmfU|naQv290kjPc|bJgrzGJMEAM|QrAHjHmwLo8|6GUmA55J4hE|EN9EMFCO8zY|WjyHGyBMduU|ILnjs6DxPtE|PebY03U8jQs|9dQudoJRcy8|em2Ns7W2yIE,0,,,0,1,took place,2017-symposium-aesthetic-education-humanity,video-segmentation,,11/12,727,embeds video(s) already segmented under conference 2017-symposium-aesthetic-education-humanity,1,1,attach:2017-symposium-aesthetic-education-humanity,,,
94686,B,en,157862,2023-02-02,february-4-conference-invitations-in-support-of-pope-franciss-initiative-for-peace-negotiations,February 4 Conference Invitations— In Support of Pope Francis's Initiative for Peace Negotiations,/blog/2023/02/02/february-4-conference-invitations-in-support-of-pope-franciss-initiative-for-peace-negotiations/,R9,post,11,y7xqXhMWDPg|nI6cmp4h0OY|EylyTR0UG8o|GxyogMEYuzI|9kxvX8yCJG8|10F_dK9Rm3U|Z0h3DUQKhDY|-1q-6DRw264|uYQrwWAqrZ4|FhkN6KIoUgs|bbsJ2jzuGnQ,0,,,0,1,,2023-february-reason-annihilation-humanity,video-segmentation,,2/11,62,embeds video(s) already segmented under conference 2023-february-reason-annihilation-humanity,1,1,attach:2023-february-reason-annihilation-humanity,,,
48943,B,de,19812,2018-10-25,seminar-in-berlin-felix-jemen-statt-volkermord,Seminar in Berlin: „Felix Jemen“ statt Völkermord!,/blog/2018/10/25/seminar-in-berlin-felix-jemen-statt-volkermord/,R9,post,8,0gCAT1AKQjQ|v7oVtOdwyf0|LROO1miF28U|UBC4yXkJ1Uc|_6JA_D0RRqQ|o7AxuWG3Mg0|AjAHG0oaWRg|Du1QzcR30wg,0,,,0,1,,,,,0/8,1642,multi-video record (8 embeds) + programme structure,1,1,conference,,,
55610,B,en,20735,2019-09-04,schiller-institute-seminar-the-role-of-the-belt-road-in-peace-and-stability-in-west-asia-africa,Schiller Institute Seminar: The Role of the Belt & Road in Peace and Stability in West Asia & Africa,/blog/2019/09/04/schiller-institute-seminar-the-role-of-the-belt-road-in-peace-and-stability-in-west-asia-africa/,R9,post,8,9pRjqB_o1ag|Ms_eanj_5SU|2vrt1seg5mw|TPyii7MuZhE|d5xaJsJFbiw|bNw22dx2CHI|FowWPQHtU14|uUvTDRcpV3c,0,,,0,1,,,,,0/8,830,multi-video record (8 embeds) + programme structure,1,1,conference,,,
55839,B,de,20766,2019-09-16,seminar-ein-rationaler-dialog-uber-die-ausenpolitischen-absichten-chinas,Seminar: Ein rationaler Dialog über die außenpolitischen Absichten Chinas,/blog/2019/09/16/seminar-ein-rationaler-dialog-uber-die-ausenpolitischen-absichten-chinas/,R9,post,8,9pRjqB_o1ag|Ms_eanj_5SU|2vrt1seg5mw|TPyii7MuZhE|d5xaJsJFbiw|bNw22dx2CHI|FowWPQHtU14|uUvTDRcpV3c,0,,,0,1,,,,,0/8,978,multi-video record (8 embeds) + programme structure,1,1,conference,,,
60226,B,de,21364,2020-06-26,conference-will-humanity-prosper-or-perish-the-future-demands-a-four-power-summit-now-2,27. Juni Konferenz: Wird die Menschheit prosperieren oder untergehen? Die Zukunft erfordert ein sofortiges Vier-Mächte-Gipfeltreffen,/blog/2020/06/26/conference-will-humanity-prosper-or-perish-the-future-demands-a-four-power-summit-now-2/,R4,post,7,JYi9PbT5l5w|kBA5V7e-p0c|NWpX3bhtWPY|bDL_Y1PwnNc|VdjN0YftTP4|peLgTkegS-Q|qOW9yUm2s1A,0,"Panel I — „Statt Geopolitik: Die Prinzipien der Staatskunst“|Panel II — „Produzenten der Welt, vereinigt euch! Warum ein Programm für 1,5 Milliarden produktive Arbeitsplätze Krieg, Hunger, Armut und Krankheit beenden kann“|Panel III — „Die Aufgabe der Jugend“",,0,1,,,,,0/7,19469,multi-video record (7 embeds) + programme structure,1,1,conference,,,
61731,B,de,21562,2020-08-13,conference-war-drive-towards-armageddon-or-a-new-paradigm-among-sovereign-nations-united-by-the-common-aims-of-mankind,"Internet-Konferenz: Kriegstreiberei bis zum Armageddon oder ein neues Paradigma souveräner Nationen, geeint durch die gemeinsamen Ziele der Menschheit?",/blog/2020/08/13/conference-war-drive-towards-armageddon-or-a-new-paradigm-among-sovereign-nations-united-by-the-common-aims-of-mankind/,R9,post,6,CrLqysvTPCw|aiaa0DkUifE|p4ddlnKJPKg|TPT6OLRb7MA|3wSOLdDY1rY|y71F7QeFtMo,0,,,0,1,,,,,0/6,6347,multi-video record (6 embeds) + programme structure,1,1,conference,,,
63230,B,de,21803,2020-10-13,conference-china-and-the-west-face-to-face-rivalry-or-cooperation,Internationale Konferenz des Schiller-Instituts am 21. Oktober: „China und der Westen von Angesicht zu Angesicht: Rivalität oder Kooperation“,/blog/2020/10/13/conference-china-and-the-west-face-to-face-rivalry-or-cooperation/,R5.1,post,6,7Pjc5g6ZCNE|RSK0Iuneoho|DOlNjFv5fY0|JMBEGgwwAkE|gEsyqmzAGjM|YNkrlvtqwJ0,2,,,0,1,,,,,0/6,256,multi-video record (6 embeds) + programme structure,1,1,conference,,,
109312,B,de,159880,2025-05-12,konferenzeinladung-eine-schoene-vision-fuer-die-menschheit-in-zeiten-grosser-turbulenzen,Konferenzeinladung: „Eine schöne Vision für die Menschheit in Zeiten großer Turbulenzen!“,/blog/2025/05/12/konferenzeinladung-eine-schoene-vision-fuer-die-menschheit-in-zeiten-grosser-turbulenzen/,R9,post,6,tV3u_L8XHbA|TkYe83h9erY|QeW8Qfy20r0|EJzkzHkw8tg|gAQ_9NIFPFs|t1Wo8E7nheA,0,Panel 1: Strategische Herausforderungen und die entstehende neue Weltordnung|Panel 2: Die Schönheit der kulturellen Vielfalt|Panel 3: Der LaRouche-Oasenplan: Treiber für das LaRouche-Programm für 3 Milliarden neue produktive Arbeitsplätze|Panel 4: Die LaRouche Legacy Foundation über die Aktualität von LaRouches Ideen|Panel 5: Die nächsten 50 Jahre der Erde gestalten|Panel 6: Die Macht der Vernunft zur Veränderung des Universums,,0,1,,,,,0/6,1784,multi-video record (6 embeds) + programme structure,1,1,conference,,,
112952,B,en,160412,2025-11-07,live-nov-8-9-international-conference-the-emancipation-of-africa-and-the-world-majority-a-challenge-for-europe,"Live - Nov 8/9 international conference: The Emancipation of Africa and the World Majority, A Challenge for Europe",/blog/2025/11/07/live-nov-8-9-international-conference-the-emancipation-of-africa-and-the-world-majority-a-challenge-for-europe/,R9,post,6,Y1KKogDOdFI|_z4_Txl6uXI|e8zw35F4OYA|wdCc0vJ0bv4|CmK6JicLjRI|irlvdNp6mHE,0,Panel 1 from 3.30 a.m. (ET)|Panel 2 from 9 am (ET)|Panel 3 from 12.15 pm (ET) p.m.|Panel 4 from 4 a.m. (ET)|Panel 5 from 7:30 am (ET)|Panel 6 from 12.30 pm (ET),Moderator :|Speakers :|Moderator :|Speakers :|Moderator :|Speakers :|Concert,0,1,cet|register now|will take place,,,,0/6,1331,multi-video record (6 embeds) + programme structure,1,1,conference,,,
34159,B,en,18056,2016-06-15,strategic-seminar,Strategic Seminar,/blog/2016/06/15/strategic-seminar/,R9,post,5,vcUoWGJXP-8|PYxWZeBvaJ0|M1KqdVgOrII|IZFTjVstSV4|QGQGkU-U1fI,0,,,0,1,,2016-francisco-june-2016-strategic,video-segmentation,,5/5,83,embeds video(s) already segmented under conference 2016-francisco-june-2016-strategic,1,1,attach:2016-francisco-june-2016-strategic,,,
54861,B,en,20641,2019-07-09,conference-apollo-50,Conference: APOLLO +50,/blog/2019/07/09/conference-apollo-50/,R4,post,5,6G_mx9ix68I|NDg9RXuPWqM|SUcjqOF_-qM|8zaqak6caOA|Q_f_Pqe1VxA,0,Keynote: Helga Zepp-LaRouche,,0,1,,,,,0/5,867,multi-video record (5 embeds) + programme structure,1,1,conference,,,
58258,B,en,21085,2020-03-29,conference-mankinds-existence-now-depends-on-the-establishment-of-a-new-paradigm,Conference: Mankind’s Existence Now Depends on the Establishment of a New Paradigm!,/blog/2020/03/29/conference-mankinds-existence-now-depends-on-the-establishment-of-a-new-paradigm/,R4,post,4,_OCAxLIpAMY|xQlZ-2CcXiY|cy0uh-BYs7s|iVAUkB8zCqc,0,Panel 1: The Urgent Need to Replace Geopolitics with a New Paradigm in International Relations|Panel 2: For a Better Understanding of How Our Universe Functions|Panel 3: Creativity as the Distinctive Characteristic of Human Culture: The Need for a Classical Renaissance|Panel 4: The Science of Physical Economy|Panel 2: For a Better Understanding of How Our Universe Functions|Panel 4: The Science of Physical Economy,Concert Playlist,0,1,cest|cet|edt,2020-april-2020,video-segmentation,,4/4,1063,embeds video(s) already segmented under conference 2020-april-2020,1,1,attach:2020-april-2020,,,
61582,B,en,21562,2020-08-13,conference-war-drive-towards-armageddon-or-a-new-paradigm-among-sovereign-nations-united-by-the-common-aims-of-mankind,Conference: War Drive Towards Armageddon — Or a New Paradigm Among Sovereign Nations United by the Common Aims of Mankind?,/blog/2020/08/13/conference-war-drive-towards-armageddon-or-a-new-paradigm-among-sovereign-nations-united-by-the-common-aims-of-mankind/,R9,post,4,np673ypliKM|Ypi6aVv0Wjk|XaztvOo-as4|tV-OyuNg1x4,0,PANEL I (Saturday 10:00 a.m. - 2:00 p.m. EDT) Overcoming Geopolitics: Why a P-5 Summit Is Urgently Needed Now|PANEL II (Saturday 3:00 p.m. - 6:00 p.m. EDT) The Role of Science in Creating Mankind’s Future|PANEL III (Sunday 10:00 a.m. - 2:00 p.m. EDT): The Belt and Road Initiative Becomes the World Land-Bridge: FDR’s Unfinished Business|PANEL IV (Sunday 3:00 p.m. - 6:00 p.m. EDT): Building Trust in International Relations: The Role of Classical Culture and Combating World Famine,,0,1,edt,,,,0/4,607,multi-video record (4 embeds) + programme structure,1,1,conference,,,
65170,B,de,22133,2020-12-11,conference-the-world-after-the-u-s-election-creating-a-world-based-on-reason,"Konferenz: ""Die Welt nach den US-Wahlen- Eine Welt auf der Basis von Vernunft schaffen""",/blog/2020/12/11/conference-the-world-after-the-u-s-election-creating-a-world-based-on-reason/,R4,post,4,H5xcTdeiDU8|zZdu7bRYKAY|4zkgpKzHbRM|UdKqeqShu2I,0,,,0,1,uhr mez,,,,0/4,616,multi-video record (4 embeds) + programme structure,1,1,conference,,,
70091,B,de,153602,2021-03-08,internetkonferenz-des-schiller-instituts-am-20-und-21-maerz-2021,Ab 15.00 Uhr live: Internetkonferenz des Schiller-Instituts,/blog/2021/03/08/internetkonferenz-des-schiller-instituts-am-20-und-21-maerz-2021/,R3,si_video,4,KcduPjapbRc|83Kzsg20gAo|6XN34NZqLgw|MRMsLajli84,0,,,0,0,edt|uhr mez,2021-march-world-crossroad-months,video-segmentation,,3/4,724,embeds video(s) already segmented under conference 2021-march-world-crossroad-months,1,1,attach:2021-march-world-crossroad-months,,,
94700,B,de,157862,2023-02-03,einladungen-zur-schiller-insitut-konferenz-am-4-februar-unterstuetzung-fuer-papst-franziskus-initiative-fuer-friedensverhandlungen,Einladungen zur Schiller-Insitut Konferenz am 4. Februar - Unterstützung für Papst Franziskus Initiative für Friedensverhandlungen,/blog/2023/02/03/einladungen-zur-schiller-insitut-konferenz-am-4-februar-unterstuetzung-fuer-papst-franziskus-initiative-fuer-friedensverhandlungen/,R9,post,4,yhf7lFNqkzc|GGqo1sSL_QE|lgQTNIrX9D8|tb7bwAoo-9I,0,,,0,1,einladung,,,,0/4,82,multi-video record (4 embeds) + programme structure,1,1,conference,,,
105267,B,de,159634,2024-11-05,konferenz-7-8-dezember-2024,Konferenz: Im Geiste Schillers und Beethovens: Alle Menschen werden Brüder!,/blog/2024/11/05/konferenz-7-8-dezember-2024/,R9,post,4,e8Zo09h3Xak|YM7-WTBJxz0|PW12X-toSb8|e72bkr3RvK0,1,,,0,1,,,,,0/4,36705,multi-video record (4 embeds) + programme structure,1,1,conference,,,
116781,B,en,160760,2026-06-01,the-end-of-500-years-of-colonialism-for-a-dialogue-of-civilizationsthe-urgency-of-a-new-global-security-and-development-architecture,The End of 500 Years of Colonialism -For a Dialogue of CivilizationsThe Urgency of a New Global Security and Development Architecture,/blog/2026/06/01/the-end-of-500-years-of-colonialism-for-a-dialogue-of-civilizationsthe-urgency-of-a-new-global-security-and-development-architecture/,R9,post,4,k3_wTfYRx7Y|OnK0sx2egRY|HtwN-XyRsvU|DP0ezfyHm9Q,0,Panel 2: Sovereignty and Consensus of the Governed|Panel 3: The End of 500 Years of Colonialism - Part 1|Panel 3: The End of 500 Years of Colonialism - Part 2,"Concert and Dialogue of Civilizations - Artists from China, Russia, Germany, Albania, and others",0,0,,,,,0/4,510,multi-video record (4 embeds) + programme structure,1,1,conference,,,
52052,B,en,20255,2019-02-19,let-us-create-a-new-more-human-epoch-for-mankind-panels-1-3,"Conference: Let Us Create a New, More Human Epoch for Mankind",/blog/2019/02/19/let-us-create-a-new-more-human-epoch-for-mankind-panels-1-3/,R4,post,3,KQcQTMHG1KM|RqtZS8odIpA|qDxilIhSJbw,0,"Panel I — Let Us Create a New, More Human Epoch for Mankind|Panel II — The Aesthetic Education of Man for the Beauty of the Mind and Soul|Panel III — The Frontiers of Science",,0,1,,2019-presidents-national-2019,video-segmentation,,3/3,535,embeds video(s) already segmented under conference 2019-presidents-national-2019,1,1,attach:2019-presidents-national-2019,,,
52304,B,de,20255,2019-02-19,let-us-create-a-new-more-human-epoch-for-mankind-panels-1-3,"Konferenz: Schaffen wir eine neue, menschlichere Epoche für die Menschheit",/blog/2019/02/19/let-us-create-a-new-more-human-epoch-for-mankind-panels-1-3/,R4,post,3,KQcQTMHG1KM|RqtZS8odIpA|qDxilIhSJbw,0,"Panel I — Let Us Create a New, More Human Epoch for Mankind|Panel II — The Aesthetic Education of Man for the Beauty of the Mind and Soul|Panel III — The Frontiers of Science",,0,1,,2019-presidents-national-2019,video-segmentation,,3/3,10661,embeds video(s) already segmented under conference 2019-presidents-national-2019,1,1,attach:2019-presidents-national-2019,,,
79342,B,en,155324,2021-09-08,larouche-at-99,LaRouche at 99,/blog/2021/09/08/larouche-at-99/,R9,post,3,NB7vdEw4Dlk|U0jhT-MHQWw|OGZFtsl0IbA,0,,,0,0,,2013-rescuing-civilization-brink,video-segmentation,,1/3,172,embeds video(s) already segmented under conference 2013-rescuing-civilization-brink,1,1,attach:2013-rescuing-civilization-brink,,,
79417,B,de,155324,2021-09-08,larouche-mit-99-jahren,LaRouche mit 99 Jahren,/blog/2021/09/08/larouche-mit-99-jahren/,R9,post,3,NB7vdEw4Dlk|U0jhT-MHQWw|OGZFtsl0IbA,0,,,0,0,,2013-rescuing-civilization-brink,video-segmentation,,1/3,179,embeds video(s) already segmented under conference 2013-rescuing-civilization-brink,1,1,attach:2013-rescuing-civilization-brink,,,
88595,B,en,156989,2022-06-22,video-compilation-why-friendly-u-s-china-relations-are-good-for-the-world,Video compilation: Why Friendly U.S.–China Relations Are Good for the World!,/blog/2022/06/22/video-compilation-why-friendly-u-s-china-relations-are-good-for-the-world/,R9,si_video,3,CNKwkP5zsOs|pL-ZeLdY5F4|AvMr0v5Nupk,0,,,0,0,,2022-there-peace-without-bankruptcy,video-segmentation,,2/3,394,embeds video(s) already segmented under conference 2022-there-peace-without-bankruptcy,1,1,attach:2022-there-peace-without-bankruptcy,,,
102380,B,en,159269,2024-05-14,copenhagen-diplomatic-seminar-stop-the-killing-and-start-rebuilding-gaza-and-the-region-with-the-oasis-plan-the-larouche-solution-for-peace-through-development,Copenhagen Diplomatic Seminar: Stop the Killing and Start Rebuilding Gaza and the Region with The Oasis Plan: The LaRouche Solution for Peace Through Development,/blog/2024/05/14/copenhagen-diplomatic-seminar-stop-the-killing-and-start-rebuilding-gaza-and-the-region-with-the-oasis-plan-the-larouche-solution-for-peace-through-development/,R3,si_video,3,J_6UnYnKlaQ|1JdtHdq-MNo|5TsDhHu_iEg,1,,,0,1,,,,,0/3,2208,multi-video record (3 embeds) + programme structure,1,1,conference,,,same-trid sibling(s) not flagged: 102650 — decide the whole group
102595,B,de,159301,2024-05-28,einladung-zur-internetkonferenz-des-schiller-instituts-am-15-und-16-juni-2024,Internetkonferenz des Schiller Instituts: Die Welt am Abgrund: Für einen neuen Westfälischen Frieden!,/blog/2024/05/28/einladung-zur-internetkonferenz-des-schiller-instituts-am-15-und-16-juni-2024/,R9,post,3,r2aNR-j0xZQ|GgsIdPKzW08|2ICQBxSGF24,0,Panel 1 : Europa nach den Europawahlen|Panel 2 : Die Entwicklungsbestrebungen der globalen Mehrheit|Panel 3 : Die Auswirkungen der laufenden wissenschaftlichen Revolution|Panel 4 : Der Reichtum der Kulturen der Menschheit und die kommende Goldene Renaissance,,1,0,,,,,0/3,38989,multi-video record (3 embeds) + programme structure,1,1,conference,,,
104830,B,en,159576,2024-10-07,another-step-closer-to-nuclear-armageddon-germany-needs-a-new-security-architecture,Another Step Closer to Nuclear Armageddon — Germany Needs a New Security Architecture,/blog/2024/10/07/another-step-closer-to-nuclear-armageddon-germany-needs-a-new-security-architecture/,R9,post,3,2h78RP0XRJI|8tvKsW9Ft2w|B_6Sk2eMEB4,0,,Speakers:,0,0,,,,,0/3,598,multi-video record (3 embeds) + programme structure,1,1,conference,,,
41895,B,en,18757,2017-07-18,berlin-conference-china-model-implications,Berlin Conference: The China Model and Its Implications,/blog/2017/07/18/berlin-conference-china-model-implications/,R9,post,2,P7XIYP0LvgI|VsbwomlP2o4,0,,,0,1,,,,,0/2,217,multi-video record (2 embeds) + programme structure,1,1,conference,,,
42222,B,en,18804,2017-10-11,replace-british-empires-geopolitics-new-silk-road-helga-zepp-larouche-webcast-thursday-october-12-noon-edt,Webcast: Replace the British Empire's Geopolitics with the New Silk Road,/blog/2017/10/11/replace-british-empires-geopolitics-new-silk-road-helga-zepp-larouche-webcast-thursday-october-12-noon-edt/,R3,si_video,2,MslkvEHnOn0|N2GiDNECywg,0,,,0,1,cet|edt,,,,0/2,289,multi-video record (2 embeds) + programme structure,1,1,conference,,,
42272,B,en,18812,2017-10-17,people-still-unaware-crossroads-human-history-helga-zepp-larouche,"Webcast: ""Most People are still unaware that We are at the Crossroad of Human History"" -- Helga Zepp-LaRouche",/blog/2017/10/17/people-still-unaware-crossroads-human-history-helga-zepp-larouche/,R3,si_video,2,A7HL3i3mgQ4|MslkvEHnOn0,0,,,0,1,cet|edt,,,,0/2,4123,multi-video record (2 embeds) + programme structure,1,1,conference,,,same-trid sibling(s) not flagged: 42299 — decide the whole group
42399,B,en,18829,2017-10-26,british-empire-fear-chinas-belt-road-initiative,Webcast: Why does the British Empire Fear China's Belt and Road Initiative?,/blog/2017/10/26/british-empire-fear-chinas-belt-road-initiative/,R3,si_video,2,E_ZpNlcY2Cs|A7HL3i3mgQ4,0,,,0,1,,,,,0/2,278,multi-video record (2 embeds) + programme structure,1,1,conference,,,
42699,B,en,18875,2017-11-01,weekly-webcast-helga-zepp-larouche-%e2%80%a2-november-1-2017,"Webcast with Helga Zepp-LaRouche • November 2, 2017",/blog/2017/11/01/weekly-webcast-helga-zepp-larouche-%e2%80%a2-november-1-2017/,R3,si_video,2,J-69znVUT3o|E_ZpNlcY2Cs,0,,,0,1,cet|edt,,,,0/2,338,multi-video record (2 embeds) + programme structure,1,1,conference,,,
42833,B,en,18898,2017-11-08,trump-xi-spirit-new-silk-road-webcast-helga-zepp-larouche,"Webcast: Trump, Xi, and the Spirit of the New Silk Road",/blog/2017/11/08/trump-xi-spirit-new-silk-road-webcast-helga-zepp-larouche/,R3,si_video,2,iXPHhO2e9fw|J-69znVUT3o,0,,,0,1,cet|est,,,,0/2,292,multi-video record (2 embeds) + programme structure,1,1,conference,,,
42991,B,en,18920,2017-11-14,president-trumps-asia-trip-new-paradigm,Webcast: President Trump's Asia Trip and The New Paradigm,/blog/2017/11/14/president-trumps-asia-trip-new-paradigm/,R3,si_video,2,bp6mlchuXpI|J-69znVUT3o,0,,,0,1,cet|est,,,,0/2,214,multi-video record (2 embeds) + programme structure,1,1,conference,,,same-trid sibling(s) not flagged: 43046 — decide the whole group
46812,B,en,19482,2018-06-14,nyc-conference-grant-us-peace-through-economic-development,NYC Conference: Grant Us Peace Through Economic Development,/blog/2018/06/14/nyc-conference-grant-us-peace-through-economic-development/,R4,post,2,2OmTcMVeSXs|GkPKVq3xj_o,0,,,0,1,,,,,0/2,179,multi-video record (2 embeds) + programme structure,1,1,conference,,,
50488,B,en,20037,2018-12-19,friedrich-schiller-birthday-celebration-concert,Friedrich Schiller Birthday Celebration Concert,/blog/2018/12/19/friedrich-schiller-birthday-celebration-concert/,R9,post,2,MDLPfbX921Q|N1B27voNUBw,0,,,0,0,,2020-april-2020,video-segmentation,,1/2,156,embeds video(s) already segmented under conference 2020-april-2020,1,1,attach:2020-april-2020,,,
62801,B,de,21744,2020-09-24,62768,Internationale Jugendkonferenz: Die Welt hat eine Wahl: Auslöschung oder die LaRouche-Ära,/blog/2020/09/24/62768/,R9,post,2,CIce48JNtCU|Ey9g5LzTcz4,0,,,0,0,,2020-september-2020-youth-world,video-segmentation,,1/2,217,embeds video(s) already segmented under conference 2020-september-2020-youth-world,1,1,attach:2020-september-2020-youth-world,,,
70864,B,de,153719,2021-03-23,konferenz-die-welt-am-scheideweg-zwei-monate-unter-der-neuen-us-regierung,Konferenz: Die Welt am Scheideweg: Zwei Monate unter der Neuen US-Regierung,/blog/2021/03/23/konferenz-die-welt-am-scheideweg-zwei-monate-unter-der-neuen-us-regierung/,R4,post,2,Jfo50fdEwTo|xJcEFRI06Ko,3,,,1,1,,,,,0/2,788,multi-video record (2 embeds) + programme structure,1,1,conference,,,
76576,B,de,154832,2021-07-10,larouche-legacy-foundation-veranstaltet-internetseminar-sind-sie-endlich-bereit-etwas-ueber-wirtschaft-zu-lernen,"LaRouche Legacy Foundation veranstaltet Internetseminar: Sind Sie endlich bereit, etwas über Wirtschaft zu lernen?",/blog/2021/07/10/larouche-legacy-foundation-veranstaltet-internetseminar-sind-sie-endlich-bereit-etwas-ueber-wirtschaft-zu-lernen/,R9,post,2,6SPafm266-s|5bicKvoNFYM,0,Panel 1: „Über LaRouches Entdeckung“|Panel 2: „Die kommenden 50 Jahre der Welt“,,0,0,,,,,0/2,508,multi-video record (2 embeds) + programme structure,1,1,conference,,,same-trid sibling(s) not flagged: 76466 — decide the whole group
76830,B,en,154903,2021-07-15,conference-there-is-no-climate-emergency-apply-the-science-and-economics-of-development-to-stop-blackouts-and-death,Conference: There Is No ‘Climate Emergency’—Apply the Science and Economics of Development to Stop Blackouts and Death,/blog/2021/07/15/conference-there-is-no-climate-emergency-apply-the-science-and-economics-of-development-to-stop-blackouts-and-death/,R9,post,2,yB6UHBSqOdE|zr2YdQArSEg,0,"Panel 1: The Economic Effects of Green MAD -- Mutually Assured Destruction Sat., July 24, 9:00 am EDT; 15:00 hrs. CET|Panel 2: Energy, World Health and the End of War: The Power of Energy Flux Density Sat., July 24, 2:00 pm; 20:00 hrs. CET","Moderator: Dennis Speed (US), The Schiller Institute|Moderator: Dennis Speed (US), The Schiller Institute",0,1,cet|edt,,,,0/2,481,multi-video record (2 embeds) + programme structure,1,1,conference,,,
84720,B,de,156277,2022-02-09,internationale-internetkonferenz-des-schiller-instituts-100-sekunden-vor-mitternacht-auf-der-atomkriegsuhr-wir-brauchen-eine-neue-sicherheitsarchitektur,Internationale Internetkonferenz des Schiller-Instituts: 100 Sekunden vor Mitternacht auf der Atomkriegsuhr - Wir brauchen eine neue Sicherheitsarchitektur!,/blog/2022/02/09/internationale-internetkonferenz-des-schiller-instituts-100-sekunden-vor-mitternacht-auf-der-atomkriegsuhr-wir-brauchen-eine-neue-sicherheitsarchitektur/,R9,post,2,pxbpuXiZ0X8|4oNNmMh2ow4,10,"Panel Eins, 16.00 Uhr (MEZ)|Panel Zwei, 20.00. (MEZ)",,0,0,,,,,0/2,353,multi-video record (2 embeds) + programme structure,1,1,conference,,,
85122,B,en,156360,2022-02-18,conference-100-seconds-to-midnight-on-the-doomsday-clock-we-need-a-new-security-architecture,Conference: 100 Seconds to Midnight on the Doomsday Clock – We Need a New Security Architecture!,/blog/2022/02/18/conference-100-seconds-to-midnight-on-the-doomsday-clock-we-need-a-new-security-architecture/,R9,post,2,pxbpuXiZ0X8|4oNNmMh2ow4,0,"Panel 1 — Saturday, February 19, 10am EST Who and what are driving the rush towards world war? How close are we?|Panel 2 — Saturday, February 19, 2pm EST Crafting a new strategic architecture: The Russian–Chinese Feb. 4 joint agreement, the World Land-Bridge economic development perspective",,0,1,est,,,,0/2,335,multi-video record (2 embeds) + programme structure,1,1,conference,,,
86692,B,en,156624,2022-04-08,conference-for-a-conference-to-establish-a-new-security-and-development-architecture-for-all-nations,Conference: For a Conference to Establish a New Security and Development Architecture for All Nations,/blog/2022/04/08/conference-for-a-conference-to-establish-a-new-security-and-development-architecture-for-all-nations/,R9,post,2,VLpRK_XU6hE|_9k2RlLGkMc,0,Plenary Session|Panel 2 — Economy|Panel 3 — Security|Panel 4 — Development,,0,1,,2022-april-2022-establish-security,video-segmentation,,2/2,468,embeds video(s) already segmented under conference 2022-april-2022-establish-security,1,1,attach:2022-april-2022-establish-security,,,
88723,B,en,157007,2022-06-27,video-compilation-a-new-paradigm-based-on-a-dialogue-of-civilizations-requires-that-we-save-afghanistan,Video Compilation:  A New Paradigm Based on a Dialogue of Civilizations  Requires that We Save Afghanistan,/blog/2022/06/27/video-compilation-a-new-paradigm-based-on-a-dialogue-of-civilizations-requires-that-we-save-afghanistan/,R9,si_video,2,fUpoeDObr8U|-olmYs8LfjY,0,,,0,0,,2022-there-peace-without-bankruptcy,video-segmentation,,1/2,296,embeds video(s) already segmented under conference 2022-there-peace-without-bankruptcy,1,1,attach:2022-there-peace-without-bankruptcy,,,
91937,B,de,157458,2022-10-04,live-veranstaltung-am-7-oktober-stoppen-sie-den-krieg-bevor-es-zu-spaet-ist-beseitigen-sie-die-ursachen-der-kriegsgefahr,"Live-Veranstaltung am 7. Oktober - Stoppen Sie den Krieg, bevor es zu spät ist; beseitigen Sie die Ursachen der Kriegsgefahr",/blog/2022/10/04/live-veranstaltung-am-7-oktober-stoppen-sie-den-krieg-bevor-es-zu-spaet-ist-beseitigen-sie-die-ursachen-der-kriegsgefahr/,R9,si_video,2,_jKI3AZ8QqI|mf0Yp_Qn9dY,0,,,0,1,edt,,,,0/2,270,multi-video record (2 embeds) + programme structure,1,1,conference,,,same-trid sibling(s) not flagged: 91927 — decide the whole group
92168,B,de,157493,2022-10-14,internationale-schiller-institut-praesenz-und-online-konferenz-build-the-new-paradigm-defeat-green-fascism,"Internationale Schiller-Institut Präsenz- und Online-Konferenz: „Build the New Paradigm, Defeat Green Fascism“",/blog/2022/10/14/internationale-schiller-institut-praesenz-und-online-konferenz-build-the-new-paradigm-defeat-green-fascism/,R9,post,2,E_pCGrD24GI|sjRKCTxV0HY,0,Panel 1|Panel 2,,0,1,livestream,,,,0/2,338,multi-video record (2 embeds) + programme structure,1,1,conference,,,
92183,B,en,157497,2022-10-14,conference-build-the-new-paradigm-defeat-green-fascism,"Conference: Build the New Paradigm, Defeat Green Fascism",/blog/2022/10/14/conference-build-the-new-paradigm-defeat-green-fascism/,R9,post,2,E_pCGrD24GI|sjRKCTxV0HY,0,Panel 1|Panel 2,,0,1,edt,,,,0/2,1096,multi-video record (2 embeds) + programme structure,1,1,conference,,,
92703,B,en,157572,2022-11-11,conference-the-physical-economy-of-the-noosphere-reviving-the-heritage-of-vladimir-vernadksy,Conference – The Physical Economy of the Noösphere: Reviving the Heritage of Vladimir Vernadsky,/blog/2022/11/11/conference-the-physical-economy-of-the-noosphere-reviving-the-heritage-of-vladimir-vernadksy/,R9,post,2,Tqj5IEh7d0c|1CKe7BZTqJY,0,Panel 1: 10 am – 1 pm (eastern US time) Vernadsky’s Revolution in Science and Thought|Panel 2: 2 pm – 5 pm (eastern US time) Physical Economy: Developing the Noösphere,,0,1,,,,,0/2,422,multi-video record (2 embeds) + programme structure,1,1,conference,,,
101802,B,en,159197,2024-04-13,conference-the-oasis-plan-the-larouche-solution-for-peace-through-development-between-israel-and-palestine-and-for-all-of-southwest-asia,Conference — The Oasis Plan: The LaRouche Solution for Peace Through Development Between Israel and Palestine and for All of Southwest Asia,/blog/2024/04/13/conference-the-oasis-plan-the-larouche-solution-for-peace-through-development-between-israel-and-palestine-and-for-all-of-southwest-asia/,R9,post,2,56O0m7Jfcqo|RWkv4X41-bs,0,"Panel 1 • 11:00 am EDT • Creating the Conditions for Dialogue, Security, Peace, and Development in Southwest Asia|Panel 2 • 2:30 pm EDT • The Oasis Plan, The Physical Foundation for Economic Development of Southwest Asia",,0,1,edt,,,,0/2,1036,multi-video record (2 embeds) + programme structure,1,1,conference,,,
112810,B,de,160412,2025-10-31,kommende-konferenz-in-paris-die-emanzipation-afrikas-und-der-mehrheit-der-weltbevoelkerung-eine-herausforderung-fuer-europa,Konferenz in Paris: Die Emanzipation Afrikas und der Mehrheit der Weltbevölkerung - eine Herausforderung für Europa,/blog/2025/10/31/kommende-konferenz-in-paris-die-emanzipation-afrikas-und-der-mehrheit-der-weltbevoelkerung-eine-herausforderung-fuer-europa/,R9,post,2,_6sYg2Zxjjo|wdCc0vJ0bv4,11,,Programm,0,1,,,,,0/2,889,multi-video record (2 embeds) + programme structure,1,1,conference,,,
113649,B,en,160500,2025-12-17,young-people-of-the-world-unite-international-online-youth-conference,"Young People of the World, Unite! International Online Youth Conference",/blog/2025/12/17/young-people-of-the-world-unite-international-online-youth-conference/,R9,post,2,7qFtEfEt6Wc|MXZ27H9xddU,0,Panel 1|Panel 2,,15,1,,,,,0/2,909,multi-video record (2 embeds) + programme structure,1,1,conference,,,
114707,B,de,160619,2026-02-12,konferenz-epstein-und-die-grenzenlose-verkommenheit-der-eliten-wir-brauchen-dringend-eine-kulturelle-renaissance,Konferenz: Epstein und die grenzenlose Verkommenheit der „Eliten”: Wir brauchen dringend eine kulturelle Renaissance!,/blog/2026/02/12/konferenz-epstein-und-die-grenzenlose-verkommenheit-der-eliten-wir-brauchen-dringend-eine-kulturelle-renaissance/,R9,post,2,1nF4d9IJ6Rc|OSzXEMWSCQw,0,Panel 1: 8 Uhr (US-Ostküste); 14 Uhr (Mitteleuropa); 21 Uhr (China-Central Standard Time): Auf dem Weg zum Weltuntergang?|Panel 2: 11 Uhr (US-Ostküste); 17 Uhr (Mitteleuropa); 24 Uhr (China-Central Standard Time): Die Menschheit ist eine kreative Spezies!,,0,1,einladung,,,,0/2,1041,multi-video record (2 embeds) + programme structure,1,1,conference,,,
114754,B,en,160619,2026-02-13,register-emergency-zoom-conference-of-the-movement-of-world-citizens,Emergency Zoom Conference of the Movement of World Citizens,/blog/2026/02/13/register-emergency-zoom-conference-of-the-movement-of-world-citizens/,R9,post,2,1nF4d9IJ6Rc|OSzXEMWSCQw,2,Panel 2: 11 a.m. (U.S. EST); 5 p.m. (Europe CET); 12 a.m. (China CST): Mankind Is the Creative Species!,,0,1,cet|est,,,,0/2,1067,multi-video record (2 embeds) + programme structure,1,1,conference,,,
116981,B,en,160854,2026-06-09,the-schiller-institute-releases-video-summaries-of-historic-berlin-conference-of-may-30-31-2026,"The Schiller Institute Releases Video Summaries of Historic Berlin Conference of May 30-31, 2026",/blog/2026/06/09/the-schiller-institute-releases-video-summaries-of-historic-berlin-conference-of-may-30-31-2026/,R9,post,2,4c7INn0mQrI|pizw_fG2hZc,0,,,0,1,,,,,0/2,215,multi-video record (2 embeds) + programme structure,1,1,conference,,,
21824,B,en,16916,2014-10-31,ray-mcgovern-arrested-for-attempting-to-speak-the-truth,Ray McGovern Arrested for Attempting to Attend Speech with Former CIA Director,/blog/2014/10/31/ray-mcgovern-arrested-for-attempting-to-speak-the-truth/,R9,post,1,M0inLlRjAj8,0,,,0,0,,2014-frankfurt-october-2014-30th,video-segmentation,,1/1,336,embeds video(s) already segmented under conference 2014-frankfurt-october-2014-30th,1,1,presentation,,,
46474,B,en,19412,2018-04-05,a-dialogue-of-three-presidencies-bending-the-arc-of-the-moral-universe-toward-justice-2,A Dialogue of Three Presidencies: Bending the Arc of the Moral Universe Toward Justice,/blog/2018/04/05/a-dialogue-of-three-presidencies-bending-the-arc-of-the-moral-universe-toward-justice-2/,R9,post,1,SIvC_Kdvc4E,0,,,0,0,est,2018-april-manhattan-dialogue-three,video-segmentation,,1/1,317,embeds video(s) already segmented under conference 2018-april-manhattan-dialogue-three,1,1,presentation,,,
46948,B,en,19504,2018-07-04,schiller-institute-conference-in-bad-soden-panel-2,Schiller Institute Conference in Bad Soden: Panel 2,/blog/2018/07/04/schiller-institute-conference-in-bad-soden-panel-2/,R9,post,1,O-6e3dmzDoQ,0,,,0,1,,2018-june-july-conf-soden,video-segmentation,,1/1,104,embeds video(s) already segmented under conference 2018-june-july-conf-soden,1,1,presentation,,,
48513,B,en,19736,2018-09-14,conference-towards-a-four-power-agreement-for-a-new-paradigm-of-development-panel-one,Conference: Towards a Four Power Agreement For a 'New Paradigm' of Development — Panel One,/blog/2018/09/14/conference-towards-a-four-power-agreement-for-a-new-paradigm-of-development-panel-one/,R9,post,1,Dea2d0aYZtw,0,,,0,1,,2018-sept-2018,video-segmentation,,1/1,108,embeds video(s) already segmented under conference 2018-sept-2018,1,1,presentation,,,
48536,B,en,19740,2018-09-15,conference-towards-a-four-power-agreement-for-a-new-paradigm-of-development-panel-two,Conference: Towards a Four Power Agreement For a 'New Paradigm' of Development — Panel Two,/blog/2018/09/15/conference-towards-a-four-power-agreement-for-a-new-paradigm-of-development-panel-two/,R9,post,1,Yd26p4179IM,0,,,0,1,,2018-sept-2018,video-segmentation,,1/1,132,embeds video(s) already segmented under conference 2018-sept-2018,1,1,presentation,,,
49514,B,en,19903,2018-11-08,helga-zepp-larouche-in-paris-its-now-or-never-for-the-new-silk-road,"Helga Zepp-LaRouche in Paris: ""It's now or never for the New Silk Road""",/blog/2018/11/08/helga-zepp-larouche-in-paris-its-now-or-never-for-the-new-silk-road/,R3,si_video,1,JWJuY---_oM,0,,,0,0,,2018-paris-november-2018,video-segmentation,,1/1,41,embeds video(s) already segmented under conference 2018-paris-november-2018,1,1,presentation,,,
56267,B,en,20834,2019-11-17,conference-a-time-of-strategic-upheaval-will-europe-be-able-to-help-shape-the-new-paradigm,Conference: A Time of Strategic Upheaval — Will Europe Be Able to Help Shape the New Paradigm? — Panel 1,/blog/2019/11/17/conference-a-time-of-strategic-upheaval-will-europe-be-able-to-help-shape-the-new-paradigm/,R3,si_video,1,UsH88JoVX0U,0,,,0,1,,2019-november-2019-soden,video-segmentation,,1/1,125,embeds video(s) already segmented under conference 2019-november-2019-soden,1,1,presentation,,,
56447,B,de,20834,2019-11-17,conference-a-time-of-strategic-upheaval-will-europe-be-able-to-help-shape-the-new-paradigm,Die Zukunft der Menschheit als kreative Gattung im Universum,/blog/2019/11/17/conference-a-time-of-strategic-upheaval-will-europe-be-able-to-help-shape-the-new-paradigm/,R3,si_video,1,UsH88JoVX0U,0,,,0,0,,2019-november-2019-soden,video-segmentation,,1/1,4461,embeds video(s) already segmented under conference 2019-november-2019-soden,1,1,presentation,,,
58748,B,en,21144,2020-05-01,eating-is-a-moral-right-a-dialogue-with-6-american-farmer-leaders,"Eating Is a Moral Right, A Dialogue with 6 American Farmer Leaders",/blog/2020/05/01/eating-is-a-moral-right-a-dialogue-with-6-american-farmer-leaders/,R9,post,1,aNnuigrJTwc,1,,,0,0,,2020-april-2020,video-segmentation,,1/1,135,embeds video(s) already segmented under conference 2020-april-2020,1,1,presentation,,,
70845,B,en,153757,2021-03-23,the-truth-about-the-syrian-crisis,“The Truth about the Syrian Crisis.”,/blog/2021/03/23/the-truth-about-the-syrian-crisis/,R9,si_presentation,1,zRf_PmExPJM,0,,,0,0,,2021-march-world-crossroad-months,video-segmentation,,1/1,19,embeds video(s) already segmented under conference 2021-march-world-crossroad-months,1,1,presentation,,,
71034,B,en,153786,2021-03-25,video-co%e2%82%82-is-not-a-pollutant-exposing-the-fraud-behind-the-global-reset-green-new-deal,Video: CO₂ is not a Pollutant — Exposing the Fraud Behind the Global Reset/Green New Deal,/blog/2021/03/25/video-co%e2%82%82-is-not-a-pollutant-exposing-the-fraud-behind-the-global-reset-green-new-deal/,R9,si_video,1,2qhxj6GkWpE,0,,,0,0,,2021-march-world-crossroad-months,video-segmentation,,1/1,138,embeds video(s) already segmented under conference 2021-march-world-crossroad-months,1,1,presentation,,,
71089,B,en,153799,2021-03-26,video-will-human-history-end-in-tragedy-or-continue-with-a-new-paradigm,"Video: Will Human History End in Tragedy, Or Continue With a New Paradigm?",/blog/2021/03/26/video-will-human-history-end-in-tragedy-or-continue-with-a-new-paradigm/,R9,si_video,1,dPOw0KIbHaY,0,,,0,0,,2021-march-world-crossroad-months,video-segmentation,,1/1,120,embeds video(s) already segmented under conference 2021-march-world-crossroad-months,1,1,presentation,,,
71119,B,en,153803,2021-03-26,video-u-s-policy-towards-syria-will-it-be-based-on-western-supremacy-or-the-values-of-a-new-paradigm,Video: U.S. Policy Towards Syria: Will it be based on Western Supremacy or the values of a New Paradigm?,/blog/2021/03/26/video-u-s-policy-towards-syria-will-it-be-based-on-western-supremacy-or-the-values-of-a-new-paradigm/,R9,si_video,1,fOWsNuegsNI,0,,,0,0,,2021-march-world-crossroad-months,video-segmentation,,1/1,151,embeds video(s) already segmented under conference 2021-march-world-crossroad-months,1,1,presentation,,,
71344,B,en,153843,2021-03-30,catholic-cardinal-in-syria-tells-world-time-is-running-out-for-syria-reconstruction,Catholic Cardinal in Syria Tells World ‘Time Is Running Out’ for Syria Reconstruction,/blog/2021/03/30/catholic-cardinal-in-syria-tells-world-time-is-running-out-for-syria-reconstruction/,R9,post,1,VRM2T8cF6Po,0,,,0,0,,2016-berlin-june-2016-creating,video-segmentation,,1/1,446,embeds video(s) already segmented under conference 2016-berlin-june-2016-creating,1,1,presentation,,,same-trid sibling(s) not flagged: 71360 — decide the whole group
71400,B,en,153851,2021-03-30,video-covid-19-triage-a-slippery-slope,Video: COVID-19 & Triage: A Slippery Slope,/blog/2021/03/30/video-covid-19-triage-a-slippery-slope/,R9,post,1,sg4WS-kH-l8,0,,,0,0,,2021-march-world-crossroad-months,video-segmentation,,1/1,22,embeds video(s) already segmented under conference 2021-march-world-crossroad-months,1,1,presentation,,,
73861,B,en,154321,2021-05-07,beethoven-sparks-of-joy-55,Beethoven: Sparks of Joy!,/blog/2021/05/07/beethoven-sparks-of-joy-55/,R3,si_video,1,N1B27voNUBw,0,,,0,0,,2020-april-2020,video-segmentation,,1/1,181,embeds video(s) already segmented under conference 2020-april-2020,1,1,presentation,,,
75756,B,en,154689,2021-06-23,panel-4-the-coincidence-of-opposites-the-only-truly-human-thought-process,Panel 4 — The Coincidence of Opposites: The Only Truly Human Thought Process,/blog/2021/06/23/panel-4-the-coincidence-of-opposites-the-only-truly-human-thought-process/,R9,post,1,6n5KERjjwVY,0,"Panel 4, 2pm EDT — The Coincidence of Opposites: The Only Truly Human Thought Process",,0,0,edt,2021-june,video-segmentation,,1/1,91,embeds video(s) already segmented under conference 2021-june,1,1,presentation,,,
75872,B,en,154715,2021-06-25,the-real-science-behind-climate-change-why-the-world-needs-many-more-terawatts-of-energy,Panel 2 — The Real Science Behind Climate Change: Why the World Needs Many More Terawatts of Energy,/blog/2021/06/25/the-real-science-behind-climate-change-why-the-world-needs-many-more-terawatts-of-energy/,R9,post,1,3F_Gl_KkwpE,0,"Panel 2, Saturday, June 26, 2pm EDT — The Real Science Behind Climate Change: Why the World Needs Seven More Terawatts of Energy",,0,0,edt,2021-june,video-segmentation,,1/1,187,embeds video(s) already segmented under conference 2021-june,1,1,presentation,,,
76042,B,en,154744,2021-06-30,helga-zepp-larouche-keynote-the-emergency-measures-which-must-be-taken-now,Helga Zepp-LaRouche keynote: The Emergency Measures which Must Be Taken Now!,/blog/2021/06/30/helga-zepp-larouche-keynote-the-emergency-measures-which-must-be-taken-now/,R3,si_video,1,rwEIulN1VcA,0,,,0,0,,2021-june,video-segmentation,,1/1,63,embeds video(s) already segmented under conference 2021-june,1,1,presentation,,,same-trid sibling(s) not flagged: 76074 — decide the whole group
76108,B,en,154753,2021-07-01,video-u-s-china-relations-a-pathway-for-war-avoidance-and-cooperation,Video: U.S.-China Relations: A Pathway for War Avoidance and Cooperation,/blog/2021/07/01/video-u-s-china-relations-a-pathway-for-war-avoidance-and-cooperation/,R9,si_video,1,Fz61xzEQyik,0,,,0,0,,2021-june,video-segmentation,,1/1,38,embeds video(s) already segmented under conference 2021-june,1,1,presentation,,,
76110,B,en,154756,2021-07-01,video-why-the-universe-needs-more-people,Video: Why the Universe Needs MORE People,/blog/2021/07/01/video-why-the-universe-needs-more-people/,R9,si_video,1,c5qpBxkq49U,0,,,0,0,,2021-june,video-segmentation,,1/1,21,embeds video(s) already segmented under conference 2021-june,1,1,presentation,,,
76361,B,en,154810,2021-07-07,time-to-end-the-rules-based-order-restore-the-common-good,"Video: Time to End the ""Rules"" Based Order — Restore the Common Good",/blog/2021/07/07/time-to-end-the-rules-based-order-restore-the-common-good/,R9,si_video,1,ai6e7e81p08,0,,,0,0,,2021-june,video-segmentation,,1/1,68,embeds video(s) already segmented under conference 2021-june,1,1,presentation,,,
82235,B,en,155837,2021-11-22,global-leaders-discuss-can-a-strategic-crisis-between-the-major-powers-be-avoided,Video – Global Leaders Discuss: Can a Strategic Crisis Between the Major Powers Be Avoided?,/blog/2021/11/22/global-leaders-discuss-can-a-strategic-crisis-between-the-major-powers-be-avoided/,R9,si_video,1,efw9yTulB4A,0,,,0,0,,2021-mankind-immortal-species,video-segmentation,,1/1,200,embeds video(s) already segmented under conference 2021-mankind-immortal-species,1,1,presentation,,,same-trid sibling(s) not flagged: 82288 — decide the whole group
82252,B,en,155840,2021-11-22,afghanistan-fulcrum-for-a-new-paradigm,Video – Afghanistan: Fulcrum for a New Paradigm,/blog/2021/11/22/afghanistan-fulcrum-for-a-new-paradigm/,R9,si_video,1,_-1N76f_iYU,0,,,0,0,,2021-mankind-immortal-species,video-segmentation,,1/1,22,embeds video(s) already segmented under conference 2021-mankind-immortal-species,1,1,presentation,,,same-trid sibling(s) not flagged: 82579 — decide the whole group
82269,B,en,155843,2021-11-22,video-todays-strategic-crisis-a-terrible-end-or-a-new-paradigm-keynote-address-by-helga-zepp-larouche,Video – Today's Strategic Crisis: A Terrible End or a New Paradigm? — Keynote address by Helga Zepp-LaRouche,/blog/2021/11/22/video-todays-strategic-crisis-a-terrible-end-or-a-new-paradigm-keynote-address-by-helga-zepp-larouche/,R9,si_video,1,gwaCEuJRWjc,0,,,0,0,,2021-mankind-immortal-species,video-segmentation,,1/1,4334,embeds video(s) already segmented under conference 2021-mankind-immortal-species,1,1,presentation,,,same-trid sibling(s) not flagged: 82541 — decide the whole group
82364,B,en,155856,2021-11-24,video-the-art-of-aesthetical-education,Video: The Art of Aesthetical Education,/blog/2021/11/24/video-the-art-of-aesthetical-education/,R9,si_video,1,RuusNL-T_aY,0,,,0,0,,2021-mankind-immortal-species,video-segmentation,,1/1,81,embeds video(s) already segmented under conference 2021-mankind-immortal-species,1,1,presentation,,,same-trid sibling(s) not flagged: 82563 — decide the whole group
82662,B,en,155911,2021-11-30,video-there-are-no-limits-to-growth-in-the-universe-conference-excerpts,Video - There Are No Limits to Growth in the Universe — Conference excerpts,/blog/2021/11/30/video-there-are-no-limits-to-growth-in-the-universe-conference-excerpts/,R9,si_video,1,DrAfNEl5C-w,0,,,0,1,,2021-mankind-immortal-species,video-segmentation,,1/1,29,embeds video(s) already segmented under conference 2021-mankind-immortal-species,1,1,presentation,,,same-trid sibling(s) not flagged: 82668 — decide the whole group
86939,B,en,156662,2022-04-18,conference-summary-to-establish-a-new-security-and-development-architecture-for-all-nations,Conference Summary: To Establish a New Security and Development Architecture for All Nations,/blog/2022/04/18/conference-summary-to-establish-a-new-security-and-development-architecture-for-all-nations/,R9,post,1,zDNuhb-ViaM,0,,,0,1,,2022-april-2022-establish-security,video-segmentation,,1/1,37,embeds video(s) already segmented under conference 2022-april-2022-establish-security,1,1,presentation,,,same-trid sibling(s) not flagged: 87102 — decide the whole group
87124,B,en,156697,2022-04-26,a-call-to-protect-the-existence-of-humanity-from-a-nato-russia-war,Video: A Call to Protect the Existence of Humanity from a NATO/Russia War,/blog/2022/04/26/a-call-to-protect-the-existence-of-humanity-from-a-nato-russia-war/,R6,si_video,1,86fbTKH35O4,0,,,0,0,,2022-april-2022-establish-security,video-segmentation,,1/1,35,embeds video(s) already segmented under conference 2022-april-2022-establish-security,1,1,presentation,,,
87151,B,en,156701,2022-04-26,video-war-must-stop-get-off-this-command-and-control-architecture,"Video — War Must Stop: ""Get off this command and control architecture""",/blog/2022/04/26/video-war-must-stop-get-off-this-command-and-control-architecture/,R9,si_video,1,uxT4mr6Kgzs,1,,,0,0,,2022-april-2022-establish-security,video-segmentation,,1/1,66,embeds video(s) already segmented under conference 2022-april-2022-establish-security,1,1,presentation,,,
87165,B,en,156717,2022-04-26,video-h-e-ambassador-anatoly-antonov-on-finding-solutions-to-todays-crisis,Video: H.E. Ambassador Anatoly Antonov on Finding Solutions to Today's Crisis,/blog/2022/04/26/video-h-e-ambassador-anatoly-antonov-on-finding-solutions-to-todays-crisis/,R9,si_video,1,U6cPUO5mIRo,1,,,0,0,,2022-april-2022-establish-security,video-segmentation,,1/1,62,embeds video(s) already segmented under conference 2022-april-2022-establish-security,1,1,presentation,,,
87177,B,en,156734,2022-04-26,video-nato-and-russia-must-negotiate,Video: NATO and Russia Must Negotiate,/blog/2022/04/26/video-nato-and-russia-must-negotiate/,R9,si_video,1,GYWGRqiVfTE,1,,,0,0,,2022-april-2022-establish-security,video-segmentation,,1/1,53,embeds video(s) already segmented under conference 2022-april-2022-establish-security,1,1,presentation,,,
87190,B,en,156737,2022-04-26,video-end-the-wests-hypocrisy-with-the-spirit-of-the-treaty-of-westphalia,Video: End the West's Hypocrisy with the Spirit of the Treaty of Westphalia,/blog/2022/04/26/video-end-the-wests-hypocrisy-with-the-spirit-of-the-treaty-of-westphalia/,R9,si_video,1,xDvn3_c40Q8,1,,,0,0,,2022-april-2022-establish-security,video-segmentation,,1/1,78,embeds video(s) already segmented under conference 2022-april-2022-establish-security,1,1,presentation,,,
87266,B,en,156753,2022-04-29,87266,Video: The Peace of Westphalia to Escape the Thucydides Trap,/blog/2022/04/29/87266/,R9,si_video,1,QAQVSgXlkPk,1,,,0,0,,2022-april-2022-establish-security,video-segmentation,,1/1,60,embeds video(s) already segmented under conference 2022-april-2022-establish-security,1,1,presentation,,,
87366,B,en,156768,2022-05-02,video-energy-security-for-africa-princy-mthombeni,Video: Energy Security for Africa — Princy Mthombeni,/blog/2022/05/02/video-energy-security-for-africa-princy-mthombeni/,R9,si_video,1,vajZT-cQhEQ,1,,,0,0,,2022-april-2022-establish-security,video-segmentation,,1/1,32,embeds video(s) already segmented under conference 2022-april-2022-establish-security,1,1,presentation,,,
88535,B,en,156976,2022-06-21,video-helga-zepp-larouche-keynote-address-lets-win-mission-impossible-or-find-another-planet,Video: Helga Zepp-LaRouche Keynote Address: “Let’s Win Mission Impossible or Find Another Planet!”,/blog/2022/06/21/video-helga-zepp-larouche-keynote-address-lets-win-mission-impossible-or-find-another-planet/,R9,si_video,1,yjLDpnlXhek,0,,,0,0,,2022-there-peace-without-bankruptcy,video-segmentation,,1/1,13,embeds video(s) already segmented under conference 2022-there-peace-without-bankruptcy,1,1,presentation,,,
88548,B,en,156978,2022-06-21,video-ukraine-has-lost-the-war-but-thermonuclear-war-still-threatens,Video: Ukraine Has Lost the War: But Thermonuclear War Still Threatens,/blog/2022/06/21/video-ukraine-has-lost-the-war-but-thermonuclear-war-still-threatens/,R9,si_video,1,W_54M0muoJU,0,,,0,0,,2022-there-peace-without-bankruptcy,video-segmentation,,1/1,13,embeds video(s) already segmented under conference 2022-there-peace-without-bankruptcy,1,1,presentation,,,
88554,B,en,156981,2022-06-22,video-food-producers-roundtable-%c2%b7-science-and-culture-to-end-famine-principles-of-agriculture-productivity,Video: Food Producers Roundtable · Science and Culture to End Famine—Principles of Agriculture Productivity,/blog/2022/06/22/video-food-producers-roundtable-%c2%b7-science-and-culture-to-end-famine-principles-of-agriculture-productivity/,R9,si_video,1,ayqGRKnFZ8M,0,,,0,0,,2022-there-peace-without-bankruptcy,video-segmentation,,1/1,225,embeds video(s) already segmented under conference 2022-there-peace-without-bankruptcy,1,1,presentation,,,
88630,B,en,156993,2022-06-23,video-dont-be-afraid-to-kick-against-the-pricks-real-science-disproves-the-linear-non-threshold-lnt-radiation-myth,Video: Don't Be Afraid to 'Kick Against the Pricks'! — Real Science Disproves the Linear Non-Threshold (LNT) Radiation Myth,/blog/2022/06/23/video-dont-be-afraid-to-kick-against-the-pricks-real-science-disproves-the-linear-non-threshold-lnt-radiation-myth/,R9,si_video,1,ZQLy28eZgE0,0,,,0,0,,2022-there-peace-without-bankruptcy,video-segmentation,,1/1,274,embeds video(s) already segmented under conference 2022-there-peace-without-bankruptcy,1,1,presentation,,,
88788,B,de,157014,2022-06-28,this-july-4-declare-for-a-new-bretton-woods,"This July 4, Declare for A New Bretton Woods!!",/blog/2022/06/28/this-july-4-declare-for-a-new-bretton-woods/,R9,post,1,mVb1m8SqXTw,0,,,0,0,,2022-there-peace-without-bankruptcy,video-segmentation,,1/1,750,embeds video(s) already segmented under conference 2022-there-peace-without-bankruptcy,1,1,presentation,,,
88774,B,en,157014,2022-07-03,this-july-4-declare-for-a-new-bretton-woods,"This July 4, Declare for A New Bretton Woods!!",/blog/2022/07/03/this-july-4-declare-for-a-new-bretton-woods/,R9,post,1,mVb1m8SqXTw,0,,,0,0,,2022-there-peace-without-bankruptcy,video-segmentation,,1/1,777,embeds video(s) already segmented under conference 2022-there-peace-without-bankruptcy,1,1,presentation,,,
89379,B,en,157106,2022-07-23,schiller-institute-special-presentation-istanbuls-golden-opportunity-replace-sanctions-with-reason,Schiller Institute Special Presentation: Istanbul's Golden Opportunity —Replace Sanctions with Reason!,/blog/2022/07/23/schiller-institute-special-presentation-istanbuls-golden-opportunity-replace-sanctions-with-reason/,R9,si_video,1,K6ItCuu8xIo,0,,,0,0,edt,2022-there-peace-without-bankruptcy,video-segmentation,,1/1,191,embeds video(s) already segmented under conference 2022-there-peace-without-bankruptcy,1,1,presentation,,,
91238,B,en,157373,2022-09-12,universal-history-must-not-end-in-a-tragedy-helga-zepp-larouche-keynote-address,Universal History Must Not End in a Tragedy — Helga Zepp-LaRouche Keynote address,/blog/2022/09/12/universal-history-must-not-end-in-a-tragedy-helga-zepp-larouche-keynote-address/,R9,post,1,zDBkBKzU2_I,0,,,0,0,,2022-inspiring-humanity-survive-greatest,video-segmentation,,1/1,4032,embeds video(s) already segmented under conference 2022-inspiring-humanity-survive-greatest,1,1,presentation,,,same-trid sibling(s) not flagged: 91350 — decide the whole group
94429,B,en,157823,2023-01-14,ray-mcgovern-nevertheless-we-persist,"Ray McGovern — Nevertheless, We Persist",/blog/2023/01/14/ray-mcgovern-nevertheless-we-persist/,R9,post,1,Pt1OX6rhXiQ,1,,,0,0,,2023-january-stop-nato-world,video-segmentation,,1/1,1660,embeds video(s) already segmented under conference 2023-january-stop-nato-world,1,1,presentation,,,
94452,B,en,157828,2023-01-15,dennis-speed-freedom-from-fear-dr-martin-luther-king-confronts-the-international-assassination-bureau,Dennis Speed — Freedom From Fear: Dr. Martin Luther King Confronts the International Assassination Bureau,/blog/2023/01/15/dennis-speed-freedom-from-fear-dr-martin-luther-king-confronts-the-international-assassination-bureau/,R9,post,1,7O11ENxM-zA,0,,,0,0,,2023-january-stop-nato-world,video-segmentation,,1/1,2720,embeds video(s) already segmented under conference 2023-january-stop-nato-world,1,1,presentation,,,
94466,B,en,157830,2023-01-15,helga-zepp-larouche-why-is-germany-in-the-grip-of-war-mongers,Helga Zepp-LaRouche — Why is Germany in the Grip of War-Mongers?,/blog/2023/01/15/helga-zepp-larouche-why-is-germany-in-the-grip-of-war-mongers/,R9,post,1,AyoqE-z73YA,1,,,0,0,,2023-january-stop-nato-world,video-segmentation,,1/1,2513,embeds video(s) already segmented under conference 2023-january-stop-nato-world,1,1,presentation,,,same-trid sibling(s) not flagged: 94474 — decide the whole group
94644,B,en,157855,2023-01-28,conference-invitation-building-an-alternative-to-global-nato-world-citizens-unite,"Conference Invitation: Building an Alternative to Global NATO, World Citizens Unite!",/blog/2023/01/28/conference-invitation-building-an-alternative-to-global-nato-world-citizens-unite/,R9,post,1,y7xqXhMWDPg,0,,,0,1,est,2023-february-reason-annihilation-humanity,video-segmentation,,1/1,443,embeds video(s) already segmented under conference 2023-february-reason-annihilation-humanity,1,1,presentation,,,
94771,B,en,157873,2023-02-06,keynote-address-how-to-avoid-nuclear-war-the-nature-of-man,Keynote Address — How to Avoid Nuclear War: The Nature of Man,/blog/2023/02/06/keynote-address-how-to-avoid-nuclear-war-the-nature-of-man/,R9,post,1,ltNnL_1RmYU,0,,,0,0,,2023-february-reason-annihilation-humanity,video-segmentation,,1/1,2725,embeds video(s) already segmented under conference 2023-february-reason-annihilation-humanity,1,1,presentation,,,
99031,B,en,158774,2023-09-12,h-e-donald-ramotar-prospects-and-challenges-post-brics-summit,H.E. Donald Ramotar: “Prospects and Challenges post BRICS Summit”,/blog/2023/09/12/h-e-donald-ramotar-prospects-and-challenges-post-brics-summit/,R9,post,1,K9xiNZsefUs,0,,,0,1,,2023-strategic-situation-after-historic,video-segmentation,,1/1,1178,embeds video(s) already segmented under conference 2023-strategic-situation-after-historic,1,1,presentation,,,
99048,B,en,158777,2023-09-12,diane-sare-the-strategic-situation-after-the-historic-brics-summit,Diane Sare: The Strategic Situation After the Historic BRICS Summit,/blog/2023/09/12/diane-sare-the-strategic-situation-after-the-historic-brics-summit/,R9,post,1,rNI55NoKxJE,0,,,0,1,,2023-strategic-situation-after-historic,video-segmentation,,1/1,1499,embeds video(s) already segmented under conference 2023-strategic-situation-after-historic,1,1,presentation,,,
99063,B,en,158780,2023-09-12,helga-zepp-larouche-a-transformation-bigger-than-the-end-of-the-cold-war,Helga Zepp-LaRouche: A Transformation Bigger than the End of the Cold War,/blog/2023/09/12/helga-zepp-larouche-a-transformation-bigger-than-the-end-of-the-cold-war/,R3,si_video,1,Vl8LLv3VxzA,0,,,0,0,,2023-strategic-situation-after-historic,video-segmentation,,1/1,2431,embeds video(s) already segmented under conference 2023-strategic-situation-after-historic,1,1,presentation,,,
99110,B,en,158795,2023-09-15,larouche-to-mexican-students-2002-this-is-a-systemic-crisis-obviously-there-are-solutions,"LaRouche to Mexican Students, 2002: ""This Is a Systemic Crisis. Obviously, There Are Solutions!""",/blog/2023/09/15/larouche-to-mexican-students-2002-this-is-a-systemic-crisis-obviously-there-are-solutions/,R9,post,1,_2ppE7pXUD4,0,,,0,0,,2023-join-hands-global-majority,video-segmentation,,1/1,1855,embeds video(s) already segmented under conference 2023-join-hands-global-majority,1,1,presentation,,,
83568,C,en,156077,2022-01-05,interviews,Interviews,/blog/2022/01/05/interviews/,R9,post,17,dcp0TYx_eUI|xPqvkW4Lu04|QeRmOg3gMis|fhkDS-116wA|ms8huy06z74|5BuoU4uv-QA|ryw_gW6dI5g|ErxQAthwhzM|fc_OZJ7hsHw|P5j86d3wY18|_AHMlFTUSyY|Pm-61Pw9iCw|43wHU4M9uXE|B9rZR_4pFgQ|OfL_2qs7M50|hmQx-5q4v-E|RWkz2Ihg75c,0,,,0,0,,,,,0/17,296,17 embedded videos in one post,1,1,,,,
83697,C,de,156077,2022-01-07,interviews,Interviews,/blog/2022/01/07/interviews/,R9,post,12,RWkz2Ihg75c|B9rZR_4pFgQ|43wHU4M9uXE|Pm-61Pw9iCw|_AHMlFTUSyY|P5j86d3wY18|fc_OZJ7hsHw|ryw_gW6dI5g|ErxQAthwhzM|5BuoU4uv-QA|hmQx-5q4v-E|OfL_2qs7M50,0,,,0,0,,,,,0/12,221,12 embedded videos in one post,1,1,,,,
104575,C,de,159542,2024-09-26,ein-weiterer-schritt-naeher-an-der-nuklearen-apokalypse-deutschland-braucht-eine-neue-sicherheitsarchitektur,Ein weiterer Schritt näher an der nuklearen Apokalypse: Deutschland braucht eine neue Sicherheitsarchitektur,/blog/2024/09/26/ein-weiterer-schritt-naeher-an-der-nuklearen-apokalypse-deutschland-braucht-eine-neue-sicherheitsarchitektur/,R9,post,7,Ncsn050P7uA|Bt-eCHH3d54|ghitqYJgAdM|Kscv8g6Y6WI|zfJ88bgI9_0|FH2sT-KVJN0|fARP6mxFg_I,0,,,0,0,,,,,0/7,612,7 embedded videos in one post,1,1,,,,
74254,C,de,154395,2021-05-14,videos-sanktionen-sind-voelkerrechtswidrig,Videos - Sanktionen sind völkerrechtswidrig,/blog/2021/05/14/videos-sanktionen-sind-voelkerrechtswidrig/,R9,post,4,m34S186G7Q0|PGgVbSuIWCo|eH4xZKQIMWc|MS-LVlk6Q7A,0,,,0,0,,,,,0/4,107,4 embedded videos in one post,1,1,,,,
95663,C,de,158292,2023-03-01,alle-sanktionen-gegen-syrien-muessen-aufgehoben-und-die-us-besatzung-beendet-werden,Alle Sanktionen gegen Syrien müssen aufgehoben und die US-Besatzung beendet werden,/blog/2023/03/01/alle-sanktionen-gegen-syrien-muessen-aufgehoben-und-die-us-besatzung-beendet-werden/,R6,si_statement,4,9wuFvVbRAGM|zkaikEK0lzM|_XForIIt1xg|4lw-096trYY,0,,,0,0,,,,,0/4,1431,4 embedded videos in one post,1,1,,,,same-trid sibling(s) not flagged: 95632 — decide the whole group
116104,C,de,160760,2026-04-20,das-ende-der-500jaehrigen-kolonialepoche-fuer-einen-dialog-der-zivilisationen,Das Ende der 500jährigen Kolonialepoche - für einen Dialog der Zivilisationen,/blog/2026/04/20/das-ende-der-500jaehrigen-kolonialepoche-fuer-einen-dialog-der-zivilisationen/,R9,post,4,QAZwNu-1cqk|TgWkWh1ZKQc|doggil1k-UU|RTur7pujXVo,0,,,0,0,einladung,,,,0/4,1095,4 embedded videos in one post,1,1,,,,
32783,C,en,17926,2015-12-07,helga-zepp-larouche-addresses-japanese-business-leaders-on-urgent-need-for-world-land-bridge-to-end-war-tyranny-of-geopolitics,Helga Zepp-LaRouche Addresses Japanese Business Leaders on Urgent Need for World Land-Bridge To End War & Tyranny of Geopolitics,/blog/2015/12/07/helga-zepp-larouche-addresses-japanese-business-leaders-on-urgent-need-for-world-land-bridge-to-end-war-tyranny-of-geopolitics/,R9,post,3,XXX8n1Im7BM|dO7Rwrhv0HY|m3KEjEPMQuE,0,,,0,0,,,,,0/3,635,3 embedded videos in one post,1,1,,,,
32872,C,en,17936,2015-12-07,zepp-larouche-the-need-of-global-public-works-the-new-silk-road-becomes-the-world-land-bridge,ZEPP-LAROUCHE: THE NEED OF GLOBAL PUBLIC WORKS–THE NEW SILK ROAD BECOMES THE WORLD LAND-BRIDGE,/blog/2015/12/07/zepp-larouche-the-need-of-global-public-works-the-new-silk-road-becomes-the-world-land-bridge/,R9,post,3,XXX8n1Im7BM|dO7Rwrhv0HY|m3KEjEPMQuE,0,,,0,0,,,,,0/3,3442,3 embedded videos in one post,1,1,,,,same-trid sibling(s) not flagged: 33639 — decide the whole group
57324,C,en,20954,2020-01-05,virginia-schiller-chorus-draws-largest-crowd-new-years-day,Virginia Schiller Chorus Draws Its Largest Crowd New Year's Day,/blog/2020/01/05/virginia-schiller-chorus-draws-largest-crowd-new-years-day/,R9,post,3,JnkPeffq6Ek|G4VovUBZJZU|NOLfUN9TAj4,0,,,0,0,program of the,,,,0/3,528,3 embedded videos in one post,1,1,,,,
64456,C,en,22013,2020-11-19,beethoven-sparks-of-joy-no-14,Beethoven: Sparks of Joy - No. 14,/blog/2020/11/19/beethoven-sparks-of-joy-no-14/,R3,si_video,3,yut0tZftU10|IVX1Mz-kcfE|UFRjQ7LiL-U,0,,,0,0,,,,,0/3,480,3 embedded videos in one post,1,1,,,,
67682,C,en,84961,2021-01-26,beethoven-sparks-of-joy-don-giovanni-and-the-moonlight-sonata,"Beethoven: Sparks of Joy — Don Giovanni and the ""Moonlight"" Sonata",/blog/2021/01/26/beethoven-sparks-of-joy-don-giovanni-and-the-moonlight-sonata/,R3,si_video,3,EZsBi50VbXw|XPYjqz7nToY|oqnKwesvSGQ,0,,,0,0,,,,,0/3,121,3 embedded videos in one post,1,1,,,,
67740,C,en,84973,2021-01-27,beethoven-sparks-of-joy-the-diabelli-variations,Beethoven: Sparks of Joy — The Diabelli Variations,/blog/2021/01/27/beethoven-sparks-of-joy-the-diabelli-variations/,R3,si_video,3,XPYjqz7nToY|jeaIylLqxRM|l3qktiSzwMI,0,,,0,0,,,,,0/3,169,3 embedded videos in one post,1,1,,,,
67838,C,en,84991,2021-01-29,beethoven-sparks-of-joy-mozart-beethoven-a-musical-dialogue,"Beethoven: Sparks of Joy — Mozart-Beethoven, a musical dialogue",/blog/2021/01/29/beethoven-sparks-of-joy-mozart-beethoven-a-musical-dialogue/,R3,si_video,3,EZsBi50VbXw|XPYjqz7nToY|oqnKwesvSGQ,0,,,0,0,,,,,0/3,139,3 embedded videos in one post,1,1,,,,
95348,C,en,158257,2023-02-16,the-world-is-facing-ww3-how-do-we-save-the-world-a-twitter-space-with-kim-dotcom-and-helga-zepp-larouche,"The World Is Facing WW3, How Do We Save the World? — a Twitter Space with Kim Dotcom and Helga Zepp-LaRouche",/blog/2023/02/16/the-world-is-facing-ww3-how-do-we-save-the-world-a-twitter-space-with-kim-dotcom-and-helga-zepp-larouche/,R9,si_video,3,4aM_8RoxcBA|Jn4STJEGP3Y|qK9tLDeWBzs,0,,,0,0,,,,,0/3,17035,3 embedded videos in one post,1,1,,,,
61853,C,en,21602,2020-08-20,61853,Building a Worldwide “Chorus of Voices” for a Great Power Summit to Implement LaRouche’s Solution to the Crisis,/blog/2020/08/20/61853/,R9,post,1,PPHwI0rnLXk,0,,Closing Remarks,0,1,,,,,0/1,6618,event title + video + programme structure,1,1,,,,
77697,C,en,155049,2021-07-29,afghanistan-a-turning-point-in-history-after-the-failed-regime-change-era,Conference—Afghanistan: A Turning Point in History After the Failed Regime-Change Era,/blog/2021/07/29/afghanistan-a-turning-point-in-history-after-the-failed-regime-change-era/,R4,post,1,lCRtKKlfZQc,0,,Question and Answer Session|Discussion Period,1,1,,,,,0/1,655,event title + video + programme structure,1,1,,,,
97169,C,en,158496,2023-06-09,conference-the-world-needs-jfks-vision-of-peace,Conference: The World Needs JFK's Vision of Peace,/blog/2023/06/09/conference-the-world-needs-jfks-vision-of-peace/,R9,post,1,OcQuteY7KK0,0,,Q&A,0,1,cet|edt,,,,0/1,932,event title + video + programme structure,1,1,,,,
97442,C,en,158540,2023-07-11,july-8-9-schiller-institute-european-conference-summary,July 8-9 Schiller Institute European Conference Summary,/blog/2023/07/11/july-8-9-schiller-institute-european-conference-summary/,R9,post,1,fA_kjj2c0Qc,0,Panel II: Why It Is in the Strategic Interest of European Nations to Cooperate with the Global South,,0,1,,,,,0/1,2017,event title + video + programme structure,1,1,,,,
99795,C,en,158929,2023-11-20,emergency-forum-no-more-war-crimes-economic-development-not-depopulation,"Emergency Forum: No More War Crimes! Economic Development, Not Depopulation!",/blog/2023/11/20/emergency-forum-no-more-war-crimes-economic-development-not-depopulation/,R9,si_video,1,7WUxbeyR4U0,0,,Speakers,0,1,,,,,0/1,843,event title + video + programme structure,1,1,,,,same-trid sibling(s) not flagged: 99814 — decide the whole group
119262,C,en,161335,2026-07-22,grow-the-international-youth-movement-for-peace-through-development-schiller-institute-international-youth-conference,Grow the International Youth Movement for Peace through Development | Schiller Institute International Youth Conference,,,(unreviewed),1,Y3m0gfsrBjM,0,Keynote Speakers & Highlights,,0,1,register for,,,,0/1,286,event title + video + programme structure,1,1,,,,same-trid sibling(s) not flagged: 119684 — decide the whole group
37862,D,en,18398,2017-01-11,helga-zepp-larouche-lifts-stockholm-audience-sublime-schiller-instituteeir-seminar,Helga Zepp LaRouche Lifts Stockholm Audience to the Sublime at Schiller Institute/EIR seminar,/blog/2017/01/11/helga-zepp-larouche-lifts-stockholm-audience-sublime-schiller-instituteeir-seminar/,R3,si_video,1,cdl0Hxg_Ubc,0,,,0,1,,,,,0/1,9515,event title with weak body evidence,0,1,,,,
55358,D,en,20704,2017-05-15,55358,Participates in the Beijing Belt and Road Forum for International Cooperation,/blog/2017/05/15/55358/,R5.1,si_coverage,1,DBBi1Axcx-c,1,,,0,1,,,,,0/1,5130,event title with weak body evidence,0,1,,,,
42046,D,de,18783,2017-10-01,webcast-mit-helga-zepp-larouche-27-september-2017,Webcast mit Helga Zepp-LaRouche – 27. September 2017,/blog/2017/10/01/webcast-mit-helga-zepp-larouche-27-september-2017/,R9,si_video,1,vqTvWWzPOmU,0,,,0,1,,,,,0/1,1,event title with weak body evidence,0,1,,,,
42157,D,en,18796,2017-10-05,webcast-helga-zepp-larouche-october-5th-2017,"International Webcast with Helga Zepp-LaRouche - October 5th, 2017",/blog/2017/10/05/webcast-helga-zepp-larouche-october-5th-2017/,R9,si_video,1,N2GiDNECywg,0,,,0,1,,,,,0/1,127,event title with weak body evidence,0,1,,,,
42268,D,de,18811,2017-10-13,webcast-mit-helga-zepp-larouche-12-oktober-2017,Webcast mit Helga Zepp-LaRouche – 12. Oktober 2017,/blog/2017/10/13/webcast-mit-helga-zepp-larouche-12-oktober-2017/,R9,si_video,1,RwZlIGCl9nQ,0,,,0,1,,,,,0/1,184,event title with weak body evidence,0,1,,,,
42313,D,de,18817,2017-10-20,webcast-mit-helga-zepp-larouche-18-oktober-2017,Webcast mit Helga Zepp-LaRouche – 18. Oktober 2017,/blog/2017/10/20/webcast-mit-helga-zepp-larouche-18-oktober-2017/,R9,si_video,1,LPVICERF-9s,0,,,0,1,,,,,0/1,1,event title with weak body evidence,0,1,,,,
42880,D,de,18904,2017-11-09,trumps-asienreise-konnte-die-welt-verandern-webcast,Trumps Asienreise könnte die Welt verändern: Webcast,/blog/2017/11/09/trumps-asienreise-konnte-die-welt-verandern-webcast/,R9,si_video,1,WKqBcs6zd78,0,,,0,1,,,,,0/1,1,event title with weak body evidence,0,1,,,,
42985,D,en,18917,2017-11-11,neue-seidenstrase-bringt-dem-jemen-hoffnung,Zepp-LaRouche Addressed Diplomatic Seminar in Yemen,/blog/2017/11/11/neue-seidenstrase-bringt-dem-jemen-hoffnung/,R3,post,1,gnlHue8UlAo,0,,,0,1,,,,,0/1,536,event title with weak body evidence,1,1,,,,same-trid sibling(s) not flagged: 42978 — decide the whole group
43193,D,en,18946,2017-11-23,not-safe-waters-yet-webcast,Webcast: We are not in Safe Waters yet!,/blog/2017/11/23/not-safe-waters-yet-webcast/,R3,si_video,1,Zx-YnvAoYQo,0,,,0,1,,,,,0/1,218,event title with weak body evidence,0,1,,,,
43698,D,en,19020,2017-12-06,pace-quickens-world-land-bridge-mueller-must-go,"Webcast: As Pace quickens for World Land-Bridge, Mueller Must Go!",/blog/2017/12/06/pace-quickens-world-land-bridge-mueller-must-go/,R3,si_video,1,sHsZz7S3Nhk,0,,,0,1,,,,,0/1,266,event title with weak body evidence,0,1,,,,
43975,D,en,19064,2017-12-14,trump-announces-u-s-return-moon-need-larouches-four-laws-get,Webcast: Trump Announces U.S. Return to the Moon—Need LaRouche's Four Laws to Get There,/blog/2017/12/14/trump-announces-u-s-return-moon-need-larouches-four-laws-get/,R3,si_video,1,agG9LGHXreE,0,,,0,1,,,,,0/1,283,event title with weak body evidence,0,1,,,,
44073,D,en,19075,2017-12-19,mueller-investigation-criminality-open-time-now-end-reign-geopolitics,Webcast: Mueller Investigation Criminality in the Open: Time Now to End the Reign of Geopolitics,/blog/2017/12/19/mueller-investigation-criminality-open-time-now-end-reign-geopolitics/,R3,si_video,1,7_2kjDJmsFw,0,,,0,1,,,,,0/1,303,event title with weak body evidence,0,1,,,,
44481,D,en,19122,2017-12-27,new-silk-road-changing-world-u-s-must-join-2018,Webcast: The New Silk Road is Changing The World: The US Must Join!,/blog/2017/12/27/new-silk-road-changing-world-u-s-must-join-2018/,R3,si_video,1,qSvDI1QkMuE,0,,,0,1,,,,,0/1,300,event title with weak body evidence,0,1,,,,
44720,D,en,19154,2018-01-03,end-geopolitics-adopt-larouches-four-laws,"Webcast: End Geopolitics, Adopt LaRouche's 4 Laws",/blog/2018/01/03/end-geopolitics-adopt-larouches-four-laws/,R3,si_video,1,AGJp4siMIBE,0,,,0,1,,,,,0/1,312,event title with weak body evidence,0,1,,,,
44858,D,en,19176,2018-01-10,silk-road-spirit-inspires-frances-macron-will-reach-berlin-brussels,"Webcast: The ""Silk Road Spirit"" Inspires France's Macron: Will It Ream Berlin and Brussels?",/blog/2018/01/10/silk-road-spirit-inspires-frances-macron-will-reach-berlin-brussels/,R3,si_video,1,nk4bNhXdToQ,0,,,0,1,,,,,0/1,310,event title with weak body evidence,0,1,,,,
44931,D,en,19190,2018-01-17,time-shut-british-imperial-operations,Webcast: Time to Shut Down British Imperial Operations!,/blog/2018/01/17/time-shut-british-imperial-operations/,R3,si_video,1,hYV_0whG4h4,0,,,0,1,,,,,0/1,283,event title with weak body evidence,0,1,,,,
44965,D,de,19192,2018-01-17,webcast-zeit-die-imperialen-britischen-machenschaften-zu-beenden,"Webcast: Zeit, die imperialen britischen Machenschaften zu beenden!",/blog/2018/01/17/webcast-zeit-die-imperialen-britischen-machenschaften-zu-beenden/,R3,si_video,1,5uVuQi2V0rg,0,,,0,1,,,,,0/1,286,event title with weak body evidence,0,1,,,,
45149,D,en,19217,2018-01-24,crazed-neo-cons-put-war-agenda-russiagate-coup-effort-must-defeated,Webcast: Crazed Neo-Cons Put War on the Agenda: Russiagate Coup Effort Must Be Defeated,/blog/2018/01/24/crazed-neo-cons-put-war-agenda-russiagate-coup-effort-must-defeated/,R3,si_video,1,lAVngHhkhQg,0,,,0,1,,,,,0/1,286,event title with weak body evidence,0,1,,,,
45378,D,en,19259,2018-01-31,webcast-global-policy-increasingly-shaped-new-silk-road-time-u-s-join,Webcast: Global Policy Increasingly Shaped by New Silk Road - Time for U.S. to Join!,/blog/2018/01/31/webcast-global-policy-increasingly-shaped-new-silk-road-time-u-s-join/,R3,si_video,1,qOGdiarQssw,0,,,0,1,cet|est,,,,0/1,243,event title with weak body evidence,0,1,,,,
45498,D,en,19277,2018-02-07,webcast-regime-change-coup-exposed-now-time-crush-coup-plotters-consolidate-new-paradigm,"Webcast: With the Regime Change Coup Exposed, NOW is the Time to Crush the Coup Plotters and Consolidate the New Paradigm",/blog/2018/02/07/webcast-regime-change-coup-exposed-now-time-crush-coup-plotters-consolidate-new-paradigm/,R3,si_video,1,m_NtL7lo2es,0,,,0,1,cet|edt,,,,0/1,356,event title with weak body evidence,0,1,,,,
45740,D,en,19308,2018-02-14,webcast-growing-neo-con-hysteria-over-china-offers-proof-that-the-silk-road-spirit-is-unstoppable,Webcast: Growing Neo-Con Hysteria over China Offers Proof that the Silk Road Spirit is Unstoppable,/blog/2018/02/14/webcast-growing-neo-con-hysteria-over-china-offers-proof-that-the-silk-road-spirit-is-unstoppable/,R3,si_video,1,yS-e6abvz1A,0,,,0,1,cet|est,,,,0/1,277,event title with weak body evidence,0,1,,,,
46113,D,en,19350,2018-02-22,old-paradigm-defenders-target-china-at-munich-security-conference,Webcast: 'Old Paradigm' Defenders Target China At Munich Security Conference,/blog/2018/02/22/old-paradigm-defenders-target-china-at-munich-security-conference/,R3,si_video,1,e3G1oOU9QWU,0,,,0,1,cet|est,,,,0/1,322,event title with weak body evidence,0,1,,,,
46137,D,en,19355,2018-02-28,webcast-why-geopolitics-leads-to-war,Webcast: Why Geopolitics leads to War,/blog/2018/02/28/webcast-why-geopolitics-leads-to-war/,R3,si_video,1,zFR18UYEpyI,0,,,0,1,cet|est,,,,0/1,325,event title with weak body evidence,0,1,,,,
46164,D,de,19360,2018-03-01,webcast-mit-helga-zepp-larouche,Webcast mit Helga Zepp-LaRouche,/blog/2018/03/01/webcast-mit-helga-zepp-larouche/,R3,si_video,1,2Elo7flo_Gs,0,,,0,1,,,,,0/1,83,event title with weak body evidence,0,1,,,,
46185,D,en,19366,2018-03-06,webcast-the-strategic-shift-inherent-in-putins-sputnik-shock,Webcast: The Strategic Shift Inherent in Putin's 'Sputnik Shock',/blog/2018/03/06/webcast-the-strategic-shift-inherent-in-putins-sputnik-shock/,R3,si_video,1,QUZFNkzAPLA,0,,,0,1,cet|est,,,,0/1,385,event title with weak body evidence,0,1,,,,
46204,D,de,19369,2018-03-09,webcast-mit-helga-zepp-larouche-7-marz-2018,Webcast mit Helga Zepp-LaRouche – 7. März 2018,/blog/2018/03/09/webcast-mit-helga-zepp-larouche-7-marz-2018/,R3,si_video,1,GAYEtMjlXok,0,,,0,1,,,,,0/1,67,event title with weak body evidence,0,1,,,,
46251,D,de,19377,2018-03-15,webcast-mit-helga-zepp-larouche-14-marz-2018,Webcast mit Helga Zepp-LaRouche – 14. März 2018,/blog/2018/03/15/webcast-mit-helga-zepp-larouche-14-marz-2018/,R3,si_video,1,sN1vxDg_gN0,0,,,0,1,,,,,0/1,4,event title with weak body evidence,0,1,,,,
46254,D,en,19379,2018-03-15,webcast-the-british-empire-is-now-fully-exposed,Webcast: The British Empire is Now Fully Exposed!,/blog/2018/03/15/webcast-the-british-empire-is-now-fully-exposed/,R3,si_video,1,ecoYSyypvB4,0,,,0,1,,,,,0/1,1,event title with weak body evidence,0,1,,,,
46257,D,de,19381,2018-03-16,seminar-in-genf-stoppt-den-volkermord-gegen-jemen,Seminar in Genf: Stoppt den Völkermord gegen Jemen!,/blog/2018/03/16/seminar-in-genf-stoppt-den-volkermord-gegen-jemen/,R9,post,1,b2LfnyiYOLM,0,,,0,1,,,,,0/1,628,event title with weak body evidence,1,1,,,,
46270,D,en,19381,2018-03-16,seminar-in-genf-stoppt-den-volkermord-gegen-jemen,Seminar in Geneva: Stop Genocide in Yemen,/blog/2018/03/16/seminar-in-genf-stoppt-den-volkermord-gegen-jemen/,R9,post,1,b2LfnyiYOLM,0,,,0,1,,,,,0/1,608,event title with weak body evidence,1,1,,,,
46321,D,de,19389,2018-03-21,webcast-mit-helga-zepp-larouche-21-marz-2018,Webcast mit Helga Zepp-LaRouche – 21. März 2018,/blog/2018/03/21/webcast-mit-helga-zepp-larouche-21-marz-2018/,R3,si_video,1,jM8LpCOeQys,0,,,0,1,,,,,0/1,1,event title with weak body evidence,0,1,,,,
46294,D,en,19385,2018-03-22,webcast-desperation-of-british-imperial-elites-forces-them-to-make-a-big-blunder,Webcast: Desperation of British Imperial Elites Forces Them To Make a Big Blunder!,/blog/2018/03/22/webcast-desperation-of-british-imperial-elites-forces-them-to-make-a-big-blunder/,R3,si_video,1,0V2fg2vcqOs,0,,,0,1,,,,,0/1,247,event title with weak body evidence,0,1,,,,
46327,D,en,19390,2018-03-29,how-to-outflank-mad-theresa-mays-march-to-world-war-iii,Webcast: How To Outflank Mad Theresa May's March to World War III,/blog/2018/03/29/how-to-outflank-mad-theresa-mays-march-to-world-war-iii/,R3,si_video,1,IqESyTdApKM,0,,,0,1,,,,,0/1,147,event title with weak body evidence,0,1,,,,
46341,D,de,19393,2018-03-29,webcast-dear-fall-skripal,Webcast: Dear Fall Skripal,/blog/2018/03/29/webcast-dear-fall-skripal/,R3,si_video,1,f-W99Tez-kc,0,,,0,1,,,,,0/1,1,event title with weak body evidence,0,1,,,,
46434,D,en,19407,2018-04-05,webcast-new-silk-road-is-shaping-strategic-affairs,Webcast: New Silk Road is Shaping Strategic Affairs,/blog/2018/04/05/webcast-new-silk-road-is-shaping-strategic-affairs/,R3,si_video,1,PiCDDFKdnQ4,0,,,0,1,,,,,0/1,334,event title with weak body evidence,0,1,,,,
46495,D,en,19416,2018-04-12,webcast-british-false-flag-provocations-put-war-danger-at-red-alert-level,"Webcast: British False Flag Provocations Put War Danger At ""Red Alert"" Level",/blog/2018/04/12/webcast-british-false-flag-provocations-put-war-danger-at-red-alert-level/,R3,si_video,1,M00Y4U44RkQ,0,,,0,1,,,,,0/1,323,event title with weak body evidence,0,1,,,,
46508,D,de,19418,2018-04-12,webcast-mit-helga-zepp-larouche-12-april-2018,Webcast mit Helga Zepp-LaRouche – 12. April 2018,/blog/2018/04/12/webcast-mit-helga-zepp-larouche-12-april-2018/,R3,si_video,1,oVhPQFPjgHU,0,,,0,1,,,,,0/1,3,event title with weak body evidence,0,1,,,,
46525,D,de,19421,2018-04-19,webcast-mit-helga-zepp-larouche-18-april-2018,Webcast mit Helga Zepp-LaRouche – 18. April 2018,/blog/2018/04/19/webcast-mit-helga-zepp-larouche-18-april-2018/,R3,si_video,1,kM_xlt69LhQ,0,,,0,1,,,,,0/1,1,event title with weak body evidence,0,1,,,,
46543,D,en,19425,2018-04-19,webcast-false-flags-fake-news-regime-change-in-washington-exposed-as-made-in-london,"Webcast: False Flags, Fake News, Regime Change In Washington Exposed As Made In London",/blog/2018/04/19/webcast-false-flags-fake-news-regime-change-in-washington-exposed-as-made-in-london/,R3,si_video,1,S0zZMCcJ7TA,0,,,0,1,,,,,0/1,299,event title with weak body evidence,0,1,,,,
46591,D,de,19434,2018-04-25,webcast-mit-helga-zepp-larouche-25-april-2018,Webcast mit Helga Zepp-LaRouche - 25. April 2018,/blog/2018/04/25/webcast-mit-helga-zepp-larouche-25-april-2018/,R3,si_video,1,4maAoCRNsk4,0,,,0,1,,,,,0/1,1,event title with weak body evidence,0,1,,,,
46593,D,en,19435,2018-04-26,webcast-london-based-empire-exposed-door-open-for-trans-atlantic-economic-change,Webcast: London-Based Empire Exposed — Door Open for Trans-Atlantic Economic Change,/blog/2018/04/26/webcast-london-based-empire-exposed-door-open-for-trans-atlantic-economic-change/,R3,si_video,1,43_Z4iFcF3E,0,,,0,1,,,,,0/1,317,event title with weak body evidence,0,1,,,,
46620,D,de,19441,2018-05-02,webcast-mit-helga-zepp-larouche-2-mai-2018,Webcast mit Helga Zepp-LaRouche – 2. Mai 2018,/blog/2018/05/02/webcast-mit-helga-zepp-larouche-2-mai-2018/,R3,si_video,1,5G0mbKULBo4,0,,,0,1,,,,,0/1,1,event title with weak body evidence,0,1,,,,
46623,D,en,19443,2018-05-03,webcast-the-empire-based-in-london-wont-give-up-they-must-and-can-be-defeated,"Webcast: The Empire Based in London Won't Give Up: They Must, and Can Be Defeated",/blog/2018/05/03/webcast-the-empire-based-in-london-wont-give-up-they-must-and-can-be-defeated/,R3,si_video,1,-yNuoa6qyFk,0,,,0,1,,,,,0/1,298,event title with weak body evidence,0,1,,,,
46714,D,de,19458,2018-05-08,webcast-mit-helga-zepp-larouche-8-mai-2018,Webcast mit Helga Zepp-LaRouche – 8. Mai 2018,/blog/2018/05/08/webcast-mit-helga-zepp-larouche-8-mai-2018/,R3,si_video,1,W-e2HcZEdMs,0,,,0,1,,,,,0/1,41,event title with weak body evidence,0,1,,,,
46717,D,en,19460,2018-05-09,webcast-as-tensions-mount-keep-an-eye-on-the-big-picture,"Webcast: As Tensions Mount, Keep an Eye on the Big Picture",/blog/2018/05/09/webcast-as-tensions-mount-keep-an-eye-on-the-big-picture/,R3,si_video,1,hfaEmNGUdM8,0,,,0,1,,,,,0/1,217,event title with weak body evidence,0,1,,,,
46735,D,en,19466,2018-05-24,webcast-will-obama-administration-join-leading-brits-on-trial-as-the-real-collusion-is-exposed,"Webcast: Will Obama Administration Join Leading Brits on Trial as the Real ""Collusion"" Is Exposed?",/blog/2018/05/24/webcast-will-obama-administration-join-leading-brits-on-trial-as-the-real-collusion-is-exposed/,R3,si_video,1,kWErSuJJwa0,0,,,0,1,,,,,0/1,325,event title with weak body evidence,0,1,,,,
46752,D,de,19472,2018-05-28,webcast-mit-helga-zepp-larouche-23-mai-2018,Webcast mit Helga Zepp-LaRouche – 23. Mai 2018,/blog/2018/05/28/webcast-mit-helga-zepp-larouche-23-mai-2018/,R3,si_video,1,zW3N47u8kI4,0,,,0,1,,,,,0/1,1,event title with weak body evidence,0,1,,,,
46760,D,en,19474,2018-05-31,webcast-bankers-coup-in-italy-wont-stop-rebellion-against-bankrupt-empire,Webcast: Banker's Coup in Italy Won't Stop Rebellion Against Bankrupt Empire,/blog/2018/05/31/webcast-bankers-coup-in-italy-wont-stop-rebellion-against-bankrupt-empire/,R3,si_video,1,nXb_HzhY-Zo,0,,,0,1,,,,,0/1,405,event title with weak body evidence,0,1,,,,
46755,D,de,19473,2018-06-01,webcast-mit-helga-zepp-larouche-30-mai-2018,Webcast mit Helga Zepp-LaRouche - 30. Mai 2018,/blog/2018/06/01/webcast-mit-helga-zepp-larouche-30-mai-2018/,R3,si_video,1,eb1rqsHqa64,0,,,0,1,,,,,0/1,1,event title with weak body evidence,0,1,,,,
47628,D,de,19600,2018-06-06,webcast-mit-helga-zepp-larouche-6-juni-2018,Webcast mit Helga Zepp-LaRouche - 6. Juni 2018,/blog/2018/06/06/webcast-mit-helga-zepp-larouche-6-juni-2018/,R3,si_video,1,S3K9yeSmSpQ,0,,,0,1,,,,,0/1,1,event title with weak body evidence,0,1,,,,
46772,D,en,19476,2018-06-07,webcast-new-asian-alignment-is-shaping-the-future-will-the-foolish-europeans-be-left-behind,Webcast: New Asian Alignment Is Shaping the Future: Will the Foolish Europeans Be Left Behind?,/blog/2018/06/07/webcast-new-asian-alignment-is-shaping-the-future-will-the-foolish-europeans-be-left-behind/,R3,si_video,1,qYldkxBcPAs,0,,,0,1,,,,,0/1,348,event title with weak body evidence,0,1,,,,
46834,D,en,19485,2018-06-14,webcast-trump-and-his-eurasian-allies-outflank-the-dying-british-empire,Webcast: Trump and His Eurasian Allies Outflank the Dying British Empire,/blog/2018/06/14/webcast-trump-and-his-eurasian-allies-outflank-the-dying-british-empire/,R3,si_video,1,TdcisDsPN28,0,,,0,1,,,,,0/1,306,event title with weak body evidence,0,1,,,,
47091,D,de,19485,2018-06-14,webcast,Webcast mit Helga Zepp-LaRouche - 13. Juni 2018,/blog/2018/06/14/webcast/,R3,si_video,1,u5JJeqWcRNo,0,,,0,1,,,,,0/1,1,event title with weak body evidence,0,1,,,,
46847,D,en,19487,2018-06-18,history-is-now-being-written-in-asia-the-eu-summit-must-follow-the-example-of-singapore,History Is Now Being Written in Asia! The EU Summit Must Follow the Example of Singapore!,/blog/2018/06/18/history-is-now-being-written-in-asia-the-eu-summit-must-follow-the-example-of-singapore/,R9,post,1,HMFhG_ff_7w,0,,,0,1,,,,,0/1,1541,event title with weak body evidence,1,1,,,,same-trid sibling(s) not flagged: 47094 — decide the whole group
47097,D,de,19491,2018-06-20,webcast-mit-helga-zepp-larouche-20-juni-2018,Webcast mit Helga Zepp-LaRouche – 20. Juni 2018,/blog/2018/06/20/webcast-mit-helga-zepp-larouche-20-juni-2018/,R3,si_video,1,tDHy7pO5Hfo,0,,,0,1,,,,,0/1,1,event title with weak body evidence,0,1,,,,
46871,D,en,19491,2018-06-21,webcast-change-for-the-better-is-coming-if-you-fight-for-it,"Webcast: Change For the Better Is Coming, If You Fight For It",/blog/2018/06/21/webcast-change-for-the-better-is-coming-if-you-fight-for-it/,R3,si_video,1,9vgueOh_wqM,0,,,0,1,,,,,0/1,236,event title with weak body evidence,0,1,,,,
46924,D,en,19500,2018-06-27,webcast-trump-putin-summit-can-change-history-trans-atlantic-fascist-force-wants-to-stop-it,Webcast: Trump-Putin Summit Can Change History—Trans-Atlantic Fascist Force Wants To Stop It,/blog/2018/06/27/webcast-trump-putin-summit-can-change-history-trans-atlantic-fascist-force-wants-to-stop-it/,R3,si_video,1,gV5NQ2Apgd4,0,,,0,1,,,,,0/1,137,event title with weak body evidence,0,1,,,,
47110,D,de,19500,2018-06-28,webcast-mit-helga-zepp-larouche-27-juni-2018,Webcast mit Helga Zepp-LaRouche – 27. Juni 2018,/blog/2018/06/28/webcast-mit-helga-zepp-larouche-27-juni-2018/,R3,si_video,1,gIGWfL18WXw,0,,,0,1,,,,,0/1,1,event title with weak body evidence,0,1,,,,
46973,D,en,19508,2018-07-05,webcast-europe-led-to-new-paradigm-by-schiller-institute-conference,Webcast: Europe Led to New Paradigm by Schiller Institute Conference,/blog/2018/07/05/webcast-europe-led-to-new-paradigm-by-schiller-institute-conference/,R3,si_video,1,xIqrUjlc_c4,0,,,0,1,,,,,0/1,202,event title with weak body evidence,0,1,,,,
47617,D,de,19597,2018-07-11,konferenz-des-schiller-instituts-zeigt-losungen,Webcast: Webcast mit Helga Zepp-LaRouche – 11. Juli 2018,/blog/2018/07/11/konferenz-des-schiller-instituts-zeigt-losungen/,R3,si_video,1,kpQbQx0CZWc,0,,,0,1,,,,,0/1,1,event title with weak body evidence,0,1,,,,
47044,D,en,19519,2018-07-12,webcast-european-governments-face-existential-crisis-will-they-turn-to-the-new-paradigm-for-solutions,"Webcast: European Governments Face Existential Crisis, Will They Turn to the New Paradigm For Solutions?",/blog/2018/07/12/webcast-european-governments-face-existential-crisis-will-they-turn-to-the-new-paradigm-for-solutions/,R3,si_video,1,XQJQwK368Tk,0,,,0,1,,,,,0/1,430,event title with weak body evidence,0,1,,,,
47425,D,en,19565,2018-07-19,webcast-trump-putin-summit-brings-world-closer-to-new-paradigm,Webcast: Trump-Putin Summit Brings World Closer to New Paradigm,/blog/2018/07/19/webcast-trump-putin-summit-brings-world-closer-to-new-paradigm/,R3,si_video,1,5YsiUo6NcSw,0,,,0,1,,,,,0/1,241,event title with weak body evidence,0,1,,,,
47437,D,de,19565,2018-07-19,webcast-trump-putin-summit-brings-world-closer-to-new-paradigm,Webcast mit Helga Zepp-LaRouche – 18. Juli 2018,/blog/2018/07/19/webcast-trump-putin-summit-brings-world-closer-to-new-paradigm/,R3,si_video,1,YBmbVBZEjH4,0,,,0,1,,,,,0/1,1,event title with weak body evidence,0,1,,,,
47623,D,de,19598,2018-07-25,webcast-webcast-mit-helga-zepp-larouche-25-juli-2018,Webcast: Webcast mit Helga Zepp-LaRouche – 25. Juli 2018,/blog/2018/07/25/webcast-webcast-mit-helga-zepp-larouche-25-juli-2018/,R3,si_video,1,rQj-bBxvEkk,0,,,0,1,,,,,0/1,1,event title with weak body evidence,0,1,,,,
47474,D,en,19573,2018-07-26,webcast-trump-invites-putin-to-dc-xi-jinping-tours-africa-momentum-builds-for-new-paradigm,"Webcast: Trump Invites Putin to DC, Xi Jinping Tours Africa: Momentum Builds for New Paradigm",/blog/2018/07/26/webcast-trump-invites-putin-to-dc-xi-jinping-tours-africa-momentum-builds-for-new-paradigm/,R3,si_video,1,UaIMuJ5e1CQ,0,,,0,1,,,,,0/1,388,event title with weak body evidence,0,1,,,,
47625,D,de,19599,2018-08-01,webcast-webcast-mit-helga-zepp-larouche-1-august-2018,Webcast: Webcast mit Helga Zepp-LaRouche – 1. August 2018,/blog/2018/08/01/webcast-webcast-mit-helga-zepp-larouche-1-august-2018/,R3,si_video,1,erRcbfOvM40,0,,,0,1,,,,,0/1,1,event title with weak body evidence,0,1,,,,
47594,D,en,19594,2018-08-02,webcast-dialogue-not-war,"Webcast: Dialogue, Not War!",/blog/2018/08/02/webcast-dialogue-not-war/,R3,si_video,1,iQBwPZgOlDQ,0,,,0,1,,,,,0/1,347,event title with weak body evidence,0,1,,,,
47718,D,en,19619,2018-08-10,webcast-the-time-has-come-to-end-the-russiagate-fraud,Webcast: The Time Has Come to End the Russiagate Fraud!,/blog/2018/08/10/webcast-the-time-has-come-to-end-the-russiagate-fraud/,R3,si_video,1,h-jP8RK6VgM,0,,,0,1,,,,,0/1,21,event title with weak body evidence,0,1,,,,
47731,D,de,19622,2018-08-11,webcast-mit-helga-zepp-larouche-8-august-2018,WEBCAST MIT HELGA ZEPP-LAROUCHE – 8. AUGUST 2018,/blog/2018/08/11/webcast-mit-helga-zepp-larouche-8-august-2018/,R3,si_video,1,WiY3qNNKeeE,0,,,0,1,,,,,0/1,1,event title with weak body evidence,0,1,,,,
47803,D,en,19630,2018-08-17,webcast-as-financial-system-teeters-a-new-bretton-woods-is-the-solution,"Webcast: As Financial System Teeters, a New Bretton Woods is the Solution",/blog/2018/08/17/webcast-as-financial-system-teeters-a-new-bretton-woods-is-the-solution/,R3,si_video,1,K5103qe33mo,0,,,0,1,,,,,0/1,268,event title with weak body evidence,0,1,,,,
47819,D,de,19634,2018-08-17,webcast-mit-helga-zepp-larouche-15-august-2018,WEBCAST MIT HELGA ZEPP-LAROUCHE – 15. AUGUST 2018,/blog/2018/08/17/webcast-mit-helga-zepp-larouche-15-august-2018/,R3,si_video,1,tertMf7r8UI,0,,,0,1,,,,,0/1,1,event title with weak body evidence,0,1,,,,
47878,D,de,19652,2018-08-22,webcast-mit-helga-zepp-larouche-22-august-2018,Webcast mit Helga Zepp-LaRouche – 22. August 2018,/blog/2018/08/22/webcast-mit-helga-zepp-larouche-22-august-2018/,R3,si_video,1,AbUtblL6N_o,0,,,0,1,,,,,0/1,1,event title with weak body evidence,0,1,,,,
47882,D,en,19653,2018-08-23,webcast-time-has-come-for-a-new-bretton-woods-based-on-larouches-four-laws,"Webcast: Time Has Come For a New Bretton Woods, Based on LaRouche's Four Laws",/blog/2018/08/23/webcast-time-has-come-for-a-new-bretton-woods-based-on-larouches-four-laws/,R3,si_video,1,i_oBaeYT4CU,0,,,0,1,,,,,0/1,413,event title with weak body evidence,0,1,,,,
48184,D,de,19690,2018-08-29,webcast-mit-helga-zepp-larouche-29-august-2018,WEBCAST MIT HELGA ZEPP-LAROUCHE – 29. AUGUST 2018,/blog/2018/08/29/webcast-mit-helga-zepp-larouche-29-august-2018/,R3,si_video,1,KQm8bMVOjFs,0,,,0,1,,,,,0/1,1,event title with weak body evidence,0,1,,,,
48195,D,en,19695,2018-08-30,webcast-with-brits-preparing-a-new-false-flag-in-syria-citizens-must-choose-war-or-new-silk-road,"Webcast: With Brits Preparing a New False Flag in Syria, Citizens Must Choose: War or New Silk Road",/blog/2018/08/30/webcast-with-brits-preparing-a-new-false-flag-in-syria-citizens-must-choose-war-or-new-silk-road/,R3,si_video,1,R_2w6-WKfYw,0,,,0,1,,,,,0/1,239,event title with weak body evidence,0,1,,,,
48466,D,de,19726,2018-09-06,webcast-mit-helga-zepp-larouche-5-september-2018,Webcast mit Helga Zepp-LaRouche – 5. September 2018,/blog/2018/09/06/webcast-mit-helga-zepp-larouche-5-september-2018/,R3,si_video,1,PSs8dgX-u4I,0,,,0,1,,,,,0/1,15,event title with weak body evidence,0,1,,,,
48495,D,en,19731,2018-09-06,webcast-with-china-africa-will-be-a-powerhouse-of-the-future,Webcast: With China 'Africa Will Be a Powerhouse of the Future',/blog/2018/09/06/webcast-with-china-africa-will-be-a-powerhouse-of-the-future/,R3,si_video,1,n4yCBdzrQb8,0,,,0,1,,,,,0/1,321,event title with weak body evidence,0,1,,,,
48576,D,de,19750,2018-09-20,webcast-mit-helga-zepp-larouche-19-september-2018,WEBCAST MIT HELGA ZEPP-LAROUCHE – 19. SEPTEMBER 2018,/blog/2018/09/20/webcast-mit-helga-zepp-larouche-19-september-2018/,R3,si_video,1,BZINU9_GQpQ,0,,,0,1,,,,,0/1,1,event title with weak body evidence,0,1,,,,
48595,D,en,19753,2018-09-20,webcast-victory-over-desperate-british-empire-now-within-reach,Webcast: Victory Over Desperate British Empire Now Within Reach!,/blog/2018/09/20/webcast-victory-over-desperate-british-empire-now-within-reach/,R3,si_video,1,5bIJTGJLfkA,0,,,0,1,,,,,0/1,379,event title with weak body evidence,0,1,,,,
48677,D,en,19761,2018-09-27,webcast-discredited-russiagate-coup-must-be-shut-down-for-the-sake-of-humanity,"Webcast: Discredited Russiagate Coup Must Be Shut Down, For the Sake of Humanity",/blog/2018/09/27/webcast-discredited-russiagate-coup-must-be-shut-down-for-the-sake-of-humanity/,R3,si_video,1,cUf0PCez1cI,0,,,0,1,,,,,0/1,288,event title with weak body evidence,0,1,,,,
48702,D,de,19766,2018-09-28,webcast-mit-helga-zepp-larouche-26-september-2018,WEBCAST MIT HELGA ZEPP-LAROUCHE – 26. SEPTEMBER 2018,/blog/2018/09/28/webcast-mit-helga-zepp-larouche-26-september-2018/,R3,si_video,1,2qx8lRnu7kY,0,,,0,1,,,,,0/1,1,event title with weak body evidence,0,1,,,,
48709,D,en,19768,2018-10-04,webcast-what-will-it-take-to-defeat-russiagate-and-bring-the-u-s-and-europe-into-the-new-paradigm,"Webcast: What Will It Take to Defeat Russiagate, and Bring the U.S. and Europe Into the New Paradigm?",/blog/2018/10/04/webcast-what-will-it-take-to-defeat-russiagate-and-bring-the-u-s-and-europe-into-the-new-paradigm/,R3,si_video,1,ZEk09HtVCEs,0,,,0,1,,,,,0/1,427,event title with weak body evidence,0,1,,,,
48755,D,de,19777,2018-10-05,webcast-mit-helga-zepp-larouche-4-oktober-2018,WEBCAST MIT HELGA ZEPP-LAROUCHE – 4. OKTOBER 2018,/blog/2018/10/05/webcast-mit-helga-zepp-larouche-4-oktober-2018/,R3,si_video,1,C85yn4vAY3k,0,,,0,1,,,,,0/1,1,event title with weak body evidence,0,1,,,,
48813,D,de,19788,2018-10-11,webcast-mit-helga-zepp-larouche-10-oktober-2018,WEBCAST MIT HELGA ZEPP-LAROUCHE – 10. OKTOBER 2018,/blog/2018/10/11/webcast-mit-helga-zepp-larouche-10-oktober-2018/,R3,si_video,1,Z-LBZCOEvXc,0,,,0,1,,,,,0/1,1,event title with weak body evidence,0,1,,,,
48800,D,en,19785,2018-10-11,webcast-war-and-peace-at-stake-in-u-s-midterm-elections,Webcast: War and Peace at Stake in U.S. Midterm Elections,/blog/2018/10/11/webcast-war-and-peace-at-stake-in-u-s-midterm-elections/,R3,si_video,1,A4pcmsl2V_I,0,,,0,1,,,,,0/1,312,event title with weak body evidence,0,1,,,,
48835,D,de,19792,2018-10-18,webcast-mit-helga-zepp-larouche-18-oktober-2018,Webcast mit Helga Zepp-LaRouche – 18. Oktober 2018,/blog/2018/10/18/webcast-mit-helga-zepp-larouche-18-oktober-2018/,R3,si_video,1,Q8SSt5ZIFUA,0,,,0,1,,,,,0/1,1,event title with weak body evidence,0,1,,,,
48840,D,en,19794,2018-10-19,webcast-november-6-u-s-election-can-secure-new-paradigm-and-end-imperial-geopolitics,Webcast: November 6 U.S. Election Can Secure New Paradigm and End Imperial Geopolitics,/blog/2018/10/19/webcast-november-6-u-s-election-can-secure-new-paradigm-and-end-imperial-geopolitics/,R3,si_video,1,TptyoXfywgM,0,,,0,1,,,,,0/1,293,event title with weak body evidence,0,1,,,,
49178,D,en,19812,2018-10-25,seminar-in-berlin-felix-jemen-statt-volkermord,"Successful Berlin Seminar: ""Felix Yemen"" instead of Genocide!",/blog/2018/10/25/seminar-in-berlin-felix-jemen-statt-volkermord/,R9,post,1,Du1QzcR30wg,0,,,0,1,,,,,0/1,948,event title with weak body evidence,1,1,,,,
49460,D,de,19886,2018-11-01,webcast-mit-helga-zepp-larouche-31-oktober-2018,Webcast mit Helga Zepp-LaRouche – 31. Oktober 2018,/blog/2018/11/01/webcast-mit-helga-zepp-larouche-31-oktober-2018/,R3,si_video,1,qQ_puL6YYU0,0,,,0,1,,,,,0/1,1,event title with weak body evidence,0,1,,,,
49467,D,en,19887,2018-11-01,webcast-war-or-peace-us-midterm-elections-hold-the-key,Webcast: War or Peace — US Midterm Elections Hold the Key,/blog/2018/11/01/webcast-war-or-peace-us-midterm-elections-hold-the-key/,R3,si_video,1,znyZcnynk70,0,,,0,1,,,,,0/1,85,event title with weak body evidence,0,1,,,,
49509,D,de,19900,2018-11-07,webcast-mit-helga-zepp-larouche-7-november-2018,WEBCAST MIT HELGA ZEPP-LAROUCHE – 7. NOVEMBER 2018,/blog/2018/11/07/webcast-mit-helga-zepp-larouche-7-november-2018/,R3,si_video,1,T37FC6lFFTk,0,,,0,1,,,,,0/1,1,event title with weak body evidence,0,1,,,,
49545,D,en,19908,2018-11-08,webcast-use-trumps-victory-to-build-momentum-for-the-new-paradigm,Webcast: Use Trump's Victory to Build Momentum for the New Paradigm,/blog/2018/11/08/webcast-use-trumps-victory-to-build-momentum-for-the-new-paradigm/,R3,si_video,1,SWG7ca506bM,0,,,0,1,,,,,0/1,172,event title with weak body evidence,0,1,,,,
49627,D,en,19922,2018-11-15,webcast-missed-opportunity-in-france-huge-potential-at-g20,"Webcast: Missed Opportunity in France, Huge Potential at G20",/blog/2018/11/15/webcast-missed-opportunity-in-france-huge-potential-at-g20/,R3,si_video,1,oJXXbstXy6g,0,,,0,1,,,,,0/1,150,event title with weak body evidence,0,1,,,,
49641,D,de,19925,2018-11-16,webcast-mit-helga-zepp-larouche-14-november-2018,Webcast mit Helga Zepp-LaRouche – 14. November 2018,/blog/2018/11/16/webcast-mit-helga-zepp-larouche-14-november-2018/,R3,si_video,1,VebcdhODeFI,0,,,0,1,,,,,0/1,1,event title with weak body evidence,0,1,,,,
49801,D,de,19945,2018-11-22,webcast-mit-helga-zepp-larouche-21-november-2018,Webcast mit Helga Zepp-LaRouche – 21. November 2018,/blog/2018/11/22/webcast-mit-helga-zepp-larouche-21-november-2018/,R3,si_video,1,AP8JYqNyO4g,0,,,0,1,,,,,0/1,1,event title with weak body evidence,0,1,,,,
49883,D,en,19954,2018-11-22,webcast-only-mr-larouches-program-can-reverse-the-economic-breakdown,Webcast: Only Mr. LaRouche's Program Can Reverse the Economic Breakdown,/blog/2018/11/22/webcast-only-mr-larouches-program-can-reverse-the-economic-breakdown/,R3,si_video,1,-mFttduG_-o,0,,,0,1,,,,,0/1,283,event title with weak body evidence,0,1,,,,
50188,D,en,19993,2018-11-29,webcast-ukraine-provocations-staged-to-cancel-trump-putin-summit,Webcast: Ukraine Provocations Staged to Cancel Trump-Putin Summit,/blog/2018/11/29/webcast-ukraine-provocations-staged-to-cancel-trump-putin-summit/,R3,si_video,1,uFdCh39aURY,0,,,0,1,,,,,0/1,147,event title with weak body evidence,0,1,,,,
50298,D,en,20007,2018-12-06,webcast-the-battle-lines-are-clear-new-paradigm-or-economic-chaos-and-war,"Webcast - The Battle Lines are Clear: New Paradigm, or Economic Chaos and War",/blog/2018/12/06/webcast-the-battle-lines-are-clear-new-paradigm-or-economic-chaos-and-war/,R3,si_video,1,Gtw3s4AS4lc,0,,,0,1,,,,,0/1,236,event title with weak body evidence,0,1,,,,
50437,D,en,20028,2018-12-12,webcast-french-mass-strike-decimates-globalists-and-climate-change-hoax,Webcast—French Mass Strike Decimates Globalists and Climate Change Hoax,/blog/2018/12/12/webcast-french-mass-strike-decimates-globalists-and-climate-change-hoax/,R3,si_video,1,ZuSLHtuQqtI,0,,,0,1,,,,,0/1,97,event title with weak body evidence,0,1,,,,
50536,D,en,20042,2018-12-20,webcast-lies-about-china-russia-trump-come-from-neo-liberals-who-have-bankrupted-their-own-system,"Webcast—Lies About China, Russia & Trump Come from Neo-liberals Who Have Bankrupted Their Own System",/blog/2018/12/20/webcast-lies-about-china-russia-trump-come-from-neo-liberals-who-have-bankrupted-their-own-system/,R3,si_video,1,_gtFHC-8rd8,0,,,0,1,,,,,0/1,218,event title with weak body evidence,0,1,,,,
50707,D,en,20057,2018-12-27,webcast-trump-dumps-british-empires-agenda-of-permanent-war-provokes-hysteria,"Webcast: Trump Dumps British Empire's Agenda of Permanent War, Provokes Hysteria",/blog/2018/12/27/webcast-trump-dumps-british-empires-agenda-of-permanent-war-provokes-hysteria/,R3,si_video,1,diS1xz6Kwhg,0,,,0,1,,,,,0/1,280,event title with weak body evidence,0,1,,,,
51222,D,en,20147,2019-01-11,webcast-the-underlying-positive-world-dynamic-the-british-empire-is-trying-to-hide-from-you,Webcast—The Underlying Positive World Dynamic the British Empire is Trying to Hide from You,/blog/2019/01/11/webcast-the-underlying-positive-world-dynamic-the-british-empire-is-trying-to-hide-from-you/,R3,si_video,1,0TYXQtu1HOg,0,,,0,1,,,,,0/1,126,event title with weak body evidence,0,1,,,,
51389,D,en,20167,2019-01-19,webcast-brits-panic-grows-will-trumps-missile-defense-plan-become-larouche-and-reagans-sdi,Webcast—Brits Panic grows; Will Trump’s Missile Defense Plan Become LaRouche and Reagan’s SDI?,/blog/2019/01/19/webcast-brits-panic-grows-will-trumps-missile-defense-plan-become-larouche-and-reagans-sdi/,R3,si_video,1,ilKooIoAcvU,0,,,0,1,,,,,0/1,87,event title with weak body evidence,0,1,,,,
51741,D,en,20217,2019-01-31,webcast-to-shut-down-the-coup-against-trump-exonerate-larouche,"Webcast—To Shut Down the Coup Against Trump, Exonerate LaRouche",/blog/2019/01/31/webcast-to-shut-down-the-coup-against-trump-exonerate-larouche/,R3,si_video,1,_2SGN-8mYb8,0,,,0,1,,,,,0/1,273,event title with weak body evidence,0,1,,,,
52327,D,en,20283,2019-03-01,webcast-defeat-the-murderous-british-empire-raise-mankind-to-a-new-level-of-creative-thinking,Webcast—Defeat the Murderous British Empire — Raise Mankind to a New Level of Creative Thinking,/blog/2019/03/01/webcast-defeat-the-murderous-british-empire-raise-mankind-to-a-new-level-of-creative-thinking/,R3,si_video,1,XgFOU7Kv1LQ,0,,,0,1,,,,,0/1,227,event title with weak body evidence,0,1,,,,
52358,D,de,20290,2019-03-06,seminar-des-schiller-instituts-in-berlin-kooperation-statt-konfrontation-mit-china,Seminar des Schiller-Instituts in Berlin: Kooperation statt Konfrontation mit China,/blog/2019/03/06/seminar-des-schiller-instituts-in-berlin-kooperation-statt-konfrontation-mit-china/,R9,post,1,o8JLl_x48Ao,0,,,0,1,,,,,0/1,850,event title with weak body evidence,1,1,,,,
52418,D,en,20299,2019-03-07,webcast-italy-joins-with-china-in-battle-for-the-new-paradigm-geopoliticians-flip,"Webcast—Italy joins with China in battle for the New Paradigm, Geopoliticians Flip!",/blog/2019/03/07/webcast-italy-joins-with-china-in-battle-for-the-new-paradigm-geopoliticians-flip/,R3,si_video,1,uDdLdopf5-w,0,,,0,1,,,,,0/1,71,event title with weak body evidence,0,1,,,,
52453,D,de,20299,2019-03-07,webcast-italy-joins-with-china-in-battle-for-the-new-paradigm-geopoliticians-flip,Webcast—Italien tritt Chinas Neuer Seidenstraße bei! Kriegsfraktion reagiert hysterisch.,/blog/2019/03/07/webcast-italy-joins-with-china-in-battle-for-the-new-paradigm-geopoliticians-flip/,R3,si_video,1,PNFZiqMoZaw,0,,,0,1,,,,,0/1,57,event title with weak body evidence,0,1,,,,
52497,D,en,20310,2019-03-14,preliminary-report-movisol-conference-on-bri-in-milan,Movisol Conference on BRI in Milan,/blog/2019/03/14/preliminary-report-movisol-conference-on-bri-in-milan/,R3,si_video,1,uko_XxbB0ew,0,,,0,1,,,,,0/1,2464,event title with weak body evidence,0,1,,,,
52548,D,en,20316,2019-03-15,webcast-neocons-move-to-box-trump-in-while-italy-points-toward-the-new-paradigm,"Webcast—Neocons Move to Box Trump In, While Italy Points Toward the New Paradigm",/blog/2019/03/15/webcast-neocons-move-to-box-trump-in-while-italy-points-toward-the-new-paradigm/,R3,si_video,1,4-IFP8Wg8CA,0,,,0,1,,,,,0/1,243,event title with weak body evidence,0,1,,,,
52630,D,de,20316,2019-03-15,webcast-neocons-move-to-box-trump-in-while-italy-points-toward-the-new-paradigm,Webcast—Italiens Absichtserklärung zur Kooperation mit China schlägt Wellen,/blog/2019/03/15/webcast-neocons-move-to-box-trump-in-while-italy-points-toward-the-new-paradigm/,R3,si_video,1,9xdEo9Z-y6U,0,,,0,1,,,,,0/1,228,event title with weak body evidence,0,1,,,,
52713,D,en,20339,2019-03-28,webcast-collapse-of-russiagate-exposes-the-british-hand-behind-attempted-coup-in-usa,Webcast—Collapse of Russiagate Exposes the British Hand Behind Attempted Coup in USA,/blog/2019/03/28/webcast-collapse-of-russiagate-exposes-the-british-hand-behind-attempted-coup-in-usa/,R3,si_video,1,mZQNRpDR8jg,0,,,0,1,,,,,0/1,233,event title with weak body evidence,0,1,,,,
52763,D,de,20339,2019-03-28,webcast-collapse-of-russiagate-exposes-the-british-hand-behind-attempted-coup-in-usa,"Webcast – Russiagate kollabiert, Briten entlarvt!",/blog/2019/03/28/webcast-collapse-of-russiagate-exposes-the-british-hand-behind-attempted-coup-in-usa/,R3,si_video,1,BytfAAlc9Gk,0,,,0,1,,,,,0/1,226,event title with weak body evidence,0,1,,,,
52858,D,en,20354,2019-04-04,webcast-success-for-the-new-paradigm-requires-a-full-expose-of-british-character-of-russiagate,"Webcast: Success of New Paradigm Requires Full Expose of Russiagate's British ""Character""",/blog/2019/04/04/webcast-success-for-the-new-paradigm-requires-a-full-expose-of-british-character-of-russiagate/,R3,si_video,1,I7fDsxo6yFQ,0,,,0,1,,,,,0/1,254,event title with weak body evidence,0,1,,,,
53102,D,de,20354,2019-04-04,webcast-success-for-the-new-paradigm-requires-a-full-expose-of-british-character-of-russiagate,"Webcast: Das neue Paradigma ist unmöglich, ohne die britische Hand hinter dem Russiagate aufzudecken",/blog/2019/04/04/webcast-success-for-the-new-paradigm-requires-a-full-expose-of-british-character-of-russiagate/,R3,si_video,1,_V_4qoOxaAU,0,,,0,1,,,,,0/1,234,event title with weak body evidence,0,1,,,,
53472,D,en,20444,2019-04-28,webcast-second-belt-and-road-forum-launches-world-economy-into-new-dimension,Webcast: Second Belt and Road Forum Launches World Economy Into New Dimension,/blog/2019/04/28/webcast-second-belt-and-road-forum-launches-world-economy-into-new-dimension/,R3,si_video,1,cUpapSBme24,0,,,0,1,,,,,0/1,279,event title with weak body evidence,0,1,,,,
53509,D,de,20449,2019-05-01,webcast-zweites-belt-and-road-forum-fuhrt-weltwirtschaft-in-neue-dimension,Webcast –  Zweites Belt and Road Forum führt Weltwirtschaft in neue Dimension,/blog/2019/05/01/webcast-zweites-belt-and-road-forum-fuhrt-weltwirtschaft-in-neue-dimension/,R3,si_video,1,C8jIbuSINgU,0,,,0,1,,,,,0/1,312,event title with weak body evidence,0,1,,,,
53597,D,en,20461,2019-05-05,webcast-zepp-larouche-be-optimistic-trump-putin-call-advances-the-new-paradigm,Webcast—Zepp-LaRouche: Be Optimistic! Trump-Putin Call Advances the New Paradigm,/blog/2019/05/05/webcast-zepp-larouche-be-optimistic-trump-putin-call-advances-the-new-paradigm/,R3,si_video,1,B6vX5KACJyE,0,,,0,1,,,,,0/1,208,event title with weak body evidence,0,1,,,,
53803,D,de,20461,2019-05-05,webcast-zepp-larouche-be-optimistic-trump-putin-call-advances-the-new-paradigm,Webcast –  Helga Zepp-LaRouche: Seien Sie optimistisch!  Trump-Putin-Gespräch bringt neues Paradigma weiter voran,/blog/2019/05/05/webcast-zepp-larouche-be-optimistic-trump-putin-call-advances-the-new-paradigm/,R3,si_video,1,UeB68NqNn6w,0,,,0,1,,,,,0/1,228,event title with weak body evidence,0,1,,,,
53852,D,en,20510,2019-05-09,webcast-as-prosecutors-zero-in-on-british-russiagate-perpetrators-war-party-goes-wild,"Webcast—As Prosecutors Zero In on British Russiagate Perpetrators, War Party Goes Wild",/blog/2019/05/09/webcast-as-prosecutors-zero-in-on-british-russiagate-perpetrators-war-party-goes-wild/,R3,si_video,1,P9G4usdgERw,0,,,0,1,,,,,0/1,163,event title with weak body evidence,0,1,,,,
54139,D,en,20544,2019-05-30,webcast-helga-zepp-larouche-in-china-eastwest-cooperation-is-the-only-way-forward,Webcast—Helga Zepp-LaRouche in China: East/West Cooperation Is The Only Way Forward,/blog/2019/05/30/webcast-helga-zepp-larouche-in-china-eastwest-cooperation-is-the-only-way-forward/,R3,si_video,1,siCFNf2LSmg,0,,,0,1,,,,,0/1,120,event title with weak body evidence,0,1,,,,
54242,D,en,20558,2019-06-14,webcast-as-global-war-danger-grows-lyndon-larouches-ideas-are-needed-more-than-ever,"Webcast: As Global War Danger Grows, Lyndon LaRouche's Ideas are Needed More Than Ever",/blog/2019/06/14/webcast-as-global-war-danger-grows-lyndon-larouches-ideas-are-needed-more-than-ever/,R3,si_video,1,zI732Dsu_-I,0,,,0,1,,,,,0/1,206,event title with weak body evidence,0,1,,,,
54336,D,en,20578,2019-06-22,webcast-larouches-exoneration-is-crucial-to-stopping-the-british-empires-drive-towards-wwiii,Webcast — LaRouche's Exoneration is Crucial to Stopping the British Empire's Drive Towards WWIII,/blog/2019/06/22/webcast-larouches-exoneration-is-crucial-to-stopping-the-british-empires-drive-towards-wwiii/,R3,si_video,1,z0Hb0geXAn8,0,,,0,1,,,,,0/1,299,event title with weak body evidence,0,1,,,,
54363,D,de,20578,2019-06-22,webcast-larouches-exoneration-is-crucial-to-stopping-the-british-empires-drive-towards-wwiii,"Webcast –  LaRouches Rehabilitierung ausschlaggebend, um Kriegsprovokationen zu beenden",/blog/2019/06/22/webcast-larouches-exoneration-is-crucial-to-stopping-the-british-empires-drive-towards-wwiii/,R3,si_video,1,-OMeQ-VU-NM,0,,,0,1,,,,,0/1,253,event title with weak body evidence,0,1,,,,
54554,D,en,20602,2019-07-01,webcast-trump-kim-meeting-revives-singapore-spirit,Webcast: Trump-Kim Meeting Revives 'Singapore Spirit',/blog/2019/07/01/webcast-trump-kim-meeting-revives-singapore-spirit/,R3,si_video,1,9ILONp3qxT8,0,,,0,1,,,,,0/1,3829,event title with weak body evidence,0,1,,,,
54662,D,de,20602,2019-07-01,webcast-trump-kim-meeting-revives-singapore-spirit,Webcast: Trump-Kim-Treffen bringt den „Geist von Singapur“ zurück,/blog/2019/07/01/webcast-trump-kim-meeting-revives-singapore-spirit/,R3,si_video,1,emTH2-O4teE,0,,,0,1,,,,,0/1,195,event title with weak body evidence,0,1,,,,
54706,D,en,20622,2019-07-03,amidst-uschina-tensions-schiller-institute-holds-win-win-forum-on-bri-in-los-angeles,"Amidst US/China Tensions, Schiller Institute Holds ""Win-Win"" Forum on BRI in Los Angeles",/blog/2019/07/03/amidst-uschina-tensions-schiller-institute-holds-win-win-forum-on-bri-in-los-angeles/,R9,post,1,nwK_XIDo-Ko,0,,,0,1,,,,,0/1,531,event title with weak body evidence,1,1,,,,
54827,D,en,20636,2019-07-08,webcast-battle-for-a-new-paradigm-american-republic-vs-exposed-british-empire,Webcast: Battle for a New Paradigm: American Republic vs. Exposed British Empire,/blog/2019/07/08/webcast-battle-for-a-new-paradigm-american-republic-vs-exposed-british-empire/,R3,si_video,1,phQSergYg1Q,0,,,0,1,,,,,0/1,244,event title with weak body evidence,0,1,,,,
54946,D,en,20654,2019-07-13,webcast-could-mans-future-in-space-be-the-key-to-defeat-the-deadly-pessimism-of-empire,Webcast: Could Man's Future in Space Be the Key to Defeat the Deadly Pessimism of Empire?,/blog/2019/07/13/webcast-could-mans-future-in-space-be-the-key-to-defeat-the-deadly-pessimism-of-empire/,R3,si_video,1,ooax2WF4Dt4,0,,,0,1,,,,,0/1,208,event title with weak body evidence,0,1,,,,
54972,D,de,20654,2019-07-13,webcast-could-mans-future-in-space-be-the-key-to-defeat-the-deadly-pessimism-of-empire,Webcast: Zeit für Optimismus – 50 Jahre Mondlandung und weltweite Kooperation für den Fortschritt,/blog/2019/07/13/webcast-could-mans-future-in-space-be-the-key-to-defeat-the-deadly-pessimism-of-empire/,R3,si_video,1,a7TmNNkdsYw,0,,,0,1,,,,,0/1,196,event title with weak body evidence,0,1,,,,
54977,D,en,20658,2019-07-21,webcast-anniversary-of-moon-landing-is-a-wake-up-call-time-to-create-an-optimistic-future,Webcast: Anniversary of Moon Landing Is a Wake-Up Call—Time to Create an Optimistic Future,/blog/2019/07/21/webcast-anniversary-of-moon-landing-is-a-wake-up-call-time-to-create-an-optimistic-future/,R3,si_video,1,JvkMOovgknM,0,,,0,1,took place,,,,0/1,4305,event title with weak body evidence,0,1,,,,
55371,D,de,20658,2019-07-21,webcast-anniversary-of-moon-landing-is-a-wake-up-call-time-to-create-an-optimistic-future,Webcast: Nur Raumfahrtkooperation kann grünen Morgenthauplan verhindern!,/blog/2019/07/21/webcast-anniversary-of-moon-landing-is-a-wake-up-call-time-to-create-an-optimistic-future/,R3,si_video,1,rL-Pop_jxVI,0,,,0,1,,,,,0/1,1,event title with weak body evidence,0,1,,,,
55085,D,en,20669,2019-07-29,55085,Webcast: The Biggest Problem We Face is Lack of Knowledge of the Beautiful Options We Have,/blog/2019/07/29/55085/,R3,si_video,1,jexyALtZ50s,0,,,0,1,,,,,0/1,216,event title with weak body evidence,0,1,,,,
55259,D,de,20669,2019-07-29,55085,"Webcast – Eines unserer größten Probleme? Die Unwissenheit über die fantastischen Optionen, die vor uns liegen",/blog/2019/07/29/55085/,R3,si_video,1,EIb_CkM2Lxs,0,,,0,1,,,,,0/1,237,event title with weak body evidence,0,1,,,,
55263,D,en,20692,2019-08-05,webcast-british-launch-global-destabilization-operations-scientific-cooperation-in-space-is-the-antidote,Webcast: British Launch Global Destabilization Operations—Scientific Cooperation in Space is the Antidote,/blog/2019/08/05/webcast-british-launch-global-destabilization-operations-scientific-cooperation-in-space-is-the-antidote/,R3,si_video,1,Il295VA6C10,0,,,0,1,,,,,0/1,212,event title with weak body evidence,0,1,,,,
55332,D,de,20692,2019-08-05,webcast-british-launch-global-destabilization-operations-scientific-cooperation-in-space-is-the-antidote,"Webcast: Manipulierte Klimahysterie, um Megaspekulanten neue Geldquellen zu öffnen",/blog/2019/08/05/webcast-british-launch-global-destabilization-operations-scientific-cooperation-in-space-is-the-antidote/,R3,si_video,1,Q91IvAEau9c,0,,,0,1,,,,,0/1,210,event title with weak body evidence,0,1,,,,
55469,D,en,20717,2019-08-13,webcast-desperate-anglo-american-financial-elites-behind-push-regime-change-eco-terrorism,"Webcast: Desperate Anglo-American Financial Elites Behind Push Regime Change, Eco-Terrorism",/blog/2019/08/13/webcast-desperate-anglo-american-financial-elites-behind-push-regime-change-eco-terrorism/,R3,si_video,1,blwzSu_IXMk,0,,,0,1,,,,,0/1,247,event title with weak body evidence,0,1,,,,
55567,D,en,20729,2019-08-21,webcast%e2%81%a0-zepp-larouche-a-financial-crash-is-coming-like-a-big-tsunami,Webcast⁠—Zepp-LaRouche: A Financial Crash is Coming Like a Big Tsunami,/blog/2019/08/21/webcast%e2%81%a0-zepp-larouche-a-financial-crash-is-coming-like-a-big-tsunami/,R3,si_video,1,0_GkgkUoTKk,0,,,0,1,,,,,0/1,4499,event title with weak body evidence,0,1,,,,
55603,D,de,20729,2019-08-21,webcast%e2%81%a0-zepp-larouche-a-financial-crash-is-coming-like-a-big-tsunami,Webcast⁠—Zepp-LaRouche: Ein Finanzkrach kommt wie ein großer Tsunami auf uns zu,/blog/2019/08/21/webcast%e2%81%a0-zepp-larouche-a-financial-crash-is-coming-like-a-big-tsunami/,R3,si_video,1,KXdvhZ3lteU,0,,,0,1,,,,,0/1,253,event title with weak body evidence,0,1,,,,
56003,D,de,20786,2019-09-25,webcast-this-is-an-unbelievable-historic-moment-we-must-change-the-agenda-completely,Webcast: Ein unglaublicher historischer Moment –  Wir müssen die Agenda komplett verändern!,/blog/2019/09/25/webcast-this-is-an-unbelievable-historic-moment-we-must-change-the-agenda-completely/,R3,si_video,1,89VCDYhSHGg,0,,,0,1,,,,,0/1,258,event title with weak body evidence,0,1,,,,same-trid sibling(s) not flagged: 55965 — decide the whole group
56007,D,en,20791,2019-09-30,conference-mankind-as-a-galactic-species-the-necessary-alternative-to-war,"Saturday, October 5 Conference—Mankind as a Galactic Species: The Necessary Alternative to War",/blog/2019/09/30/conference-mankind-as-a-galactic-species-the-necessary-alternative-to-war/,R3,si_video,1,cXh3FbTPNwM,0,,,0,1,edt,,,,0/1,114,event title with weak body evidence,0,1,,,,
56070,D,en,20801,2019-10-06,webcast-it-is-a-coup-exposing-british-lies-sparks-optimism-internationally,"Webcast: As Regime Changers Go Wild, a Revolutionary Spirit Spreads Worldwide",/blog/2019/10/06/webcast-it-is-a-coup-exposing-british-lies-sparks-optimism-internationally/,R9,si_video,1,P135BcyHxGA,0,,,0,1,,,,,0/1,290,event title with weak body evidence,0,1,,,,
56098,D,en,20806,2019-10-12,webcast-the-system-is-collapsing-that-is-the-cause-for-optimism,"Webcast: The System is Collapsing, That is the Cause for Optimism!",/blog/2019/10/12/webcast-the-system-is-collapsing-that-is-the-cause-for-optimism/,R3,si_video,1,6FDQD0c3qb8,0,,,0,1,,,,,0/1,213,event title with weak body evidence,0,1,,,,
56148,D,de,20806,2019-10-12,webcast-the-system-is-collapsing-that-is-the-cause-for-optimism,Webcast: Trumps historische Pressekonferenz: Ende des militärisch-industriellen Komplexes?,/blog/2019/10/12/webcast-the-system-is-collapsing-that-is-the-cause-for-optimism/,R3,si_video,1,u9jVRdhS2tw,0,,,0,1,,,,,0/1,207,event title with weak body evidence,0,1,,,,
56122,D,en,20810,2019-10-18,webcast-the-secret-of-how-trump-outflanked-the-war-party,Webcast: The Secret of How Trump Outflanked the War Party,/blog/2019/10/18/webcast-the-secret-of-how-trump-outflanked-the-war-party/,R3,si_video,1,E8NdguiA6wo,0,,,0,1,,,,,0/1,183,event title with weak body evidence,0,1,,,,
56145,D,de,20810,2019-10-18,webcast-the-secret-of-how-trump-outflanked-the-war-party,Webcast: Trump und Putin koordinieren Nahostfrieden - Neocon-Ära gescheitert!,/blog/2019/10/18/webcast-the-secret-of-how-trump-outflanked-the-war-party/,R3,si_video,1,-mwRZ6CJMYQ,0,,,0,1,,,,,0/1,174,event title with weak body evidence,0,1,,,,
56155,D,en,20815,2019-10-27,webcast-the-tables-have-turned-on-the-coup-plotters-and-global-central-bankers,Webcast: The Tables Have Turned on the Coup Plotters and Global Central Bankers,/blog/2019/10/27/webcast-the-tables-have-turned-on-the-coup-plotters-and-global-central-bankers/,R3,si_video,1,AuCZ8KXbuqw,0,,,0,1,,,,,0/1,240,event title with weak body evidence,0,1,,,,
56177,D,de,20815,2019-10-27,webcast-the-tables-have-turned-on-the-coup-plotters-and-global-central-bankers,Webcast: Dramatische Wende: Anti-Trump-Verschwörer unter strafrechtlicher Verfolgung!,/blog/2019/10/27/webcast-the-tables-have-turned-on-the-coup-plotters-and-global-central-bankers/,R3,si_video,1,IsEHEpDRoqY,0,,,1,1,,,,,0/1,231,event title with weak body evidence,0,1,,,,
56184,D,en,20819,2019-11-03,webcast-people-are-in-rebellion-globally-against-the-collapsing-neo-liberal-system,"Webcast: Trump Impeachment Boomerangs. Is ""Whistleblower"" Biden's Ukraine Case Officer?",/blog/2019/11/03/webcast-people-are-in-rebellion-globally-against-the-collapsing-neo-liberal-system/,R3,si_video,1,2wubj-PT4uk,0,,,0,1,,,,,0/1,239,event title with weak body evidence,0,1,,,,
56208,D,de,20819,2019-11-03,webcast-people-are-in-rebellion-globally-against-the-collapsing-neo-liberal-system,"Webcast: Trump-Impeachment wird zum Bumerang - ""Whistleblower"" war CIA-Ukraine-Agent?",/blog/2019/11/03/webcast-people-are-in-rebellion-globally-against-the-collapsing-neo-liberal-system/,R3,si_video,1,8xg0K1oJKps,0,,,0,1,,,,,0/1,1,event title with weak body evidence,0,1,,,,
56213,D,en,20824,2019-11-10,webcast-learning-the-lesson-of-the-lost-opportunity-of-1989-this-time-it-can-be-different,Webcast: Learning the Lesson of the Lost Opportunity of 1989—This Time It Can Be Different!,/blog/2019/11/10/webcast-learning-the-lesson-of-the-lost-opportunity-of-1989-this-time-it-can-be-different/,R3,si_video,1,dmRIaEwYDGw,0,,,0,1,,,,,0/1,279,event title with weak body evidence,0,1,,,,
56452,D,de,20849,2019-11-23,webcast-exposed-those-running-coup-against-trump-want-war-with-russia,"Webcast—Coup gegen Trump, Ukraine-Putsch, Terror in Hongkong: Showdown der Empire-Fraktion",/blog/2019/11/23/webcast-exposed-those-running-coup-against-trump-want-war-with-russia/,R3,si_video,1,sbQ9lIr_-0U,0,,,0,1,,,,,0/1,1,event title with weak body evidence,0,1,,,,same-trid sibling(s) not flagged: 56389 — decide the whole group
56686,D,en,20880,2019-12-01,webcast-treason-exposed-will-join-us-to-defeat-this-seditious-coup,Webcast—Treason Exposed: Will You Join Us to Defeat this Seditious Coup?,/blog/2019/12/01/webcast-treason-exposed-will-join-us-to-defeat-this-seditious-coup/,R3,si_video,1,CfK3XrRzzjg,0,,,0,1,,,,,0/1,301,event title with weak body evidence,0,1,,,,
56711,D,de,20880,2019-12-01,webcast-treason-exposed-will-join-us-to-defeat-this-seditious-coup,Webcast - Insider-Bericht: Die Wahrheit über den Anti-Trump-Whistleblower,/blog/2019/12/01/webcast-treason-exposed-will-join-us-to-defeat-this-seditious-coup/,R3,si_video,1,PyhS5PItOfM,0,,,0,1,,,,,0/1,256,event title with weak body evidence,0,1,,,,
57069,D,en,20921,2019-12-15,webcast-pelosis-lies-show-criminal-intent-behind-coup-to-oust-trump-the-issue-is-war-and-peace,"Webcast: Pelosi's Lies Show Criminal Intent Behind Coup to Oust Trump, The Issue is War and Peace",/blog/2019/12/15/webcast-pelosis-lies-show-criminal-intent-behind-coup-to-oust-trump-the-issue-is-war-and-peace/,R3,si_video,1,Wcfd7FyPbOo,0,,,0,1,,,,,0/1,278,event title with weak body evidence,0,1,,,,
57144,D,de,20921,2019-12-15,webcast-pelosis-lies-show-criminal-intent-behind-coup-to-oust-trump-the-issue-is-war-and-peace,Webcast: Ex-Geheimdienstler Larry Johnson: Britischer MI6 plante Russiagate gegen Trump,/blog/2019/12/15/webcast-pelosis-lies-show-criminal-intent-behind-coup-to-oust-trump-the-issue-is-war-and-peace/,R3,si_video,1,rUxA1l_CfVE,0,,,0,1,,,,,0/1,274,event title with weak body evidence,0,1,,,,
57164,D,en,20933,2019-12-21,webcast-continuing-coup-remains-greatest-strategic-threat,Webcast: Continuing Coup Remains Greatest Strategic Threat,/blog/2019/12/21/webcast-continuing-coup-remains-greatest-strategic-threat/,R3,si_video,1,OEesVExFKMs,0,,,0,1,,,,,0/1,297,event title with weak body evidence,0,1,,,,
57438,D,de,20933,2019-12-21,webcast-continuing-coup-remains-greatest-strategic-threat,Webcast: Trumps historischer Brief an Pelosi und ihre Kriegs-Demokraten,/blog/2019/12/21/webcast-continuing-coup-remains-greatest-strategic-threat/,R3,si_video,1,WTWOOHbdRJ8,0,,,0,1,,,,,0/1,1,event title with weak body evidence,0,1,,,,
57283,D,en,20947,2019-12-31,webcast-2020-will-we-head-toward-war-or-put-the-world-in-order,"Year End Webcast: 2020, Will We Head Toward War, or Put the World in Order?",/blog/2019/12/31/webcast-2020-will-we-head-toward-war-or-put-the-world-in-order/,R3,si_video,1,yXe4ac1D3Ns,0,,,0,1,,,,,0/1,4578,event title with weak body evidence,0,1,,,,
57435,D,de,20947,2019-12-31,webcast-2020-will-we-head-toward-war-or-put-the-world-in-order,"Year End Webcast: 2020, Trump, Putin, Xi Jinping - Jahr der Strategischen Durchbrüche!",/blog/2019/12/31/webcast-2020-will-we-head-toward-war-or-put-the-world-in-order/,R3,si_video,1,aTrJpv53bHc,0,,,0,1,,,,,0/1,1,event title with weak body evidence,0,1,,,,
57360,D,en,20959,2020-01-08,webcast-an-emergency-trump-putin-xi-summit-is-the-only-war-avoidance-solution,Webcast—An Emergency Trump-Putin-Xi Summit Is the Only War-Avoidance Solution,/blog/2020/01/08/webcast-an-emergency-trump-putin-xi-summit-is-the-only-war-avoidance-solution/,R3,si_video,1,NSK4SAIUeRQ,0,,,0,1,,,,,0/1,121,event title with weak body evidence,0,1,,,,
57432,D,de,20959,2020-01-08,webcast-an-emergency-trump-putin-xi-summit-is-the-only-war-avoidance-solution,"Webcast—NOTAUFRUF, den Dritten Weltkrieg zu stoppen - Trump in der Zwickmühle!",/blog/2020/01/08/webcast-an-emergency-trump-putin-xi-summit-is-the-only-war-avoidance-solution/,R3,si_video,1,z_FzKFnsHRs,0,,,0,1,,,,,0/1,1,event title with weak body evidence,0,1,,,,
57479,D,en,20973,2020-01-15,webcast-day-of-action-for-a-unique-solution-build-peace-through-a-trump-xi-putin-summit,"Webcast—Day of Action for a Unique Solution: Build Peace Through a Trump, Xi, Putin Summit",/blog/2020/01/15/webcast-day-of-action-for-a-unique-solution-build-peace-through-a-trump-xi-putin-summit/,R3,si_video,1,PHOaNMO09U0,0,,,0,1,,,,,0/1,226,event title with weak body evidence,0,1,,,,
57567,D,en,20985,2020-01-22,berlin-seminar-on-strategic-implications-of-the-impeachment-battle-in-the-u-s,Schiller Institute Seminar on Strategic Implications of the Impeachment Battle in the U.S.,/blog/2020/01/22/berlin-seminar-on-strategic-implications-of-the-impeachment-battle-in-the-u-s/,R9,post,1,-_Flmh2giwE,0,,,0,1,,,,,0/1,303,event title with weak body evidence,1,1,,,,
57605,D,de,20985,2020-01-22,berlin-seminar-on-strategic-implications-of-the-impeachment-battle-in-the-u-s,Berliner Seminar diskutiert strategische Implikationen der Amtsenthebungsverfahrens in den USA,/blog/2020/01/22/berlin-seminar-on-strategic-implications-of-the-impeachment-battle-in-the-u-s/,R9,post,1,-_Flmh2giwE,0,,,0,1,,,,,0/1,403,event title with weak body evidence,1,1,,,,
57582,D,en,20988,2020-01-22,webcast-trump-counters-green-fascists-at-davos-with-renaissance-optimism,Webcast—Trump Counters Green Fascists at Davos with Renaissance Optimism,/blog/2020/01/22/webcast-trump-counters-green-fascists-at-davos-with-renaissance-optimism/,R3,si_video,1,2hSmE829tP4,0,,,0,1,,,,,0/1,172,event title with weak body evidence,0,1,,,,
57608,D,de,20988,2020-01-22,webcast-trump-counters-green-fascists-at-davos-with-renaissance-optimism,Webcast—Davos: Trumps Renaissance-Optimismus entblößt apokalyptische Öko-Oligarchie-Allianz,/blog/2020/01/22/webcast-trump-counters-green-fascists-at-davos-with-renaissance-optimism/,R3,si_video,1,SWYE9BFS-Os,0,,,0,1,,,,,0/1,209,event title with weak body evidence,0,1,,,,
57667,D,en,21001,2020-01-29,webcast-emergence-of-bolton-a-sign-of-desperation,Webcast—Emergence of Bolton a Sign of Desperation,/blog/2020/01/29/webcast-emergence-of-bolton-a-sign-of-desperation/,R3,si_video,1,Fat4DH0UiZQ,0,,,0,1,,,,,0/1,4922,event title with weak body evidence,0,1,,,,
57756,D,de,21001,2020-01-29,webcast-emergence-of-bolton-a-sign-of-desperation,Webcast—Trump-Amtsenthebung: US-Demokraten hofieren Kriegstreiber Bolton,/blog/2020/01/29/webcast-emergence-of-bolton-a-sign-of-desperation/,R3,si_video,1,vMRTD1MVyFE,0,,,0,1,,,,,0/1,247,event title with weak body evidence,0,1,,,,
57759,D,en,21013,2020-02-05,webcast-moment-of-optimism-for-humanity-as-old-system-collapses,"Webcast—Moment of Optimism for Humanity, As Old System Collapses",/blog/2020/02/05/webcast-moment-of-optimism-for-humanity-as-old-system-collapses/,R3,si_video,1,dZbbQT-m3Rw,0,,,0,1,,,,,0/1,262,event title with weak body evidence,0,1,,,,
57804,D,en,21023,2020-02-26,webcast-emergency-summit-more-urgent-than-ever-to-address-impact-of-coronavirus-financial-collapse-war,"Webcast: Emergency Summit More Urgent than Ever to Address Impact of Coronavirus, Financial Collapse & War",/blog/2020/02/26/webcast-emergency-summit-more-urgent-than-ever-to-address-impact-of-coronavirus-financial-collapse-war/,R3,si_video,1,kGHp2vM8EaQ,0,,,0,1,,,,,0/1,237,event title with weak body evidence,0,1,,,,
57926,D,en,21039,2020-03-04,webcast-the-european-renaissance-is-our-model-to-address-todays-existential-crises,Webcast: The European Renaissance Is Our Model to Address Today's Existential Crises,/blog/2020/03/04/webcast-the-european-renaissance-is-our-model-to-address-todays-existential-crises/,R3,si_video,1,qlQS4lfhlks,0,,,0,1,,,,,0/1,285,event title with weak body evidence,0,1,,,,
57951,D,de,21039,2020-03-04,webcast-the-european-renaissance-is-our-model-to-address-todays-existential-crises,Webcast: Pandemie-Anleihen offenbaren westliche Dekadenz - LaRouches visionäres Krisenmanagement gefordert!,/blog/2020/03/04/webcast-the-european-renaissance-is-our-model-to-address-todays-existential-crises/,R3,si_video,1,OYpKdyERjX0,0,,,0,1,,,,,0/1,1,event title with weak body evidence,0,1,,,,
58076,D,en,21056,2020-03-11,will-ongoing-shocks-provoke-new-kind-of-thinking-necessary-to-overcome-a-new-dark-age,Webcast—Will Ongoing Shocks Provoke a New Kind of Thinking Necessary to Overcome a New Dark Age?,/blog/2020/03/11/will-ongoing-shocks-provoke-new-kind-of-thinking-necessary-to-overcome-a-new-dark-age/,R3,si_video,1,ag-2w28j-Q4,0,,,0,1,,,,,0/1,117,event title with weak body evidence,0,1,,,,
58166,D,en,21070,2020-03-19,webcast-shut-down-the-neo-liberal-casino-economy-it-is-hopelessly-bankrupt,"Webcast: Shut Down the Neo-Liberal Casino Economy, It Is Hopelessly Bankrupt",/blog/2020/03/19/webcast-shut-down-the-neo-liberal-casino-economy-it-is-hopelessly-bankrupt/,R3,si_video,1,m9q79_Buzk4,0,,,0,1,,,,,0/1,275,event title with weak body evidence,0,1,,,,
58217,D,de,21070,2020-03-19,webcast-shut-down-the-neo-liberal-casino-economy-it-is-hopelessly-bankrupt,Webcast: Corona-Krise erzwingt Finanzmarkt-Schließung!,/blog/2020/03/19/webcast-shut-down-the-neo-liberal-casino-economy-it-is-hopelessly-bankrupt/,R3,si_video,1,yHLrWpHkQAQ,0,,,0,1,,,,,0/1,237,event title with weak body evidence,0,1,,,,
58222,D,en,21080,2020-03-25,webcast-our-stark-reality-either-act-in-solidarity-or-face-hell-on-earth,"Webcast—Our Stark Reality: Either Act in Solidarity, or Face Hell on Earth",/blog/2020/03/25/webcast-our-stark-reality-either-act-in-solidarity-or-face-hell-on-earth/,R3,si_video,1,KuKEql2ZYYg,0,,,0,1,,,,,0/1,253,event title with weak body evidence,0,1,,,,
58300,D,de,21080,2020-03-25,webcast-our-stark-reality-either-act-in-solidarity-or-face-hell-on-earth,Webcast—Börsen in Quarantäne! - Bankentrennung sofort!,/blog/2020/03/25/webcast-our-stark-reality-either-act-in-solidarity-or-face-hell-on-earth/,R3,si_video,1,4OOXcEOgS0I,0,,,0,1,,,,,0/1,1,event title with weak body evidence,0,1,,,,
58303,D,en,21091,2020-04-01,webcast-systems-are-manmade-you-can-change-them-when-one-breaks-down,Webcast: Systems Are Manmade—You Can Change Them When One Breaks Down,/blog/2020/04/01/webcast-systems-are-manmade-you-can-change-them-when-one-breaks-down/,R3,si_video,1,RbBg0Secp6k,0,,,0,1,,,,,0/1,228,event title with weak body evidence,0,1,,,,
58328,D,de,21091,2020-04-01,webcast-systems-are-manmade-you-can-change-them-when-one-breaks-down,Webcast: IWF und WWF sind schuld an Pandemien und Kollaps,/blog/2020/04/01/webcast-systems-are-manmade-you-can-change-them-when-one-breaks-down/,R3,si_video,1,Fd_vAe45Q2U,0,,,0,1,,,,,0/1,205,event title with weak body evidence,0,1,,,,
58355,D,en,21102,2020-04-08,webcast-overcoming-the-crisis-begins-with-dumping-geopolitics-and-neoliberalism,Webcast: Overcoming the Crisis Begins with Dumping Geopolitics and Neoliberalism,/blog/2020/04/08/webcast-overcoming-the-crisis-begins-with-dumping-geopolitics-and-neoliberalism/,R3,si_video,1,7b1KHo758QA,0,,,0,1,register for,,,,0/1,336,event title with weak body evidence,0,1,,,,
58472,D,en,21118,2020-04-15,webcast-we-must-mobilize-to-defeat-a-dark-age,Webcast: We Must Mobilize to Defeat a Dark Age,/blog/2020/04/15/webcast-we-must-mobilize-to-defeat-a-dark-age/,R3,si_video,1,ZMeSKJbrDpM,0,,,0,1,,,,,0/1,327,event title with weak body evidence,0,1,,,,
58896,D,de,21118,2020-04-15,webcast-we-must-mobilize-to-defeat-a-dark-age,Webcast: Wallstreet-Aasgeier zocken trotz Pandemie,/blog/2020/04/15/webcast-we-must-mobilize-to-defeat-a-dark-age/,R3,si_video,1,LNjrNLnTifI,0,,,0,1,,,,,0/1,1,event title with weak body evidence,0,1,,,,
58715,D,en,21139,2020-04-30,webcast-to-overcome-our-civilizational-crisis-we-must-improve-the-character-of-our-people,"Webcast: To Overcome Our Civilizational Crisis, We Must Improve the Character of Our People",/blog/2020/04/30/webcast-to-overcome-our-civilizational-crisis-we-must-improve-the-character-of-our-people/,R3,si_video,1,HISR20b10Rg,0,,,0,1,,,,,0/1,311,event title with weak body evidence,0,1,,,,
58838,D,de,21139,2020-04-30,webcast-to-overcome-our-civilizational-crisis-we-must-improve-the-character-of-our-people,"Webcast: COVID-19-Krise nicht nur strategisch und wirtschaftlich, sondern moralisch",/blog/2020/04/30/webcast-to-overcome-our-civilizational-crisis-we-must-improve-the-character-of-our-people/,R3,si_video,1,YeAyhUF_jRc,0,,,0,1,,,,,0/1,305,event title with weak body evidence,0,1,,,,
58915,D,en,21164,2020-05-06,webcast-dont-fall-into-a-geopolitical-trap-cooperation-is-key-to-overcome-pandemic,Webcast—Don't Fall into a Geopolitical Trap: Cooperation is Key to Overcome Pandemic,/blog/2020/05/06/webcast-dont-fall-into-a-geopolitical-trap-cooperation-is-key-to-overcome-pandemic/,R3,si_video,1,rJqzXamJ46s,0,,,0,1,,,,,0/1,297,event title with weak body evidence,0,1,,,,
58940,D,de,21164,2020-05-06,webcast-dont-fall-into-a-geopolitical-trap-cooperation-is-key-to-overcome-pandemic,Webcast: Covid-19: Biowaffe? Bill Gates? Nur Grippe? - Nein Diktatur der Zentralbanken!,/blog/2020/05/06/webcast-dont-fall-into-a-geopolitical-trap-cooperation-is-key-to-overcome-pandemic/,R3,si_video,1,UZLbubwQTKk,0,,,0,1,,,,,0/1,308,event title with weak body evidence,0,1,,,,
58788,D,en,21150,2020-05-07,conference-75th-anniversary-of-v-e-day-commemorate-the-victory-against-fascism-with-a-new-bretton-woods-system,Conference May 9 — 75th Anniversary of V-E Day: Commemorate the Victory Against Fascism with a New Bretton Woods System,/blog/2020/05/07/conference-75th-anniversary-of-v-e-day-commemorate-the-victory-against-fascism-with-a-new-bretton-woods-system/,R4,post,1,EM9PR3IgX6k,0,,,0,1,edt,,,,0/1,697,event title with weak body evidence,1,1,,,,
59168,D,en,21202,2020-05-13,webcast-this-is-the-big-one,"Webcast—""This is the Big One""",/blog/2020/05/13/webcast-this-is-the-big-one/,R3,si_video,1,THgsb-MTLeQ,0,,,0,1,,,,,0/1,262,event title with weak body evidence,0,1,,,,
59204,D,de,21202,2020-05-13,webcast-this-is-the-big-one,Webcast—Dunkles Zeitalter droht - Wir brauchen das globale Wirtschaftswunder!,/blog/2020/05/13/webcast-this-is-the-big-one/,R3,si_video,1,s4uDGuqVQuE,0,,,0,1,,,,,0/1,249,event title with weak body evidence,0,1,,,,
59332,D,en,21230,2020-05-20,webcast-americas-historic-enemies-and-trumps-russiagate-enemies-are-behind-the-escalation-against-china,Webcast — America's Historic Enemies (and Trump's Russiagate Enemies) Are Behind the Escalation Against China,/blog/2020/05/20/webcast-americas-historic-enemies-and-trumps-russiagate-enemies-are-behind-the-escalation-against-china/,R3,si_video,1,9LcP79kAjRY,0,,,0,1,,,,,0/1,238,event title with weak body evidence,0,1,,,,
59397,D,de,21230,2020-05-20,webcast-americas-historic-enemies-and-trumps-russiagate-enemies-are-behind-the-escalation-against-china,Webcast — Anti-China-Propaganda ist gefährlicher als Russiagate,/blog/2020/05/20/webcast-americas-historic-enemies-and-trumps-russiagate-enemies-are-behind-the-escalation-against-china/,R3,si_video,1,Rm4ru9SLlOw,0,,,0,1,,,,,0/1,204,event title with weak body evidence,0,1,,,,
59673,D,en,21285,2020-05-29,webcast-how-can-you-reopen-an-economy-which-no-longer-exists,"Webcast: How Can you ""Reopen"" an Economy Which No Longer Exists?",/blog/2020/05/29/webcast-how-can-you-reopen-an-economy-which-no-longer-exists/,R9,si_video,1,2i3X51jviF8,0,,,0,1,,,,,0/1,237,event title with weak body evidence,0,1,,,,
59715,D,de,21285,2020-05-29,webcast-how-can-you-reopen-an-economy-which-no-longer-exists,Webcast: Von der Leyen ist der Niedergang Europas,/blog/2020/05/29/webcast-how-can-you-reopen-an-economy-which-no-longer-exists/,R3,si_video,1,O9KY8kusf7A,0,,,0,1,,,,,0/1,224,event title with weak body evidence,0,1,,,,
59733,D,en,21300,2020-06-04,webcast-space-launchcounter-coup-openings-to-defeat-the-british-chaos-scenario,Webcast: Space Launch/Counter-coup = Openings to Defeat the British Chaos Scenario,/blog/2020/06/04/webcast-space-launchcounter-coup-openings-to-defeat-the-british-chaos-scenario/,R9,si_video,1,mKqv97ig81k,0,,,0,1,,,,,0/1,263,event title with weak body evidence,0,1,,,,
59768,D,de,21300,2020-06-04,webcast-space-launchcounter-coup-openings-to-defeat-the-british-chaos-scenario,"Webcast: Sind die USA am Ende, oder stehen sie am Anfang einer Ära?",/blog/2020/06/04/webcast-space-launchcounter-coup-openings-to-defeat-the-british-chaos-scenario/,R3,si_video,1,Qdk9Xp6JCqQ,0,,,0,1,,,,,0/1,1,event title with weak body evidence,0,1,,,,
59862,D,en,21319,2020-06-10,webcast-the-new-violence-is-being-deployed-in-defense-of-the-broken-down-paradigm,"Webcast: The ""New Violence"" Is Being Deployed in Defense of the Broken-down Paradigm",/blog/2020/06/10/webcast-the-new-violence-is-being-deployed-in-defense-of-the-broken-down-paradigm/,R3,si_video,1,v470violsVU,0,,,0,1,,,,,0/1,395,event title with weak body evidence,0,1,,,,
59896,D,de,21319,2020-06-10,webcast-the-new-violence-is-being-deployed-in-defense-of-the-broken-down-paradigm,Webcast: Der Fall Floyd: Militarisierung der Polizei und Schreibtisch-Rassismus,/blog/2020/06/10/webcast-the-new-violence-is-being-deployed-in-defense-of-the-broken-down-paradigm/,R3,si_video,1,1QGSMvjdUeY,0,,,0,1,,,,,0/1,371,event title with weak body evidence,0,1,,,,
60041,D,en,21343,2020-06-17,webcast-day-of-action-brings-youth-into-mobilization-for-1-5-billion-jobs-w-the-larouche-plan,"Webcast: ""Day of Action"" Brings Youth Into Mobilization for 1.5 Billion Jobs with the LaRouche Plan",/blog/2020/06/17/webcast-day-of-action-brings-youth-into-mobilization-for-1-5-billion-jobs-w-the-larouche-plan/,R3,si_video,1,G9QClnMsUMU,0,,,0,1,,,,,0/1,288,event title with weak body evidence,0,1,,,,
60095,D,de,21343,2020-06-17,webcast-day-of-action-brings-youth-into-mobilization-for-1-5-billion-jobs-w-the-larouche-plan,"Webcast: Internationale Jugend mobilisiert für 1,5 Milliarden Arbeitsplätze!",/blog/2020/06/17/webcast-day-of-action-brings-youth-into-mobilization-for-1-5-billion-jobs-w-the-larouche-plan/,R3,si_video,1,c3R8KlcOl5g,0,,,0,1,,,,,0/1,269,event title with weak body evidence,0,1,,,,
60187,D,en,21362,2020-06-25,webcast-putin-gives-valuable-history-lesson-to-counter-the-stupidity-of-the-trans-atlantic-establishment,Webcast: Putin Gives Valuable History Lesson to Counter the Stupidity of the Trans-Atlantic Establishment,/blog/2020/06/25/webcast-putin-gives-valuable-history-lesson-to-counter-the-stupidity-of-the-trans-atlantic-establishment/,R3,si_video,1,sHAxwumw9HA,0,,,0,1,,,,,0/1,296,event title with weak body evidence,0,1,,,,
60219,D,de,21362,2020-06-25,webcast-putin-gives-valuable-history-lesson-to-counter-the-stupidity-of-the-trans-atlantic-establishment,"Webcast: Corona, Geopolitik, Finanzkrise - Der Westen sollte Putin zuhören!",/blog/2020/06/25/webcast-putin-gives-valuable-history-lesson-to-counter-the-stupidity-of-the-trans-atlantic-establishment/,R3,si_video,1,w9JVp6yL6as,0,,,0,1,,,,,0/1,1,event title with weak body evidence,0,1,,,,
60297,D,en,21372,2020-07-01,webcast-as-july-4-approaches-the-choice-for-humanity-is-clear-american-revolution-or-jacobin-terrorism,"Webcast: As July 4 Approaches, the Choice for Humanity is Clear: American Revolution or Jacobin Terrorism",/blog/2020/07/01/webcast-as-july-4-approaches-the-choice-for-humanity-is-clear-american-revolution-or-jacobin-terrorism/,R9,si_video,1,czLUNbn9nQo,0,,,0,1,,,,,0/1,254,event title with weak body evidence,0,1,,,,
60373,D,de,21372,2020-07-01,webcast-as-july-4-approaches-the-choice-for-humanity-is-clear-american-revolution-or-jacobin-terrorism,Webcast: Während der 4. Juli näher rückt sind die Optionen für die Menschheit klar: Amerikanische Revolution oder Jakobiner Terror,/blog/2020/07/01/webcast-as-july-4-approaches-the-choice-for-humanity-is-clear-american-revolution-or-jacobin-terrorism/,R3,si_video,1,c4esdTVIpBs,0,,,0,1,,,,,0/1,227,event title with weak body evidence,0,1,,,,
60479,D,en,21398,2020-07-08,video-why-a-u-s-china-russia-and-india-summit-is-urgently-needed-now,"VIDEO: Why a U.S., China, Russia and India Summit is Urgently Needed Now",/blog/2020/07/08/video-why-a-u-s-china-russia-and-india-summit-is-urgently-needed-now/,R9,si_video,1,thQuRg-rzwE,0,,,0,1,,,,,0/1,68,event title with weak body evidence,0,1,,,,
60497,D,en,21401,2020-07-08,to-change-the-dynamic-in-world-affairs-we-need-a-chorus-of-voices-demanding-a-summit,"Webcast: To Change The Dynamic In World Affairs, We Need A Chorus Of Voices Demanding A Summit",/blog/2020/07/08/to-change-the-dynamic-in-world-affairs-we-need-a-chorus-of-voices-demanding-a-summit/,R9,si_video,1,WhIEkbwuSWg,0,,,0,1,,,,,0/1,301,event title with weak body evidence,0,1,,,,
60587,D,de,21401,2020-07-08,to-change-the-dynamic-in-world-affairs-we-need-a-chorus-of-voices-demanding-a-summit,"Webcast: Putin: ""Barbarisch, Alte für Corona zu opfern""",/blog/2020/07/08/to-change-the-dynamic-in-world-affairs-we-need-a-chorus-of-voices-demanding-a-summit/,R3,si_video,1,t8j-NwLVweg,0,,,0,1,,,,,0/1,282,event title with weak body evidence,0,1,,,,
60818,D,en,21440,2020-07-15,the-time-for-a-summit-is-now-before-the-trigger-is-pulled-to-set-off-a-world-war,"Webcast: The Time For A Summit Is Now, Before The Trigger Is Pulled To Set Off A World War",/blog/2020/07/15/the-time-for-a-summit-is-now-before-the-trigger-is-pulled-to-set-off-a-world-war/,R9,si_video,1,Ms9nL_F5Vew,0,,,0,1,,,,,0/1,251,event title with weak body evidence,0,1,,,,
60829,D,de,21440,2020-07-15,the-time-for-a-summit-is-now-before-the-trigger-is-pulled-to-set-off-a-world-war,Webcast: Deep State hinter Russiagate - Stone zurecht frei!,/blog/2020/07/15/the-time-for-a-summit-is-now-before-the-trigger-is-pulled-to-set-off-a-world-war/,R3,si_video,1,dk24JOoz3ng,0,,,0,1,,,,,0/1,226,event title with weak body evidence,0,1,,,,
61033,D,en,21478,2020-07-22,it-is-time-for-the-definitive-crushing-of-russiagate,Webcast: It Is Time For The Definitive Crushing Of Russiagate,/blog/2020/07/22/it-is-time-for-the-definitive-crushing-of-russiagate/,R9,si_video,1,sDl92R9t-sQ,0,,,0,1,,,,,0/1,297,event title with weak body evidence,0,1,,,,
61094,D,de,21478,2020-07-22,it-is-time-for-the-definitive-crushing-of-russiagate,Webcast: Wird 2020 zum Schreckensjahr? NSA-Whistleblower hält dagegen,/blog/2020/07/22/it-is-time-for-the-definitive-crushing-of-russiagate/,R3,si_video,1,9wDa_X01e-0,0,,,0,1,,,,,0/1,269,event title with weak body evidence,0,1,,,,
61343,D,en,21520,2020-07-29,webcast-the-corruption-of-the-system-is-the-problem-we-all-face,Webcast: The Corruption of the System is the Problem We All Face,/blog/2020/07/29/webcast-the-corruption-of-the-system-is-the-problem-we-all-face/,R9,si_video,1,-BCPwvNA1us,0,,,0,1,,,,,0/1,192,event title with weak body evidence,0,1,,,,
61372,D,de,21520,2020-07-29,webcast-the-corruption-of-the-system-is-the-problem-we-all-face,Webcast: Weltkriegsgefahr steigt: Pompeo will Krieg gegen China!,/blog/2020/07/29/webcast-the-corruption-of-the-system-is-the-problem-we-all-face/,R3,si_video,1,z0IMmrYzdlY,0,,,0,1,,,,,0/1,155,event title with weak body evidence,0,1,,,,
61547,D,en,21556,2020-08-12,webcast-end-the-age-of-barbarism,Webcast: End The Age Of Barbarism,/blog/2020/08/12/webcast-end-the-age-of-barbarism/,R9,si_video,1,-CuW23jOZ4I,0,,,0,1,,,,,0/1,264,event title with weak body evidence,0,1,,,,same-trid sibling(s) not flagged: 61700 — decide the whole group
61828,D,en,21598,2020-08-19,webcast-to-prevent-world-war-iii-a-summit-of-the-p5-nations-is-needed-now,"Webcast: To Prevent World War III, a Summit of the P5 Nations is Needed Now!",/blog/2020/08/19/webcast-to-prevent-world-war-iii-a-summit-of-the-p5-nations-is-needed-now/,R9,si_video,1,7iz5lPbZ1ew,0,,,0,1,,,,,0/1,244,event title with weak body evidence,0,1,,,,same-trid sibling(s) not flagged: 61895 — decide the whole group
61939,D,en,21617,2020-08-27,webcast-business-as-usual-is-deadly-we-must-elevate-the-quality-of-strategic-deliberation,Webcast: Business-As-Usual Is Deadly — We Must Elevate the Quality of Strategic Deliberation,/blog/2020/08/27/webcast-business-as-usual-is-deadly-we-must-elevate-the-quality-of-strategic-deliberation/,R9,si_video,1,Q4KoYwE2Bq8,0,,,0,1,register for|will take place,,,,0/1,235,event title with weak body evidence,0,1,,,,
61974,D,de,21617,2020-08-27,webcast-business-as-usual-is-deadly-we-must-elevate-the-quality-of-strategic-deliberation,Webcast: Business-As-Usual ist tödlich - Die Qualität des strategischen Diskurses muß zunehmen,/blog/2020/08/27/webcast-business-as-usual-is-deadly-we-must-elevate-the-quality-of-strategic-deliberation/,R3,si_video,1,Gkj7QBX0uhM,0,,,0,1,einladung,,,,0/1,228,event title with weak body evidence,0,1,,,,
62041,D,de,21631,2020-09-03,konferenzeinladung-von-helga-zepp-larouche-schliessen-sie-sich-uns-an-um-die-menschheit-in-das-neue-paradigma-zu-fuehren,"Konferenzeinladung von Helga Zepp-LaRouche: Schließen Sie sich uns an, um die Menschheit in das neue Paradigma zu führen!",/blog/2020/09/03/konferenzeinladung-von-helga-zepp-larouche-schliessen-sie-sich-uns-an-um-die-menschheit-in-das-neue-paradigma-zu-fuehren/,R3,si_video,1,mQe3jDoLriY,0,,,0,1,einladung,,,,0/1,134,event title with weak body evidence,0,1,,,,
62139,D,en,21645,2020-09-03,final-call-for-a-p5-summit-armageddon-or-new-paradigm,Webcast: Final Call for a P5 Summit: Armageddon or New Paradigm,/blog/2020/09/03/final-call-for-a-p5-summit-armageddon-or-new-paradigm/,R9,si_video,1,mzP96-SJBlk,0,,,0,1,register for,,,,0/1,144,event title with weak body evidence,0,1,,,,
62300,D,en,21657,2020-09-10,conference-summary-overcoming-geopolitics-why-a-p-5-summit-is-urgently-needed-now,Conference Highlights: Overcoming Geopolitics: Why a P-5 Summit Is Urgently Needed Now,/blog/2020/09/10/conference-summary-overcoming-geopolitics-why-a-p-5-summit-is-urgently-needed-now/,R9,si_video,1,aA4fl9eYRwQ,1,,,0,1,,,,,0/1,159,event title with weak body evidence,0,1,,,,same-trid sibling(s) not flagged: 62437 — decide the whole group
62343,D,en,21663,2020-09-11,webcast-escalation-by-war-party-makes-summit-more-imperative-than-ever,Webcast: Escalation by War Party Makes Summit More Imperative Than Ever,/blog/2020/09/11/webcast-escalation-by-war-party-makes-summit-more-imperative-than-ever/,R9,si_video,1,ed7PBeNh7EE,0,,,0,1,,,,,0/1,275,event title with weak body evidence,0,1,,,,
62358,D,de,21663,2020-09-11,webcast-escalation-by-war-party-makes-summit-more-imperative-than-ever,Webcast: Eskalation der Kriegspartei macht Gipfel notwendiger denn je,/blog/2020/09/11/webcast-escalation-by-war-party-makes-summit-more-imperative-than-ever/,R3,si_video,1,RR9XtByVhVI,0,,,0,1,,,,,0/1,1,event title with weak body evidence,0,1,,,,
62648,D,en,21727,2020-09-16,webcast-we-must-keep-fighting-for-a-summit-as-the-war-hawks-are-going-all-out-to-prevent-it,"Webcast: We Must Keep Fighting  for a Summit, as the War Hawks Are Going All-Out to Prevent It!",/blog/2020/09/16/webcast-we-must-keep-fighting-for-a-summit-as-the-war-hawks-are-going-all-out-to-prevent-it/,R9,si_video,1,NTZqo81lBSs,0,,,0,1,,,,,0/1,238,event title with weak body evidence,0,1,,,,
62692,D,de,21727,2020-09-16,webcast-we-must-keep-fighting-for-a-summit-as-the-war-hawks-are-going-all-out-to-prevent-it,"Webcast: Während die Kriegstreiber alles unternehmen, um ein Gipfeltreffen zu verhindern, müssen wir weiter dafür kämpfen!",/blog/2020/09/16/webcast-we-must-keep-fighting-for-a-summit-as-the-war-hawks-are-going-all-out-to-prevent-it/,R3,si_video,1,ZRQdBjum6tA,0,,,0,1,,,,,0/1,219,event title with weak body evidence,0,1,,,,
62969,D,en,21771,2020-09-30,webcast-in-the-face-of-grave-dangers-there-are-solutions,"Webcast: In the Face of Grave Dangers, There Are Solutions",/blog/2020/09/30/webcast-in-the-face-of-grave-dangers-there-are-solutions/,R9,si_video,1,Z-1rP12Ti88,0,,,0,1,,,,,0/1,249,event title with weak body evidence,0,1,,,,
63002,D,de,21771,2020-09-30,webcast-in-the-face-of-grave-dangers-there-are-solutions,Webcast: Es gibt Lösungen für die großen Gefahren,/blog/2020/09/30/webcast-in-the-face-of-grave-dangers-there-are-solutions/,R3,si_video,1,zX1W3PN8jyo,0,,,0,1,,,,,0/1,276,event title with weak body evidence,0,1,,,,
63089,D,de,21784,2020-10-08,webcast-mit-helga-zepp-larouche-trump-greift-geheimdienste-frontal-an,Webcast mit Helga Zepp-LaRouche: Trump greift Geheimdienste frontal an!,/blog/2020/10/08/webcast-mit-helga-zepp-larouche-trump-greift-geheimdienste-frontal-an/,R3,si_video,1,x1Ois0YW0A8,0,,,0,1,,,,,0/1,1,event title with weak body evidence,0,1,,,,
63449,D,en,21845,2020-10-22,webcast-people-are-being-tested-war-or-peace-depends-on-individuals-acting-for-the-common-good,Webcast — People Are Being Tested: War or Peace Depends on Individuals Acting for the Common Good,/blog/2020/10/22/webcast-people-are-being-tested-war-or-peace-depends-on-individuals-acting-for-the-common-good/,R3,si_video,1,PoU4wcVA4Kg,0,,,0,1,,,,,0/1,297,event title with weak body evidence,0,1,,,,
63473,D,de,21845,2020-10-22,webcast-people-are-being-tested-war-or-peace-depends-on-individuals-acting-for-the-common-good,Webcast: Die Menschen werden einer Prüfung unterzogen: Krieg oder Frieden hängt vom Handeln Einzelner für das Gemeinwohl ab,/blog/2020/10/22/webcast-people-are-being-tested-war-or-peace-depends-on-individuals-acting-for-the-common-good/,R3,si_video,1,FJYeotQe-ZI,0,,,0,1,,,,,0/1,301,event title with weak body evidence,0,1,,,,
63933,D,en,21929,2020-11-05,webcast-trump-can-prove-there-is-an-attempt-to-steal-the-election,Webcast: Trump Can Prove There is an Attempt to Steal the Election,/blog/2020/11/05/webcast-trump-can-prove-there-is-an-attempt-to-steal-the-election/,R9,si_video,1,NwWGli7oddY,0,,,0,1,,,,,0/1,276,event title with weak body evidence,0,1,,,,
64011,D,de,21929,2020-11-05,webcast-trump-can-prove-there-is-an-attempt-to-steal-the-election,"Webcast: Trump hat Beweise für den Versuch, die Wahl zu stehlen",/blog/2020/11/05/webcast-trump-can-prove-there-is-an-attempt-to-steal-the-election/,R3,si_video,1,CQgEd3ym0bc,0,,,0,1,,,,,0/1,272,event title with weak body evidence,0,1,,,,
64256,D,en,21979,2020-11-13,webcast-the-choice-is-increasingly-clear-overturn-the-2020-election-vote-fraud-or-face-global-dictatorship,"Webcast: The Choice is Increasingly Clear: Overturn the 2020 Election Vote Fraud, or Face Global Dictatorship",/blog/2020/11/13/webcast-the-choice-is-increasingly-clear-overturn-the-2020-election-vote-fraud-or-face-global-dictatorship/,R9,si_video,1,LohSrw5d03M,0,,,0,1,,,,,0/1,93,event title with weak body evidence,0,1,,,,
64269,D,de,21979,2020-11-13,webcast-the-choice-is-increasingly-clear-overturn-the-2020-election-vote-fraud-or-face-global-dictatorship,Webcast: US-Wahlmanipulation: Ende der Demokratie,/blog/2020/11/13/webcast-the-choice-is-increasingly-clear-overturn-the-2020-election-vote-fraud-or-face-global-dictatorship/,R3,si_video,1,Gt8k2Zspmzs,0,,,0,1,,,,,0/1,93,event title with weak body evidence,0,1,,,,
64482,D,en,22022,2020-11-19,webcast-overturn-u-s-election-fraud-to-defeat-a-green-global-bankers-dictatorship,"Webcast: Overturn U.S. Election Fraud to Defeat a Green, Global Bankers' Dictatorship",/blog/2020/11/19/webcast-overturn-u-s-election-fraud-to-defeat-a-green-global-bankers-dictatorship/,R9,si_video,1,CzzSytA70G0,0,,,0,1,register for,,,,0/1,299,event title with weak body evidence,0,1,,,,
64514,D,de,22022,2020-11-19,webcast-overturn-u-s-election-fraud-to-defeat-a-green-global-bankers-dictatorship,"Webcast: Den Wahlbetrug in den USA aufdecken, um die grüne Bankendiktatur zu beenden",/blog/2020/11/19/webcast-overturn-u-s-election-fraud-to-defeat-a-green-global-bankers-dictatorship/,R3,si_video,1,HcZOR3Dc3xk,0,,,0,1,,,,,0/1,291,event title with weak body evidence,0,1,,,,
64714,D,en,22062,2020-11-26,webcast-a-strategic-focus-is-essential-to-win-the-fight-against-vote-fraud-in-the-u-s,Webcast: A Strategic Focus is Essential to Win the Fight Against Vote Fraud in the U.S.,/blog/2020/11/26/webcast-a-strategic-focus-is-essential-to-win-the-fight-against-vote-fraud-in-the-u-s/,R9,si_video,1,gdJ0RW2F8wY,0,,,0,1,,,,,0/1,250,event title with weak body evidence,0,1,,,,
64738,D,de,22062,2020-11-26,webcast-a-strategic-focus-is-essential-to-win-the-fight-against-vote-fraud-in-the-u-s,Webcast: US-Wahlkampf noch nicht entschieden,/blog/2020/11/26/webcast-a-strategic-focus-is-essential-to-win-the-fight-against-vote-fraud-in-the-u-s/,R3,si_video,1,tbVN39q1V7Y,0,,,0,1,,,,,0/1,231,event title with weak body evidence,0,1,,,,
64833,D,en,22083,2020-12-02,webcast-overturn-the-2020-u-s-election-theft-then-go-for-big-solutions,"Webcast: Overturn the 2020 U.S. Election Theft, Then Go For Big Solutions",/blog/2020/12/02/webcast-overturn-the-2020-u-s-election-theft-then-go-for-big-solutions/,R9,si_video,1,HPOmj2gYLiQ,0,,,0,1,,,,,0/1,302,event title with weak body evidence,0,1,,,,
64855,D,de,22083,2020-12-02,webcast-overturn-the-2020-u-s-election-theft-then-go-for-big-solutions,Webcast: Assange-Snowden-Begnadigung = Trumps Joker gegen Wahlbetrug,/blog/2020/12/02/webcast-overturn-the-2020-u-s-election-theft-then-go-for-big-solutions/,R3,si_video,1,LZkMTodQEGU,0,,,0,1,,,,,0/1,233,event title with weak body evidence,0,1,,,,
65027,D,de,22118,2020-12-09,konferenzeinladung-eine-welt-auf-der-basis-von-vernunft-schaffen,Konferenzeinladung: Eine Welt auf der Basis von Vernunft schaffen,/blog/2020/12/09/konferenzeinladung-eine-welt-auf-der-basis-von-vernunft-schaffen/,R3,si_video,1,dFoIWGdlRBo,0,,,0,1,,,,,0/1,96,event title with weak body evidence,0,1,,,,
65040,D,en,22122,2020-12-09,webcast-in-a-world-shaken-by-crises-join-us-to-discuss-solutions,"Webcast: In a World Shaken by Crises, Join Us to Discuss Solutions!",/blog/2020/12/09/webcast-in-a-world-shaken-by-crises-join-us-to-discuss-solutions/,R9,si_video,1,cAsgylHaPOs,0,,,0,1,,,,,0/1,109,event title with weak body evidence,0,1,,,,
65240,D,en,22152,2020-12-16,webcast-building-a-mass-movement-to-counter-the-collapse-of-the-international-system,Webcast: Building a Mass Movement to Counter the Collapse of the International System,/blog/2020/12/16/webcast-building-a-mass-movement-to-counter-the-collapse-of-the-international-system/,R9,si_video,1,pfwaEF7a4l0,0,,,0,1,,,,,0/1,189,event title with weak body evidence,0,1,,,,
65294,D,de,22152,2020-12-16,webcast-building-a-mass-movement-to-counter-the-collapse-of-the-international-system,"Webcast: Eine Massenbewegung aufbauen, um den Zusammenbruch des internationalen Systems aufzuhalten",/blog/2020/12/16/webcast-building-a-mass-movement-to-counter-the-collapse-of-the-international-system/,R3,si_video,1,S9GaTltt4BE,0,,,0,1,,,,,0/1,181,event title with weak body evidence,0,1,,,,
65609,D,en,22209,2020-12-26,webcast-to-crush-the-global-oligarchy-apply-the-schiller-larouche-principle-of-statecraft,"Webcast: To Crush the Global Oligarchy, Apply the Schiller/LaRouche Principle of Statecraft",/blog/2020/12/26/webcast-to-crush-the-global-oligarchy-apply-the-schiller-larouche-principle-of-statecraft/,R9,si_video,1,YbmzhOk-H24,0,,,0,1,,,,,0/1,206,event title with weak body evidence,0,1,,,,
65927,D,en,22251,2020-12-30,webcast-dont-play-in-a-rigged-game-why-president-trump-should-now-accept-putins-p5-summit-offer,Webcast: Don't Play in a Rigged Game: Why President Trump Should Now Accept Putin's P5 Summit Offer,/blog/2020/12/30/webcast-dont-play-in-a-rigged-game-why-president-trump-should-now-accept-putins-p5-summit-offer/,R9,si_video,1,-15EUtFlNHY,0,,,0,1,,,,,0/1,201,event title with weak body evidence,0,1,,,,same-trid sibling(s) not flagged: 65939 — decide the whole group
66615,D,en,84805,2021-01-06,webcast-trump-can-still-kick-over-the-global-strategic-apple-cart,Webcast: Trump Can Still Kick Over the Global Strategic Apple Cart,/blog/2021/01/06/webcast-trump-can-still-kick-over-the-global-strategic-apple-cart/,R9,si_video,1,rF3YRZxNYZk,0,,,0,1,,,,,0/1,238,event title with weak body evidence,0,1,,,,
66678,D,de,84805,2021-01-06,webcast-trump-can-still-kick-over-the-global-strategic-apple-cart,Webcast: Trump kann das globale Schachbrett noch kippen,/blog/2021/01/06/webcast-trump-can-still-kick-over-the-global-strategic-apple-cart/,R3,si_video,1,egN2EcoOo5s,0,,,0,1,,,,,0/1,182,event title with weak body evidence,0,1,,,,
67116,D,en,84872,2021-01-13,webcast-we-are-sitting-on-a-powder-keg-its-not-just-about-vote-fraud,Webcast: We are Sitting on a Powder Keg—It's Not Just About Vote Fraud,/blog/2021/01/13/webcast-we-are-sitting-on-a-powder-keg-its-not-just-about-vote-fraud/,R9,si_video,1,uU1Ugpo1Caw,0,,,0,1,,,,,0/1,218,event title with weak body evidence,0,1,,,,
67139,D,de,84872,2021-01-13,webcast-we-are-sitting-on-a-powder-keg-its-not-just-about-vote-fraud,Webcast: Wir sitzen auf einem Pulverfass - es geht nicht nur um Wahlbetrug,/blog/2021/01/13/webcast-we-are-sitting-on-a-powder-keg-its-not-just-about-vote-fraud/,R3,si_video,1,IhlBHmLcgno,0,,,0,1,,,,,0/1,203,event title with weak body evidence,0,1,,,,
67513,D,en,84932,2021-01-21,webcast-call-for-unity-is-not-enough-development-is-the-new-name-for-unity,"Webcast: Call for ""Unity"" Is Not Enough: Development is the New Name for Unity!",/blog/2021/01/21/webcast-call-for-unity-is-not-enough-development-is-the-new-name-for-unity/,R9,si_video,1,yxxqiwOn8VI,0,,,0,1,,,,,0/1,197,event title with weak body evidence,0,1,,,,
67525,D,de,84932,2021-01-21,webcast-call-for-unity-is-not-enough-development-is-the-new-name-for-unity,Webcast: Joe Biden soll Green Deal streichen und dritte Welt aufbauen!,/blog/2021/01/21/webcast-call-for-unity-is-not-enough-development-is-the-new-name-for-unity/,R3,si_video,1,cTwPg3hE2l0,0,,,0,1,,,,,0/1,155,event title with weak body evidence,0,1,,,,
67753,D,en,84976,2021-01-27,webcast-defeating-the-davos-great-transition-with-larouches-new-paradigm,"Webcast: Defeating the Davos ""Great Transition"" with LaRouche's New Paradigm",/blog/2021/01/27/webcast-defeating-the-davos-great-transition-with-larouches-new-paradigm/,R9,si_video,1,69ivQ9BS5v4,0,,,0,1,,,,,0/1,320,event title with weak body evidence,0,1,,,,same-trid sibling(s) not flagged: 67775 — decide the whole group
68001,D,en,85034,2021-02-04,webcast-cooperation-against-the-covid-pandemic-and-in-space-move-humanity-toward-anti-davos-new-paradigm,Webcast: Cooperation Against the COVID Pandemic and in Space Move Humanity Toward Anti-Davos New Paradigm,/blog/2021/02/04/webcast-cooperation-against-the-covid-pandemic-and-in-space-move-humanity-toward-anti-davos-new-paradigm/,R9,si_video,1,GLw8DyyQlmk,0,,,0,1,,,,,0/1,320,event title with weak body evidence,0,1,,,,
68024,D,de,85034,2021-02-04,webcast-cooperation-against-the-covid-pandemic-and-in-space-move-humanity-toward-anti-davos-new-paradigm,Webcast: Positiver Sputnikschock für die EU?,/blog/2021/02/04/webcast-cooperation-against-the-covid-pandemic-and-in-space-move-humanity-toward-anti-davos-new-paradigm/,R3,si_video,1,LpjqNi5QUn4,0,,,0,1,,,,,0/1,26,event title with weak body evidence,0,1,,,,
68320,D,en,85089,2021-02-10,webcast-we-have-so-much-to-discover-about-our-universe,"Webcast: ""We Have So Much to Discover"" About Our Universe",/blog/2021/02/10/webcast-we-have-so-much-to-discover-about-our-universe/,R3,si_video,1,FcA53VObyWg,0,,,0,1,,,,,0/1,227,event title with weak body evidence,0,1,,,,
68332,D,de,85089,2021-02-10,webcast-we-have-so-much-to-discover-about-our-universe,Webcast: Wir haben so viel in unserem Universum zu entdecken,/blog/2021/02/10/webcast-we-have-so-much-to-discover-about-our-universe/,R3,si_video,1,uoRHQxbxedU,0,,,0,1,,,,,0/1,220,event title with weak body evidence,0,1,,,,
68808,D,en,85179,2021-02-17,webcast-deaths-from-power-outages-in-texas-foretaste-of-things-to-come-with-green-new-deal,Webcast: Deaths From Power Outages in Texas Foretaste of Things to Come with Green New Deal,/blog/2021/02/17/webcast-deaths-from-power-outages-in-texas-foretaste-of-things-to-come-with-green-new-deal/,R3,si_video,1,FCpt22i_Pxg,0,,,0,1,,,,,0/1,294,event title with weak body evidence,0,1,,,,
68853,D,de,85179,2021-02-17,webcast-deaths-from-power-outages-in-texas-foretaste-of-things-to-come-with-green-new-deal,Webcast: US-Winter-Blackouts zeigen Desaster der Energiewende,/blog/2021/02/17/webcast-deaths-from-power-outages-in-texas-foretaste-of-things-to-come-with-green-new-deal/,R3,si_video,1,xBM_oUcdtqQ,0,,,0,1,,,,,0/1,290,event title with weak body evidence,0,1,,,,
69322,D,en,153441,2021-02-24,houston-we-have-a-problem-but-we-can-fix-it,"Webcast: Houston We Have a Problem, But We Can Fix It!",/blog/2021/02/24/houston-we-have-a-problem-but-we-can-fix-it/,R3,si_video,1,8l1ujniKuVU,0,,,0,1,,,,,0/1,198,event title with weak body evidence,0,1,,,,
69350,D,de,153441,2021-02-24,houston-we-have-a-problem-but-we-can-fix-it,"Webcast: Houston, wir haben ein Problem - Aber wir können es lösen!",/blog/2021/02/24/houston-we-have-a-problem-but-we-can-fix-it/,R3,si_video,1,9JfCi7cJXYQ,0,,,0,1,,,,,0/1,195,event title with weak body evidence,0,1,,,,
69718,D,en,153527,2021-03-04,webcast-as-war-danger-grows-there-is-no-alternative-to-u-s-china-cooperation,"Webcast: As War Danger Grows, There is No Alternative to U.S.-China Cooperation",/blog/2021/03/04/webcast-as-war-danger-grows-there-is-no-alternative-to-u-s-china-cooperation/,R3,si_video,1,PZSSue1Nt-4,0,,,0,1,,,,,0/1,245,event title with weak body evidence,0,1,,,,
69730,D,de,153527,2021-03-04,webcast-as-war-danger-grows-there-is-no-alternative-to-u-s-china-cooperation,Webcast: Trotz Kriegsgefahr: Es gibt keine Alternative zur Zusammenarbeit zwischen den USA und China,/blog/2021/03/04/webcast-as-war-danger-grows-there-is-no-alternative-to-u-s-china-cooperation/,R3,si_video,1,pU8hFbReU3s,0,,,0,1,,,,,0/1,230,event title with weak body evidence,0,1,,,,
70262,D,en,153640,2021-03-11,webcast-helga-zepp-larouche-takes-on-the-false-axioms-of-the-war-party-and-neo-liberals,Webcast: Helga Zepp LaRouche Takes on the False Axioms of the War Party and Neo-liberals,/blog/2021/03/11/webcast-helga-zepp-larouche-takes-on-the-false-axioms-of-the-war-party-and-neo-liberals/,R3,si_video,1,-OuoGGQkt_M,0,,,0,1,register for,,,,0/1,156,event title with weak body evidence,0,1,,,,
70275,D,de,153640,2021-03-11,webcast-helga-zepp-larouche-takes-on-the-false-axioms-of-the-war-party-and-neo-liberals,Webcast: US-Staatsanwälte klagen gegen Ökodiktatur!,/blog/2021/03/11/webcast-helga-zepp-larouche-takes-on-the-false-axioms-of-the-war-party-and-neo-liberals/,R3,si_video,1,Zrsue5mCTlE,0,,,0,1,,,,,0/1,28,event title with weak body evidence,0,1,,,,
70470,D,de,153694,2021-03-15,conference-invitation-by-professor-leonardo-merino-from-ecuador,Conference invitation by Professor Leonardo Merino from Ecuador,/blog/2021/03/15/conference-invitation-by-professor-leonardo-merino-from-ecuador/,R9,post,1,Pj_mUZDrtGA,0,,,0,1,,,,,0/1,78,event title with weak body evidence,1,1,,,,
70500,D,en,153699,2021-03-16,conference-invitation-by-professor-leonardo-merino-from-ecuador,Conference Invitation by Professor Leonardo Merino from Ecuador,/blog/2021/03/16/conference-invitation-by-professor-leonardo-merino-from-ecuador/,R9,post,1,Pj_mUZDrtGA,0,,,0,1,rsvp,,,,0/1,76,event title with weak body evidence,1,1,,,,
70534,D,en,153707,2021-03-17,conference-invitation-by-nelly-alvarado-bejarano-from-colombia,Conference Invitation by Nelly Alvarado Bejarano from Colombia,/blog/2021/03/17/conference-invitation-by-nelly-alvarado-bejarano-from-colombia/,R9,post,1,8z4cMN0RZoQ,0,,,0,1,,,,,0/1,4,event title with weak body evidence,1,1,,,,
70536,D,de,153707,2021-03-17,conference-invitation-by-nelly-alvarado-bejarano-from-colombia,Conference Invitation by Nelly Alvarado Bejarano from Colombia,/blog/2021/03/17/conference-invitation-by-nelly-alvarado-bejarano-from-colombia/,R9,post,1,8z4cMN0RZoQ,0,,,0,1,,,,,0/1,18,event title with weak body evidence,1,1,,,,
70978,D,en,153777,2021-03-24,collapse-in-relations-with-russia-and-china-increases-the-danger-of-war,Webcast: Collapse in Relations with Russia and China Increases the Danger of War,/blog/2021/03/24/collapse-in-relations-with-russia-and-china-increases-the-danger-of-war/,R3,si_video,1,HD52fdkw5dU,0,,,0,1,,,,,0/1,153,event title with weak body evidence,0,1,,,,same-trid sibling(s) not flagged: 71014 — decide the whole group
71525,D,en,153879,2021-04-01,webcast-expose-the-real-human-rights-violators-the-neocons-and-neolibs-of-london-and-wall-street,"Webcast: Expose the Real Human Rights Violators, the Neocons and Neolibs of London and Wall Street",/blog/2021/04/01/webcast-expose-the-real-human-rights-violators-the-neocons-and-neolibs-of-london-and-wall-street/,R3,si_video,1,u_nUI_DVrPA,0,,,0,1,,,,,0/1,234,event title with weak body evidence,0,1,,,,same-trid sibling(s) not flagged: 71552 — decide the whole group
71773,D,en,153947,2021-04-07,webcast-how-a-collapsing-global-economy-is-fueling-the-war-drive,Webcast: How a Collapsing Global Economy is Fueling the War Drive,/blog/2021/04/07/webcast-how-a-collapsing-global-economy-is-fueling-the-war-drive/,R3,si_video,1,3v9hkWo79uE,0,,,0,1,,,,,0/1,220,event title with weak body evidence,0,1,,,,same-trid sibling(s) not flagged: 71797 — decide the whole group
72258,D,en,154042,2021-04-14,webcast-the-moral-collapse-of-the-western-system-cries-out-for-a-new-paradigm,Webcast: The Moral Collapse of the Western System Cries Out for a New Paradigm,/blog/2021/04/14/webcast-the-moral-collapse-of-the-western-system-cries-out-for-a-new-paradigm/,R3,si_video,1,lKordRoe8eg,0,,,0,1,,,,,0/1,203,event title with weak body evidence,0,1,,,,same-trid sibling(s) not flagged: 72261 — decide the whole group
73490,D,en,154236,2021-04-28,webcast-time-to-get-serious-nuclear-war-can-happen,Webcast: Time to Get Serious — Nuclear War Can Happen!,/blog/2021/04/28/webcast-time-to-get-serious-nuclear-war-can-happen/,R3,si_video,1,Ho-8viNaAr0,0,,,0,1,register for,,,,0/1,270,event title with weak body evidence,0,1,,,,
73514,D,de,154236,2021-04-28,es-wird-ernst-nuklearkrieg-ist-eine-reale-moeglichkeit-webcast,Es wird ernst – Nuklearkrieg ist eine reale Möglichkeit (Webcast),/blog/2021/04/28/es-wird-ernst-nuklearkrieg-ist-eine-reale-moeglichkeit-webcast/,R3,si_video,1,ECdR2CciFPc,0,,,0,1,,,,,0/1,308,event title with weak body evidence,0,1,,,,
73795,D,en,154303,2021-05-05,webcast-a-unique-opportunity-to-participate-in-creating-a-necessary-new-paradigm,"Webcast: A Unique Opportunity to Participate in Creating a Necessary, New Paradigm",/blog/2021/05/05/webcast-a-unique-opportunity-to-participate-in-creating-a-necessary-new-paradigm/,R3,si_video,1,feEx2azts6Y,0,,,0,1,register for,,,,0/1,290,event title with weak body evidence,0,1,,,,same-trid sibling(s) not flagged: 73804 — decide the whole group
74225,D,en,154389,2021-05-13,webcast-the-dead-souls-of-the-trans-atlantic-world-must-be-replaced-by-those-committed-to-develop-the-beauty-of-the-human-mind,"Webcast: The ""Dead Souls"" of the Trans-Atlantic World Must Be Replaced by Those Committed to Develop the Beauty of the Human Mind",/blog/2021/05/13/webcast-the-dead-souls-of-the-trans-atlantic-world-must-be-replaced-by-those-committed-to-develop-the-beauty-of-the-human-mind/,R9,si_video,1,ezYax9h5iJw,0,,,0,1,,,,,0/1,183,event title with weak body evidence,0,1,,,,
74279,D,de,154389,2021-05-14,webcast-mit-helga-zepp-larouche-die-toten-seelen-der-transatlantischen-welt-ersetzen,"Webcast mit Helga Zepp-LaRouche:   Die ""toten Seelen"" der transatlantischen Welt ersetzen",/blog/2021/05/14/webcast-mit-helga-zepp-larouche-die-toten-seelen-der-transatlantischen-welt-ersetzen/,R3,si_video,1,RQOXMsTlmdM,0,,,0,1,,,,,0/1,180,event title with weak body evidence,0,1,,,,
74634,D,en,154463,2021-05-21,webcast-a-different-approach-from-russia-and-china-threatens-the-globalist-oligarchs-great-reset-and-green-new-deal,"Webcast: A ""Different Approach"" from Russia and China Threatens the Globalist Oligarch's Great Reset and Green New Deal",/blog/2021/05/21/webcast-a-different-approach-from-russia-and-china-threatens-the-globalist-oligarchs-great-reset-and-green-new-deal/,R9,si_video,1,euEYppnOYIw,0,,,0,1,,,,,0/1,159,event title with weak body evidence,0,1,,,,
74646,D,de,154463,2021-05-21,webcast-ein-anderer-ansatz-bedroht-den-great-reset-der-globalistischen-oligarchen,"Webcast: Ein ""anderer Ansatz"" bedroht den Great Reset der globalistischen Oligarchen",/blog/2021/05/21/webcast-ein-anderer-ansatz-bedroht-den-great-reset-der-globalistischen-oligarchen/,R3,si_video,1,q-nnZvAJzTQ,0,,,0,1,,,,,0/1,167,event title with weak body evidence,0,1,,,,
74953,D,en,154521,2021-05-29,putin-biden-summit-potential-step-in-the-right-direction,Webcast: Putin–Biden Summit: Potential Step in the Right Direction,/blog/2021/05/29/putin-biden-summit-potential-step-in-the-right-direction/,R3,si_video,1,bJffrITdz1w,0,,,0,1,,,,,0/1,216,event title with weak body evidence,0,1,,,,
74957,D,de,154521,2021-05-29,webcast-putin-biden-gipfeltreffen-potentieller-schritt-in-die-richtige-richtung,Webcast: Putin-Biden-Gipfeltreffen - Potentieller Schritt in die richtige Richtung,/blog/2021/05/29/webcast-putin-biden-gipfeltreffen-potentieller-schritt-in-die-richtige-richtung/,R3,si_video,1,aTv3ussOnBE,0,,,0,1,,,,,0/1,1,event title with weak body evidence,0,1,,,,
75094,D,en,154550,2021-06-02,increasing-density-of-false-narratives-from-war-party-proliferate-preceding-upcoming-summits,Webcast: Increasing Density of False Narratives from War Party Proliferate Preceding Upcoming Summits,/blog/2021/06/02/increasing-density-of-false-narratives-from-war-party-proliferate-preceding-upcoming-summits/,R3,si_video,1,e31TFU8u8dw,0,,,0,1,,,,,0/1,227,event title with weak body evidence,0,1,,,,same-trid sibling(s) not flagged: 75096 — decide the whole group
75150,D,en,154556,2021-06-03,pre-summit-events-target-russia-china,"Pre-Summit Events Target Russia, China",/blog/2021/06/03/pre-summit-events-target-russia-china/,R3,si_video,1,IakBkb8rkzk,0,,,0,1,,,,,0/1,165,event title with weak body evidence,0,1,,,,
75450,D,en,154621,2021-06-16,will-the-putin-biden-summit-initiate-a-prospect-for-improved-relations,Will the Putin-Biden Summit Initiate a Prospect for Improved Relations?,/blog/2021/06/16/will-the-putin-biden-summit-initiate-a-prospect-for-improved-relations/,R3,si_video,1,FK33q2ydMrg,0,,,0,1,,,,,0/1,139,event title with weak body evidence,0,1,,,,
75460,D,en,154623,2021-06-16,video-invitation-to-the-june-26-27-conference,Video: Invitation to the June 26-27 Conference,/blog/2021/06/16/video-invitation-to-the-june-26-27-conference/,R9,si_video,1,EQgpGUaQ0Qs,0,,,0,1,,,,,0/1,51,event title with weak body evidence,0,1,,,,
75506,D,de,154623,2021-06-18,video-konferenzeinladung-fuer-das-gemeinwohl-aller-statt-dem-nutzen-weniger,"Video: Konferenzeinladung ""Für das Gemeinwohl aller, statt dem Nutzen Weniger!""",/blog/2021/06/18/video-konferenzeinladung-fuer-das-gemeinwohl-aller-statt-dem-nutzen-weniger/,R9,si_video,1,5mFy0wH507U,0,,,0,1,,,,,0/1,49,event title with weak body evidence,0,1,,,,
75521,D,en,154638,2021-06-18,did-the-biden-putin-summit-change-anything,Did the Biden-Putin Summit Change Anything?,/blog/2021/06/18/did-the-biden-putin-summit-change-anything/,R9,post,1,-S_WNicfxpo,0,,,0,1,register for,,,,0/1,154,event title with weak body evidence,1,1,,,,
75732,D,en,154683,2021-06-23,webcast-following-geneva-putin-makes-generous-offer,"Webcast: Following Geneva, Putin Makes Generous Offer",/blog/2021/06/23/webcast-following-geneva-putin-makes-generous-offer/,R3,si_video,1,dOKChEO0pY0,0,,,0,1,,,,,0/1,139,event title with weak body evidence,0,1,,,,same-trid sibling(s) not flagged: 75744 — decide the whole group
75808,D,en,154702,2021-06-25,brits-on-renewed-war-drive-following-putin-biden-summit,Brits on Renewed War Drive Following Putin-Biden Summit,/blog/2021/06/25/brits-on-renewed-war-drive-following-putin-biden-summit/,R3,si_video,1,QCmenJcZ0cE,0,,,0,1,,,,,0/1,109,event title with weak body evidence,0,1,,,,
76048,D,en,154747,2021-06-30,webcast-clarion-call-from-schiller-institute-conference-defeat-the-war-machine-build-a-political-order-in-the-interest-of-all,"Webcast: Clarion Call from Schiller Institute Conference: Defeat the War Machine, Build a Political Order in the Interest of All",/blog/2021/06/30/webcast-clarion-call-from-schiller-institute-conference-defeat-the-war-machine-build-a-political-order-in-the-interest-of-all/,R3,si_video,1,CpyX14MUoLU,0,,,0,1,,,,,0/1,156,event title with weak body evidence,0,1,,,,
76060,D,de,154747,2021-06-30,konferenz-des-schiller-instituts-kriegstreiber-eliminieren-und-eine-politische-ordnung-im-interesse-aller-aufbauen,Konferenz des Schiller-Instituts: Kriegstreiber eliminieren und eine politische Ordnung im Interesse aller aufbauen,/blog/2021/06/30/konferenz-des-schiller-instituts-kriegstreiber-eliminieren-und-eine-politische-ordnung-im-interesse-aller-aufbauen/,R3,si_video,1,OJwzTfjUzis,0,,,0,1,,,,,0/1,147,event title with weak body evidence,0,1,,,,
76337,D,en,154806,2021-07-07,webcast-a-world-without-geopolitics-beckons-after-the-afghan-debacle-have-we-learned-our-lesson-yet,"Webcast: A World Without Geopolitics Beckons: After the Afghan Debacle, Have We Learned Our Lesson Yet?",/blog/2021/07/07/webcast-a-world-without-geopolitics-beckons-after-the-afghan-debacle-have-we-learned-our-lesson-yet/,R3,si_video,1,PrYd--FOfPA,0,,,0,1,,,,,0/1,195,event title with weak body evidence,0,1,,,,same-trid sibling(s) not flagged: 76386 — decide the whole group
76827,D,en,154901,2021-07-15,great-opportunity-to-learn-from-50-years-of-strategic-insanity,Webcast: Great Opportunity to Learn from 50 Years of Strategic Insanity,/blog/2021/07/15/great-opportunity-to-learn-from-50-years-of-strategic-insanity/,R3,si_video,1,XZIDadPp8LI,0,,,0,1,,,,,0/1,167,event title with weak body evidence,0,1,,,,same-trid sibling(s) not flagged: 76936 — decide the whole group
76906,D,en,154912,2021-07-15,seminar-invitation-so-are-you-finally-willing-to-learn-economics,"Seminar Invitation: So, Are You Finally Willing to Learn Economics?",/blog/2021/07/15/seminar-invitation-so-are-you-finally-willing-to-learn-economics/,R9,post,1,-n_0lrCQwKY,0,,,0,1,edt|invitation to|register here,,,,0/1,609,event title with weak body evidence,1,1,,,,
77169,D,en,154960,2021-07-21,webcast-learn-from-the-present-crises-there-is-no-need-for-a-systemic-breakdown,Webcast: Learn from the Present Crises: There is No Need for a Systemic Breakdown,/blog/2021/07/21/webcast-learn-from-the-present-crises-there-is-no-need-for-a-systemic-breakdown/,R3,si_video,1,41e-8f-uJ7Q,0,,,0,1,,,,,0/1,214,event title with weak body evidence,0,1,,,,
77181,D,de,154960,2021-07-21,webcast-nach-der-jahrhundertflut-aufbauprogramm-fuer-ganz-deutschland,Webcast: Nach der Jahrhundertflut: Aufbauprogramm für ganz Deutschland!,/blog/2021/07/21/webcast-nach-der-jahrhundertflut-aufbauprogramm-fuer-ganz-deutschland/,R3,si_video,1,HJm0bg52qfc,0,,,0,1,,,,,0/1,103,event title with weak body evidence,0,1,,,,
77668,D,en,155042,2021-07-29,webcast-behind-the-green-new-deal-hjalmar-schacht,Webcast: Behind the Green New Deal— Hjalmar Schacht,/blog/2021/07/29/webcast-behind-the-green-new-deal-hjalmar-schacht/,R9,si_video,1,qtk_nE1O8xM,0,,,0,1,register now,,,,0/1,112,event title with weak body evidence,0,1,,,,
77680,D,de,155045,2021-07-29,webcast-hinter-dem-green-deal-hjalmar-schacht,Webcast: Hinter dem Green Deal - Hjalmar Schacht,/blog/2021/07/29/webcast-hinter-dem-green-deal-hjalmar-schacht/,R3,si_video,1,gkmoxzxftBk,0,,,0,1,,,,,0/1,52,event title with weak body evidence,0,1,,,,
78091,D,de,155095,2021-08-05,webcast-scheitern-des-neoliberalen-systems-ueberall-offensichtlich,Webcast: Scheitern des neoliberalen Systems überall offensichtlich!,/blog/2021/08/05/webcast-scheitern-des-neoliberalen-systems-ueberall-offensichtlich/,R3,si_video,1,hyStc2UAb3g,0,,,0,1,,,,,0/1,169,event title with weak body evidence,0,1,,,,
78436,D,en,155168,2021-08-11,webcast-how-was-lyndon-larouche-able-to-forecast-todays-systemic-crisis-50-years-ago,Webcast: How was Lyndon LaRouche Able to Forecast Today's Systemic Crisis 50 Years Ago?,/blog/2021/08/11/webcast-how-was-lyndon-larouche-able-to-forecast-todays-systemic-crisis-50-years-ago/,R3,si_video,1,glzOxJOKUCw,0,,,0,1,edt,,,,0/1,160,event title with weak body evidence,0,1,,,,
78568,D,de,155168,2021-08-12,webcast-wie-konnte-lyndon-larouche-die-systemische-krise-vor-50-jahren-vorhersagen,Webcast: Wie konnte Lyndon LaRouche die systemische Krise vor 50 Jahren vorhersagen?,/blog/2021/08/12/webcast-wie-konnte-lyndon-larouche-die-systemische-krise-vor-50-jahren-vorhersagen/,R3,si_video,1,ynvG6C9p-3c,0,,,0,1,,,,,0/1,172,event title with weak body evidence,0,1,,,,
78623,D,en,155195,2021-08-17,webcast-afghanistan-opportunity-for-a-new-epoch,Webcast: Afghanistan - Opportunity for a New Epoch,/blog/2021/08/17/webcast-afghanistan-opportunity-for-a-new-epoch/,R3,si_video,1,qfHLPPm6-uQ,0,,,0,1,,,,,0/1,318,event title with weak body evidence,0,1,,,,
78638,D,de,155195,2021-08-17,webcast-afghanistan-chance-fuer-eine-neue-epoche,Webcast: Afghanistan - Chance für eine neue Epoche,/blog/2021/08/17/webcast-afghanistan-chance-fuer-eine-neue-epoche/,R3,si_video,1,4H5eW98wnvA,0,,,0,1,,,,,0/1,97,event title with weak body evidence,0,1,,,,
78884,D,en,155241,2021-08-25,webcast-afghanistan-chance-for-a-positive-reorientation,Webcast: Afghanistan—Chance for a Positive Reorientation,/blog/2021/08/25/webcast-afghanistan-chance-for-a-positive-reorientation/,R3,si_video,1,ccB4a1fuKkc,0,,,0,1,,,,,0/1,181,event title with weak body evidence,0,1,,,,
78886,D,de,155241,2021-08-25,webcast-afghanistan-chance-fuer-eine-positive-neuausrichtung,Webcast - Afghanistan - Chance für eine positive Neuausrichtung,/blog/2021/08/25/webcast-afghanistan-chance-fuer-eine-positive-neuausrichtung/,R3,si_video,1,O3Ut8fzkads,0,,,0,1,,,,,0/1,182,event title with weak body evidence,0,1,,,,
79336,D,en,155319,2021-09-08,cop26-climate-conference-in-trouble,COP26 Climate Conference in Trouble,/blog/2021/09/08/cop26-climate-conference-in-trouble/,R3,si_video,1,RzvaCKeNqLs,0,,,0,1,,,,,0/1,131,event title with weak body evidence,0,1,,,,
79377,D,en,155327,2021-09-08,webcast-total-failure-of-the-unipolar-policy-in-afghanistan-opens-the-way-for-a-necessary-transformation,Webcast: Total Failure of the Unipolar Policy in Afghanistan Opens the Way for a Necessary Transformation,/blog/2021/09/08/webcast-total-failure-of-the-unipolar-policy-in-afghanistan-opens-the-way-for-a-necessary-transformation/,R3,si_video,1,w-20mqQj6Z0,0,,,0,1,,,,,0/1,211,event title with weak body evidence,0,1,,,,same-trid sibling(s) not flagged: 79389 — decide the whole group
79489,D,en,155352,2021-09-11,conference-the-path-forward-from-september-11-afghanistan-and-the-surveillance-state,"Conference: The Path Forward From September 11, Afghanistan, and the Surveillance State",/blog/2021/09/11/conference-the-path-forward-from-september-11-afghanistan-and-the-surveillance-state/,R9,post,1,TJssiSfnSHU,0,,,0,1,edt,,,,0/1,249,event title with weak body evidence,1,1,,,,
79609,D,en,155379,2021-09-17,webcast-a-no-good-deal-zepp-larouche-says-aukus-security-agreements-increase-global-tension-instability,"Webcast: A ""No Good Deal"" — Zepp-LaRouche Says AUKUS Security Agreements Increase Global Tension/Instability",/blog/2021/09/17/webcast-a-no-good-deal-zepp-larouche-says-aukus-security-agreements-increase-global-tension-instability/,R3,si_video,1,ipi8UUE7Pi0,0,,,0,1,,,,,0/1,142,event title with weak body evidence,0,1,,,,same-trid sibling(s) not flagged: 79637 — decide the whole group
79855,D,en,155424,2021-09-23,webcast-two-contrasting-paradigms-depraved-indifference-versus-happiness-of-the-people,Webcast: Two Contrasting Paradigms: Depraved Indifference Versus Happiness of the People,/blog/2021/09/23/webcast-two-contrasting-paradigms-depraved-indifference-versus-happiness-of-the-people/,R3,si_video,1,9QGxhxyRJeA,0,,,0,1,,,,,0/1,214,event title with weak body evidence,0,1,,,,same-trid sibling(s) not flagged: 79857 — decide the whole group
79987,D,en,155455,2021-09-29,webcast-german-parties-betray-the-voters-with-green-nonsense-and-drive-energy-hyperinflation,Webcast: German Parties Betray the Voters with Green Nonsense and Drive Energy Hyperinflation,/blog/2021/09/29/webcast-german-parties-betray-the-voters-with-green-nonsense-and-drive-energy-hyperinflation/,R3,si_video,1,vSPxhCQdPIQ,0,,,0,1,,,,,0/1,209,event title with weak body evidence,0,1,,,,
79989,D,de,155455,2021-09-29,webcast-bundestagswahl-ein-nicht-nachhaltiges-gruenes-biotp,Webcast: Bundestagswahl --- ein nicht nachhaltiges Grünes Biotop!,/blog/2021/09/29/webcast-bundestagswahl-ein-nicht-nachhaltiges-gruenes-biotp/,R3,si_video,1,a9w5XjTDvmI,0,,,0,1,,,,,0/1,542,event title with weak body evidence,0,1,,,,
80232,D,en,155514,2021-10-06,webcast-we-are-facing-fascism-with-a-green-face-and-we-should-call-it-that,"Webcast: We Are Facing ""Fascism with a Green Face"", and We Should Call It That!",/blog/2021/10/06/webcast-we-are-facing-fascism-with-a-green-face-and-we-should-call-it-that/,R3,si_video,1,wUDdQa9OrFA,0,,,0,1,,,,,0/1,227,event title with weak body evidence,0,1,,,,
80234,D,de,155514,2021-10-06,webcast-was-hinter-der-energiepreisexplosion-steckt,Webcast: Was hinter der Energiepreisexplosion steckt,/blog/2021/10/06/webcast-was-hinter-der-energiepreisexplosion-steckt/,R3,si_video,1,cdQJtzD6iLw,0,,,0,1,,,,,0/1,223,event title with weak body evidence,0,1,,,,
81022,D,en,155605,2021-10-15,seminar-in-copenhagen-denmark-afghanistan-what-now-peace-through-economic-development,"Seminar in Copenhagen, Denmark: Afghanistan: What now? Peace through Economic Development",/blog/2021/10/15/seminar-in-copenhagen-denmark-afghanistan-what-now-peace-through-economic-development/,R9,post,1,QWr_hcvzvdk,0,,,0,1,,,,,0/1,249,event title with weak body evidence,1,1,,,,
81045,D,en,155608,2021-10-15,live-event-will-reality-bite-british-bozos-at-glasgow-halloween-climate-summit,Live Event: Will Reality Bite British Bozos at Glasgow Halloween Climate Summit?,/blog/2021/10/15/live-event-will-reality-bite-british-bozos-at-glasgow-halloween-climate-summit/,R9,si_video,1,bXV-WLIkwek,0,,,0,1,edt,,,,0/1,211,event title with weak body evidence,0,1,,,,
81132,D,de,155605,2021-10-19,daenisches-schiller-institut-veranstaltet-internationales-seminar-zum-wiederaufbau-afghanistans,Dänisches Schiller-Institut veranstaltet internationales Seminar zum Wiederaufbau Afghanistans,/blog/2021/10/19/daenisches-schiller-institut-veranstaltet-internationales-seminar-zum-wiederaufbau-afghanistans/,R9,post,1,LSoiBEfqi-Y,0,,,0,1,livestream,,,,0/1,433,event title with weak body evidence,1,1,,,,
81367,D,en,155669,2021-10-27,queen-elizabeth-bails-on-flop26-summit,Queen Elizabeth Bails on FLOP26 Summit,/blog/2021/10/27/queen-elizabeth-bails-on-flop26-summit/,R3,si_video,1,42ZtQv_4FKs,0,,,0,1,,,,,0/1,130,event title with weak body evidence,0,1,,,,
81390,D,en,155671,2021-10-27,webcast-what-comes-next-after-flop26,Webcast: What Comes Next After FLOP26?,/blog/2021/10/27/webcast-what-comes-next-after-flop26/,R3,si_video,1,55s9oSVWiTY,0,,,0,1,rsvp,,,,0/1,181,event title with weak body evidence,0,1,,,,same-trid sibling(s) not flagged: 81397 — decide the whole group
81670,D,en,155735,2021-11-03,webcast-the-dangerous-intentions-of-prince-charles-cop26,Webcast: The Dangerous Intentions of Prince Charles' COP26,/blog/2021/11/03/webcast-the-dangerous-intentions-of-prince-charles-cop26/,R3,si_video,1,3sfxKDhO-Rc,0,,,0,1,,,,,0/1,194,event title with weak body evidence,0,1,,,,
81673,D,de,155735,2021-11-04,webcast-die-gefaehrlichen-absichten-von-prinz-charles-cop26,Webcast: Die gefährlichen Absichten von Prinz Charles' COP26,/blog/2021/11/04/webcast-die-gefaehrlichen-absichten-von-prinz-charles-cop26/,R3,si_video,1,_lodtrkFBX4,0,,,0,1,,,,,0/1,201,event title with weak body evidence,0,1,,,,
81675,D,en,155737,2021-11-04,blah-blah-blah-at-flop26-summit-is-emitted-to-cover-its-deadly-intent,"""Blah, Blah, Blah"" at FLOP26 Summit Is Emitted to Cover Its Deadly Intent",/blog/2021/11/04/blah-blah-blah-at-flop26-summit-is-emitted-to-cover-its-deadly-intent/,R3,si_video,1,CDT7704QSH4,0,,,0,1,,,,,0/1,142,event title with weak body evidence,0,1,,,,
81715,D,en,155746,2021-11-05,prince-charles-calls-for-war-like-mobilization-against-humans-at-flop26-summit,"Prince Charles Calls for ""War-Like Mobilization"" Against Humans at FLOP26 Summit",/blog/2021/11/05/prince-charles-calls-for-war-like-mobilization-against-humans-at-flop26-summit/,R3,si_video,1,-z432oWQnRs,0,,,0,1,,,,,0/1,81,event title with weak body evidence,0,1,,,,
82163,D,en,155823,2021-11-19,webcast-most-of-the-world-is-hungry-for-change,Webcast: Most of the World is Hungry for Change,/blog/2021/11/19/webcast-most-of-the-world-is-hungry-for-change/,R9,si_video,1,3l3XzhI1wVs,0,,,0,1,,,,,0/1,167,event title with weak body evidence,0,1,,,,
82169,D,de,155823,2021-11-19,webcast-8-geburtstag-fuer-die-seidenstrasse-erfolgsgeschichte-des-jahrhunderts,"Webcast: 8. Geburtstag für die Seidenstraße, Erfolgsgeschichte des Jahrhunderts!",/blog/2021/11/19/webcast-8-geburtstag-fuer-die-seidenstrasse-erfolgsgeschichte-des-jahrhunderts/,R3,si_video,1,Nzm5FWzxV_s,0,,,0,1,,,,,0/1,186,event title with weak body evidence,0,1,,,,
82397,D,de,155860,2021-11-24,webcast-waehrend-die-oligarchen-drohungen-nutzen-schafft-das-schiller-institut-ein-neues-paradigma,"Webcast: Während die Oligarchen Drohungen nutzen, schafft das Schiller-Institut ein Neues Paradigma",/blog/2021/11/24/webcast-waehrend-die-oligarchen-drohungen-nutzen-schafft-das-schiller-institut-ein-neues-paradigma/,R3,si_video,1,54lKTxY3X4s,0,,,0,1,,,,,0/1,167,event title with weak body evidence,0,1,,,,
82399,D,en,155862,2021-11-24,webcast-as-the-oligarchy-threatens-war-chaos-we-steer-the-world-toward-scientific-economic-cooperation,"Webcast: As the Oligarchy Threatens War/Chaos, We Steer the World Toward Scientific/Economic Cooperation",/blog/2021/11/24/webcast-as-the-oligarchy-threatens-war-chaos-we-steer-the-world-toward-scientific-economic-cooperation/,R9,si_video,1,yGqJWKYh3fc,0,,,0,1,,,,,0/1,163,event title with weak body evidence,0,1,,,,
82728,D,de,155913,2021-12-01,internationale-konferenz-des-schiller-instituts-omicron-dringende-notwendigkeit-fuer-ein-weltgesundheitssystem,Internationale Konferenz des Schiller-Instituts: OMICRON: Dringende Notwendigkeit für ein Weltgesundheitssystem,/blog/2021/12/01/internationale-konferenz-des-schiller-instituts-omicron-dringende-notwendigkeit-fuer-ein-weltgesundheitssystem/,R9,post,1,x0D_e_GToEk,0,,,0,1,,,,,0/1,293,event title with weak body evidence,1,1,,,,
82765,D,en,155925,2021-12-01,webcast-there-is-still-time-to-defeat-the-pandemic,Webcast: There Is Still Time to Defeat the Pandemic!,/blog/2021/12/01/webcast-there-is-still-time-to-defeat-the-pandemic/,R9,si_video,1,Z1XZQwIw7-4,0,,,0,1,est,,,,0/1,207,event title with weak body evidence,0,1,,,,
82777,D,de,155925,2021-12-01,noch-haben-wir-zeit-die-pandemie-zu-besiegen,Webcast: Noch haben wir Zeit die Pandemie zu besiegen!,/blog/2021/12/01/noch-haben-wir-zeit-die-pandemie-zu-besiegen/,R3,si_video,1,bucAqyFg2FA,0,,,0,1,uhr mez,,,,0/1,207,event title with weak body evidence,0,1,,,,
82673,D,en,155913,2021-12-04,conference-omicron-urgent-need-for-a-world-health-system,Conference: Omicron: Urgent Need for a World Health System,/blog/2021/12/04/conference-omicron-urgent-need-for-a-world-health-system/,R9,post,1,x0D_e_GToEk,0,,,0,1,est,,,,0/1,306,event title with weak body evidence,1,1,,,,
82870,D,en,155951,2021-12-08,the-biden-putin-summit-what-we-know-so-far,The Biden-Putin Summit: What We Know So Far,/blog/2021/12/08/the-biden-putin-summit-what-we-know-so-far/,R3,si_video,1,9-4e08BUcuE,0,,,0,1,,,,,0/1,132,event title with weak body evidence,0,1,,,,
82873,D,en,155953,2021-12-08,webcast-after-biden-putin-talk-we-are-still-sitting-on-a-powder-keg,"Webcast: After Biden-Putin Talk, We Are Still Sitting on a Powder Keg",/blog/2021/12/08/webcast-after-biden-putin-talk-we-are-still-sitting-on-a-powder-keg/,R9,si_video,1,TEmwBPBBua4,0,,,0,1,,,,,0/1,192,event title with weak body evidence,0,1,,,,
82897,D,de,155953,2021-12-08,webcast-ukraine-ueberschreitet-die-nato-rote-linien,Webcast: Ukraine: überschreitet die NATO rote Linien?,/blog/2021/12/08/webcast-ukraine-ueberschreitet-die-nato-rote-linien/,R3,si_video,1,vNxvD7akhzY,0,,,0,1,,,,,0/1,191,event title with weak body evidence,0,1,,,,
82904,D,en,155960,2021-12-10,summit-of-hypocrisy-is-a-cover-for-global-dictatorship,"""Summit of Hypocrisy"" Is a Cover for Global Dictatorship",/blog/2021/12/10/summit-of-hypocrisy-is-a-cover-for-global-dictatorship/,R3,si_video,1,rmeN5WI3HiU,0,,,0,1,,,,,0/1,82,event title with weak body evidence,0,1,,,,
83038,D,de,155989,2021-12-17,helga-zepp-larouche-bei-cgtn-veranstaltung-party-building-and-the-new-generation,"Helga Zepp-LaRouche bei CGTN-Veranstaltung: ""Party building and the new generation""",/blog/2021/12/17/helga-zepp-larouche-bei-cgtn-veranstaltung-party-building-and-the-new-generation/,R5.1,si_coverage,1,xBJctjZsQlc,0,,,0,1,,,,,0/1,300,event title with weak body evidence,0,1,,,,same-trid sibling(s) not flagged: 83023 — decide the whole group
83167,D,en,156013,2021-12-22,webcast-the-brinksmanship-of-the-trans-atlantic-cannot-be-tolerated,Webcast: The Brinksmanship of the Trans-Atlantic Cannot Be Tolerated,/blog/2021/12/22/webcast-the-brinksmanship-of-the-trans-atlantic-cannot-be-tolerated/,R9,si_video,1,B8vsnb9pIWQ,0,,,0,1,,,,,0/1,269,event title with weak body evidence,0,1,,,,
83176,D,de,156013,2021-12-22,webcast-bahnt-sich-eine-neue-kubakrise-in-der-ukraine-an,Webcast: Bahnt sich eine neue Kubakrise in der Ukraine an?,/blog/2021/12/22/webcast-bahnt-sich-eine-neue-kubakrise-in-der-ukraine-an/,R3,si_video,1,QTOuaYAOmLk,0,,,0,1,,,,,0/1,271,event title with weak body evidence,0,1,,,,
83393,D,en,156052,2021-12-31,webcast-for-the-sake-of-humanity-lets-make-2022-the-year-of-larouche,"Webcast - FOR THE SAKE OF HUMANITY, LET'S MAKE 2022 THE YEAR OF LAROUCHE",/blog/2021/12/31/webcast-for-the-sake-of-humanity-lets-make-2022-the-year-of-larouche/,R3,si_video,1,k19xoI2ubDc,0,,,0,1,,,,,0/1,212,event title with weak body evidence,0,1,,,,
83421,D,de,156052,2021-12-31,webcast-um-der-menschheit-willen-lasst-uns-2022-zum-larouche-jahr-machen,Webcast - Um der Menschheit willen: Machen wir 2022 zum LaRouche-Jahr!,/blog/2021/12/31/webcast-um-der-menschheit-willen-lasst-uns-2022-zum-larouche-jahr-machen/,R3,si_video,1,qT2iY26tsnI,0,,,0,1,,,,,0/1,202,event title with weak body evidence,0,1,,,,
83618,D,en,156088,2022-01-06,webcast-is-a-color-revolution-in-kazakhstan-designed-to-disrupt-u-s-russian-strategic-dialogue,Webcast: Is a Color Revolution in Kazakhstan Designed to Disrupt U.S.-Russian Strategic Dialogue?,/blog/2022/01/06/webcast-is-a-color-revolution-in-kazakhstan-designed-to-disrupt-u-s-russian-strategic-dialogue/,R9,si_video,1,h5pEsa8SUko,0,,,0,1,,,,,0/1,220,event title with weak body evidence,0,1,,,,
83642,D,de,156088,2022-01-06,webcast-soll-eine-farbrevolution-in-kasachstan-den-strategischen-dialog-zwischen-den-usa-und-russland-durchkreuzen,Webcast - Soll eine Farbrevolution in Kasachstan den strategischen Dialog zwischen den USA und Rußland durchkreuzen?,/blog/2022/01/06/webcast-soll-eine-farbrevolution-in-kasachstan-den-strategischen-dialog-zwischen-den-usa-und-russland-durchkreuzen/,R3,si_video,1,8NIX3mSrhz4,0,,,0,1,,,,,0/1,220,event title with weak body evidence,0,1,,,,
83872,D,de,156125,2022-01-13,internationales-seminar-zur-beendigung-des-mordes-in-afghanistan-17-januar-2022,"Internationales Seminar: Beendet das Morden in Afghanistan, 17. Januar 2022",/blog/2022/01/13/internationales-seminar-zur-beendigung-des-mordes-in-afghanistan-17-januar-2022/,R9,post,1,a81aY10Yvag,0,,,0,1,,,,,0/1,565,event title with weak body evidence,1,1,,,,
83924,D,en,156133,2022-01-13,webcast-replace-nato-with-a-security-architecture-based-on-the-westphalian-principle,Webcast: Replace NATO with a Security Architecture Based on the Westphalian Principle,/blog/2022/01/13/webcast-replace-nato-with-a-security-architecture-based-on-the-westphalian-principle/,R9,si_video,1,BfVCwge7Nr4,0,,,0,1,,,,,0/1,316,event title with weak body evidence,0,1,,,,
83959,D,de,156133,2022-01-14,webcast-nato-durch-neue-sicherheitsarchitektur-ersetzen,Webcast - NATO ersetzen mit einer Sicherheitsarchitektur auf Basis des Westfälischen Friedens,/blog/2022/01/14/webcast-nato-durch-neue-sicherheitsarchitektur-ersetzen/,R3,si_video,1,bvGknjzkc7A,0,,,0,1,,,,,0/1,290,event title with weak body evidence,0,1,,,,
84199,D,en,156176,2022-01-20,webcast-we-have-reached-a-crucial-moment-time-is-running-out,"Webcast: We Have Reached a Crucial Moment, ""Time Is Running Out""",/blog/2022/01/20/webcast-we-have-reached-a-crucial-moment-time-is-running-out/,R3,si_video,1,kdR85_Aco7k,0,,,0,1,,,,,0/1,226,event title with weak body evidence,0,1,,,,
84214,D,de,156176,2022-01-21,webcast-wir-haben-einen-entscheidenden-moment-erreicht-die-zeit-ist-bald-abgelaufen,Webcast - Wir haben einen entscheidenden Moment erreicht: „Die Zeit ist bald abgelaufen“,/blog/2022/01/21/webcast-wir-haben-einen-entscheidenden-moment-erreicht-die-zeit-ist-bald-abgelaufen/,R3,si_video,1,ASV2WH8fV-k,0,,,0,1,,,,,0/1,223,event title with weak body evidence,0,1,,,,
84370,D,en,156214,2022-01-28,webcast-war-danger-still-exists-a-new-paradigm-is-in-the-common-interest-of-all-mankind,Webcast: War Danger Still Exists — A New Paradigm is in the Common Interest of All Mankind,/blog/2022/01/28/webcast-war-danger-still-exists-a-new-paradigm-is-in-the-common-interest-of-all-mankind/,R3,si_video,1,0CffI_PjGOk,0,,,0,1,,,,,0/1,223,event title with weak body evidence,0,1,,,,
84396,D,de,156214,2022-01-29,webcast-die-kriegsgefahr-besteht-weiter-ein-neues-paradigma-ist-im-gemeinsamen-interesse-der-menschheit,Webcast - Die Kriegsgefahr besteht weiter - Ein Neues Paradigma ist im gemeinsamen Interesse der Menschheit,/blog/2022/01/29/webcast-die-kriegsgefahr-besteht-weiter-ein-neues-paradigma-ist-im-gemeinsamen-interesse-der-menschheit/,R3,si_video,1,gUm6WRy-Qa4,0,,,0,1,,,,,0/1,220,event title with weak body evidence,0,1,,,,
84586,D,en,156261,2022-02-10,seminar-the-humanitarian-crisis-in-afghanistan-toward-a-long-term-solution,Seminar: The Humanitarian Crisis in Afghanistan — Toward a Long-term Solution,/blog/2022/02/10/seminar-the-humanitarian-crisis-in-afghanistan-toward-a-long-term-solution/,R9,post,1,SVPgsarANgM,0,,,0,1,cet|est,,,,0/1,184,event title with weak body evidence,1,1,,,,same-trid sibling(s) not flagged: 84610 — decide the whole group
84888,D,en,156307,2022-02-11,webcast-the-post-cold-war-order-has-been-shaken-for-the-good-by-the-putin-xi-summit,Webcast: The Post-Cold War Order Has Been Shaken — for the Good — by the Putin-Xi Summit,/blog/2022/02/11/webcast-the-post-cold-war-order-has-been-shaken-for-the-good-by-the-putin-xi-summit/,R9,si_video,1,1o9lup6K4V8,0,,,0,1,,,,,0/1,224,event title with weak body evidence,0,1,,,,
84919,D,de,156315,2022-02-11,webcast-mit-helga-zepp-larouche-2,Webcast mit Helga Zepp-LaRouche: Rußland und China läuten neue Ära der Zusammenarbeit ein,/blog/2022/02/11/webcast-mit-helga-zepp-larouche-2/,R3,si_video,1,UnfQiHf4Itg,0,,,0,1,,,,,0/1,232,event title with weak body evidence,0,1,,,,
85033,D,en,156345,2022-02-16,historical-truth-emerging-trans-atlantic-war-propaganda-machine-takes-a-hit,"Webcast - Historical Truth Emerging, Trans-Atlantic war Propaganda Machine Takes a Hit",/blog/2022/02/16/historical-truth-emerging-trans-atlantic-war-propaganda-machine-takes-a-hit/,R9,si_video,1,ZdBR7j-foVE,0,,,0,1,,,,,0/1,261,event title with weak body evidence,0,1,,,,
85082,D,de,156345,2022-02-17,webcast-finanzkrach-treibende-dynamik-hinter-der-kriegsgefahr,Webcast - Finanzkrach treibende Dynamik hinter der Kriegsgefahr,/blog/2022/02/17/webcast-finanzkrach-treibende-dynamik-hinter-der-kriegsgefahr/,R3,si_video,1,uFzm_jipE2M,0,,,0,1,,,,,0/1,265,event title with weak body evidence,0,1,,,,
85624,D,en,156451,2022-03-10,we-must-put-an-end-to-the-u-s-nato-suicidal-pact-of-self-destruction,Webcast: We Must Put an End to the U.S./NATO Suicidal Pact of Self-Destruction,/blog/2022/03/10/we-must-put-an-end-to-the-u-s-nato-suicidal-pact-of-self-destruction/,R9,si_video,1,crSoXAqEiy4,0,,,0,1,,,,,0/1,176,event title with weak body evidence,0,1,,,,
85627,D,de,156451,2022-03-11,webcast-wir-muessen-den-pakt-der-selbstzerstoerung-beenden,Webcast - „Wir müssen den Pakt der Selbstzerstörung beenden“,/blog/2022/03/11/webcast-wir-muessen-den-pakt-der-selbstzerstoerung-beenden/,R3,si_video,1,CHLzZ6HjJ14,0,,,0,1,,,,,0/1,162,event title with weak body evidence,0,1,,,,
85786,D,en,156485,2022-03-14,in-support-of-an-international-peace-conference-alessia-ruggeri,Video: In Support of an International Peace Conference — Alessia Ruggeri,/blog/2022/03/14/in-support-of-an-international-peace-conference-alessia-ruggeri/,R9,si_video,1,fn_2aABOhjE,0,,,0,1,,,,,0/1,83,event title with weak body evidence,0,1,,,,
86126,D,en,156533,2022-03-24,webcast-as-biden-does-europe-the-question-is-what-is-going-on-in-their-minds,"Webcast: As Biden Does Europe, the Question is, ""What is Going On In Their Minds?""",/blog/2022/03/24/webcast-as-biden-does-europe-the-question-is-what-is-going-on-in-their-minds/,R9,si_video,1,T7HYZN7ERJQ,0,,,0,1,,,,,0/1,230,event title with weak body evidence,0,1,,,,
86178,D,de,156533,2022-03-25,webcast-die-grossartigen-strategen-der-nato-denken-nicht-klar,Webcast: Die „großartigen“ Strategen der NATO denken nicht klar,/blog/2022/03/25/webcast-die-grossartigen-strategen-der-nato-denken-nicht-klar/,R3,si_video,1,-Ucp618Xd6s,0,,,0,1,,,,,0/1,216,event title with weak body evidence,0,1,,,,
86553,D,en,156605,2022-04-02,webcast-global-realignment-underway-opens-possibility-to-break-forever-from-geopolitical-games,"Webcast: Global Realignment Underway, Opens Possibility to Break Forever from Geopolitical Games",/blog/2022/04/02/webcast-global-realignment-underway-opens-possibility-to-break-forever-from-geopolitical-games/,R9,si_video,1,gSz9fECB6cc,0,,,0,1,,,,,0/1,206,event title with weak body evidence,0,1,,,,
86556,D,de,156605,2022-04-02,webcast-sanktionen-gegen-russland-befoerdern-neues-finanzsystem,Webcast - Sanktionen gegen Rußland befördern neues Finanzsystem,/blog/2022/04/02/webcast-sanktionen-gegen-russland-befoerdern-neues-finanzsystem/,R3,si_video,1,PCvMJvOgP7g,0,,,0,1,,,,,0/1,218,event title with weak body evidence,0,1,,,,
86959,D,en,156665,2022-04-20,webcast-major-developments-will-occur-before-the-end-of-this-year,Webcast: Major Developments Will Occur Before the End of this Year!,/blog/2022/04/20/webcast-major-developments-will-occur-before-the-end-of-this-year/,R9,si_video,1,wtNC_sk8p6w,0,,,0,1,,,,,0/1,213,event title with weak body evidence,0,1,,,,
86961,D,de,156665,2022-04-21,ein-positiver-ausweg-aus-dem-krieg-in-der-ukraine,Webcast - Ein positiver Ausweg aus dem Krieg in der Ukraine,/blog/2022/04/21/ein-positiver-ausweg-aus-dem-krieg-in-der-ukraine/,R3,si_video,1,cNkgLnD14qA,0,,,0,1,,,,,0/1,247,event title with weak body evidence,0,1,,,,
87314,D,en,156761,2022-05-01,webcast-ignoring-crossing-of-red-lines-is-a-sign-of-insanity,Webcast: Ignoring Crossing of Red Lines is a Sign of Insanity,/blog/2022/05/01/webcast-ignoring-crossing-of-red-lines-is-a-sign-of-insanity/,R3,si_video,1,AV9Qhha013A,0,,,0,1,,,,,0/1,271,event title with weak body evidence,0,1,,,,
87345,D,de,156761,2022-05-01,webcast-deutschland-darf-sich-nicht-in-den-nuklearkrieg-mit-russland-ziehen-lassen,Webcast: Deutschland darf sich nicht in den Nuklearkrieg mit Rußland ziehen lassen!,/blog/2022/05/01/webcast-deutschland-darf-sich-nicht-in-den-nuklearkrieg-mit-russland-ziehen-lassen/,R3,si_video,1,kfzkcBgUKZQ,0,,,0,1,,,,,0/1,272,event title with weak body evidence,0,1,,,,
87659,D,de,156833,2022-05-17,konferenz-amerikanische-und-europaeische-militaer-und-sicherheitsexperten-warnen-irrsinn-der-politiker-droht-einen-atomkrieg-auszuloesen,Konferenz - Amerikanische und europäische Militär- und Sicherheitsexperten warnen: Irrsinn der Politiker droht einen Atomkrieg auszulösen,/blog/2022/05/17/konferenz-amerikanische-und-europaeische-militaer-und-sicherheitsexperten-warnen-irrsinn-der-politiker-droht-einen-atomkrieg-auszuloesen/,R9,post,1,8Dt9D_D_U4U,7,,,0,1,livestream,,,,0/1,1434,event title with weak body evidence,1,1,,,,
87798,D,en,156849,2022-05-19,webcast-this-is-the-most-dangerous-moment-in-human-history,"Webcast: This is ""The Most Dangerous Moment"" in Human History",/blog/2022/05/19/webcast-this-is-the-most-dangerous-moment-in-human-history/,R9,si_video,1,-o_X2WV4iJs,0,,,0,1,,,,,0/1,214,event title with weak body evidence,0,1,,,,
87821,D,de,156856,2022-05-22,webcast-britische-denkfabrik-will-kubakrise-hoch-10,Webcast - Britische Denkfabrik will Kubakrise hoch 10,/blog/2022/05/22/webcast-britische-denkfabrik-will-kubakrise-hoch-10/,R3,si_video,1,Yc2LutGZOT4,0,,,0,1,,,,,0/1,287,event title with weak body evidence,0,1,,,,
87866,D,en,156863,2022-05-24,87866,"Conference: We Need a New Security And  Development Architecture for All Nations,  Not a Strengthening of Geopolitical Blocs",/blog/2022/05/24/87866/,R9,post,1,G5Xkq-xfFgQ,0,,,0,1,,,,,0/1,271,event title with weak body evidence,1,1,,,,
87891,D,en,156867,2022-05-25,conference-us-and-european-military-and-security-experts-warn-the-insanity-of-politicians-threatens-nuclear-war,Conference: US and European Military and Security Experts Warn: The Insanity of Politicians Threatens Nuclear War,/blog/2022/05/25/conference-us-and-european-military-and-security-experts-warn-the-insanity-of-politicians-threatens-nuclear-war/,R9,post,1,8Dt9D_D_U4U,0,,,0,1,invitation to,,,,0/1,1099,event title with weak body evidence,1,1,,,,
88243,D,en,156927,2022-06-08,webcast-can-we-get-the-u-s-to-cooperate-to-set-up-a-new-global-credit-system,Webcast: Can We Get the U.S. to Cooperate to Set Up a New Global Credit System?,/blog/2022/06/08/webcast-can-we-get-the-u-s-to-cooperate-to-set-up-a-new-global-credit-system/,R9,si_video,1,q17jGFEBN00,0,,,0,1,,,,,0/1,269,event title with weak body evidence,0,1,,,,
88245,D,de,156927,2022-06-08,webcast-nicht-jeder-der-frieden-will-ist-ein-putin-agent,"Webcast - Nicht jeder, der Frieden will, ist ein Putin-Agent",/blog/2022/06/08/webcast-nicht-jeder-der-frieden-will-ist-ein-putin-agent/,R3,si_video,1,EBcl75fgS5I,0,,,0,1,,,,,0/1,268,event title with weak body evidence,0,1,,,,
88255,D,de,156929,2022-06-08,videoeinladung-zur-konferenz-des-schiller-instituts-am-18-und-19-juni-2022,Videoeinladung zur Konferenz des Schiller-Instituts am 18. und 19. Juni 2022,/blog/2022/06/08/videoeinladung-zur-konferenz-des-schiller-instituts-am-18-und-19-juni-2022/,R9,si_video,1,jrUAg2UbjHI,0,,,0,1,,,,,0/1,28,event title with weak body evidence,0,1,,,,
88683,D,en,157000,2022-06-24,webcast-we-must-not-measure-wealth-by-money,Webcast: We Must Not Measure Wealth By Money,/blog/2022/06/24/webcast-we-must-not-measure-wealth-by-money/,R9,si_video,1,yBFC1enYvbU,0,,,0,1,,,,,0/1,235,event title with weak body evidence,0,1,,,,
88698,D,de,157000,2022-06-24,webcast-hyperinflation-aufruf-fuer-ein-neues-bretton-woods-weltwirtschaftssystem,Webcast:  Hyperinflation: Aufruf für ein neues Bretton-Woods-Weltwirtschaftssystem,/blog/2022/06/24/webcast-hyperinflation-aufruf-fuer-ein-neues-bretton-woods-weltwirtschaftssystem/,R3,si_video,1,jjizQKkECMI,0,,,0,1,,,,,0/1,228,event title with weak body evidence,0,1,,,,
88904,D,en,157029,2022-06-30,webcast-zepp-larouche-lays-out-the-case-for-the-new-bretton-woods,Webcast: Zepp-LaRouche Lays Out the Case for the New Bretton Woods,/blog/2022/06/30/webcast-zepp-larouche-lays-out-the-case-for-the-new-bretton-woods/,R9,si_video,1,CZOSIONYBZQ,0,,,0,1,,,,,0/1,259,event title with weak body evidence,0,1,,,,
88906,D,de,157029,2022-06-30,webcast-die-ursachen-der-weltkriegsgefahr-beheben,Webcast -  Die Ursachen der Weltkriegsgefahr beheben,/blog/2022/06/30/webcast-die-ursachen-der-weltkriegsgefahr-beheben/,R3,si_video,1,qymCfhJQKRE,0,,,0,1,,,,,0/1,246,event title with weak body evidence,0,1,,,,
90179,D,en,157231,2022-08-11,webcast-we-cannot-accept-limits-to-free-speech,"Webcast: ""We Cannot Accept Limits to Free Speech""",/blog/2022/08/11/webcast-we-cannot-accept-limits-to-free-speech/,R9,si_video,1,2uHRYHtIRaY,0,,,0,1,,,,,0/1,189,event title with weak body evidence,0,1,,,,
90185,D,de,157231,2022-08-11,wir-brauchen-eine-debatte-ueber-deutschlands-wahre-interessen,Webcast: Wir brauchen eine Debatte über Deutschlands wahre Interessen,/blog/2022/08/11/wir-brauchen-eine-debatte-ueber-deutschlands-wahre-interessen/,R3,si_video,1,T1Yw28LBHw0,0,,,0,1,,,,,0/1,179,event title with weak body evidence,0,1,,,,
90562,D,en,157275,2022-08-18,webcast-you-cannot-gag-an-entire-population,"Webcast: ""You Cannot Gag an Entire Population""",/blog/2022/08/18/webcast-you-cannot-gag-an-entire-population/,R9,si_video,1,FKVX_5nO_kg,0,,,0,1,,,,,0/1,164,event title with weak body evidence,0,1,,,,
90582,D,de,157275,2022-08-18,webcast-forderung-nach-diplomatie-ist-keine-russische-propaganda,"Webcast: Forderung nach Diplomatie ist keine „russische Propaganda""",/blog/2022/08/18/webcast-forderung-nach-diplomatie-ist-keine-russische-propaganda/,R3,si_video,1,iS5Oo3RsP-I,0,,,0,1,,,,,0/1,173,event title with weak body evidence,0,1,,,,
90585,D,de,157255,2022-08-19,live-veranstaltung-hommage-an-den-75-jahrestag-der-indischen-unabhaengigkeit,Live-Veranstaltung: Hommage an den 75. Jahrestag der indischen Unabhängigkeit,/blog/2022/08/19/live-veranstaltung-hommage-an-den-75-jahrestag-der-indischen-unabhaengigkeit/,R9,si_video,1,ZgqpP2-Un_k,0,,,0,1,,,,,0/1,546,event title with weak body evidence,0,1,,,,same-trid sibling(s) not flagged: 90388 — decide the whole group
91087,D,en,157353,2022-09-07,press-conference-shut-down-the-ukrainian-hit-list-targeting-americans-and-international-voices-of-opposition,Press conference: Shut Down the Ukrainian Hit List Targeting Americans and International Voices of Opposition,/blog/2022/09/07/press-conference-shut-down-the-ukrainian-hit-list-targeting-americans-and-international-voices-of-opposition/,R9,si_video,1,RO9oD5uw0yg,0,,,0,1,edt,,,,0/1,404,event title with weak body evidence,0,1,,,,
91496,D,en,157407,2022-09-23,why-is-ukraines-center-for-countering-disinformation-attacking-our-conference-speakers,Why is Ukraine's Center for Countering Disinformation Attacking Our Conference Speakers?,/blog/2022/09/23/why-is-ukraines-center-for-countering-disinformation-attacking-our-conference-speakers/,R9,post,1,3f0LjoYMvcU,0,,,0,1,,,,,0/1,27,event title with weak body evidence,1,1,,,,
91951,D,de,157456,2022-10-04,live-veranstaltung-am-6-oktober-wir-lassen-uns-nicht-zum-schweigen-bringen-die-wahrheit-in-zeiten-des-krieges-aussprechen,Live-Veranstaltung am 6. Oktober: Wir lassen uns nicht zum Schweigen bringen! Die Wahrheit in Zeiten des Krieges aussprechen,/blog/2022/10/04/live-veranstaltung-am-6-oktober-wir-lassen-uns-nicht-zum-schweigen-bringen-die-wahrheit-in-zeiten-des-krieges-aussprechen/,R9,si_video,1,nV7THiwgrX8,0,,,0,1,,,,,0/1,242,event title with weak body evidence,0,1,,,,same-trid sibling(s) not flagged: 91925 — decide the whole group
92217,D,de,157501,2022-10-17,internationale-schiller-institut-konferenz-27-oktober-fuer-den-weltfrieden-stoppt-die-atomkriegsgefahr,"Internationale Schiller-Institut Konferenz, 27. Oktober: Für den Weltfrieden - Stoppt die Atomkriegsgefahr",/blog/2022/10/17/internationale-schiller-institut-konferenz-27-oktober-fuer-den-weltfrieden-stoppt-die-atomkriegsgefahr/,R9,post,1,EPzf4bpsrko,10,,,0,1,einladung,,,,0/1,1289,event title with weak body evidence,1,1,,,,
92521,D,en,157548,2022-11-03,press-conference-a-nuclear-war-cannot-be-won-and-must-never-be-fought,Press conference: “A Nuclear War Cannot be Won and Must Never Be Fought”,/blog/2022/11/03/press-conference-a-nuclear-war-cannot-be-won-and-must-never-be-fought/,R9,si_video,1,i54Xo81SFcI,0,,,0,1,edt,,,,0/1,392,event title with weak body evidence,0,1,,,,same-trid sibling(s) not flagged: 92696 — decide the whole group
92642,D,en,157563,2022-11-06,webcast-our-task-is-to-build-a-worldwide-citizens-movement-for-peace-and-development,Webcast: Our Task is to Build a Worldwide Citizens Movement for Peace and Development,/blog/2022/11/06/webcast-our-task-is-to-build-a-worldwide-citizens-movement-for-peace-and-development/,R9,si_video,1,OmnpO0shKJA,1,,,0,1,,,,,0/1,240,event title with weak body evidence,0,1,,,,same-trid sibling(s) not flagged: 92644 — decide the whole group
93008,D,en,157622,2022-11-17,webcast-world-war-iii-danger-over-fatal-missile-strike-in-poland-confirms-need-for-new-strategic-architecture,Webcast: World War III Danger Over Fatal Missile Strike in Poland Confirms Need for New Strategic Architecture,/blog/2022/11/17/webcast-world-war-iii-danger-over-fatal-missile-strike-in-poland-confirms-need-for-new-strategic-architecture/,R9,si_video,1,tC10Y36q3Bg,0,,,0,1,register for,,,,0/1,204,event title with weak body evidence,0,1,,,,
93021,D,de,157622,2022-11-18,webcast-medien-als-ausloeser-eines-dritten-weltkriegs,Webcast: Medien als Auslöser eines Dritten Weltkriegs?,/blog/2022/11/18/webcast-medien-als-ausloeser-eines-dritten-weltkriegs/,R3,si_video,1,XDwJxJe5iPk,0,,,0,1,,,,,0/1,209,event title with weak body evidence,0,1,,,,
93225,D,en,157655,2022-12-01,webcast-we-may-be-in-for-an-unwanted-surprise-before-the-end-of-the-year,Webcast: We May Be In For an Unwanted Surprise Before the End of the Year,/blog/2022/12/01/webcast-we-may-be-in-for-an-unwanted-surprise-before-the-end-of-the-year/,R9,si_video,1,cb0RTCPkTu4,0,,,0,1,,,,,0/1,240,event title with weak body evidence,0,1,,,,same-trid sibling(s) not flagged: 93227 — decide the whole group
93432,D,en,157694,2022-12-09,webcast-the-arab-world-turns-to-the-east,Webcast: The Arab World Turns to the East!,/blog/2022/12/09/webcast-the-arab-world-turns-to-the-east/,R9,si_video,1,YfvZY000Zrw,0,,,0,1,,,,,0/1,157,event title with weak body evidence,0,1,,,,
93436,D,de,157694,2022-12-09,webcast-neue-seidenstrasse-weitet-sich-nach-saudi-arabien-aus,Webcast: Neue Seidenstraße weitet sich nach Saudi-Arabien aus,/blog/2022/12/09/webcast-neue-seidenstrasse-weitet-sich-nach-saudi-arabien-aus/,R3,si_video,1,57UJ0bONcL0,0,,,0,1,,,,,0/1,151,event title with weak body evidence,0,1,,,,
93593,D,de,157716,2022-12-15,eir-symposium-frieden-auf-erden-oder-der-untergang-der-menschheit-warum-verhandelt-werden-muss,EIR-Symposium: Frieden auf Erden oder der Untergang der Menschheit? Warum verhandelt werden muß!,/blog/2022/12/15/eir-symposium-frieden-auf-erden-oder-der-untergang-der-menschheit-warum-verhandelt-werden-muss/,R9,post,1,ZMbxVONsTGs,0,,,0,1,uhr mez,,,,0/1,417,event title with weak body evidence,1,1,,,,same-trid sibling(s) not flagged: 93570 — decide the whole group
93589,D,en,157718,2022-12-15,webcast-on-the-danger-of-nuclear-war-if-there-are-no-voices-speaking-out-it-may-soon-be-too-late,"Webcast: On the Danger of Nuclear War: If There Are No Voices Speaking Out, It May Soon Be Too Late!",/blog/2022/12/15/webcast-on-the-danger-of-nuclear-war-if-there-are-no-voices-speaking-out-it-may-soon-be-too-late/,R9,si_video,1,b47TN9Kskq8,0,,,0,1,,,,,0/1,196,event title with weak body evidence,0,1,,,,same-trid sibling(s) not flagged: 93611 — decide the whole group
93875,D,en,157753,2022-12-22,webcast-reject-the-zelensky-hollywood-production-organize-support-for-peace-conference-proposed-by-pope-francis,"Webcast: Reject the Zelensky Hollywood Production, Organize Support for Peace Conference Proposed by Pope Francis",/blog/2022/12/22/webcast-reject-the-zelensky-hollywood-production-organize-support-for-peace-conference-proposed-by-pope-francis/,R9,si_video,1,CATGU1dQvPE,0,,,0,1,,,,,0/1,183,event title with weak body evidence,0,1,,,,same-trid sibling(s) not flagged: 93879 — decide the whole group
94065,D,en,157772,2023-01-04,webcast-implication-of-minsk-lies-erosion-of-international-law-loss-of-trust,"Webcast: Implication of Minsk Lies—Erosion of International Law, Loss of Trust",/blog/2023/01/04/webcast-implication-of-minsk-lies-erosion-of-international-law-loss-of-trust/,R9,si_video,1,R01V9eifyaE,0,,,0,1,,,,,0/1,191,event title with weak body evidence,0,1,,,,same-trid sibling(s) not flagged: 94067 — decide the whole group
94192,D,en,157788,2023-01-06,live-conference-what-about-international-law-mrs-merkel,"Live conference: What About International Law, Mrs. Merkel?",/blog/2023/01/06/live-conference-what-about-international-law-mrs-merkel/,R9,si_video,1,GoOsZOB0i2Q,0,,,0,1,,,,,0/1,239,event title with weak body evidence,0,1,,,,
94284,D,en,157797,2023-01-11,webcast-who-authorized-nato-and-the-eu-to-organize-a-world-war,Webcast: Who Authorized NATO and the EU to Organize a World War?,/blog/2023/01/11/webcast-who-authorized-nato-and-the-eu-to-organize-a-world-war/,R9,si_video,1,VfY5odWpofU,0,,,0,1,,,,,0/1,208,event title with weak body evidence,0,1,,,,same-trid sibling(s) not flagged: 94286 — decide the whole group
94533,D,en,157838,2023-01-18,webcast-frenzied-global-nato-consolidation-is-a-threat-to-all-humanity,"Webcast: Frenzied ""Global NATO"" Consolidation is a Threat to All Humanity",/blog/2023/01/18/webcast-frenzied-global-nato-consolidation-is-a-threat-to-all-humanity/,R9,si_video,1,Szita-CsOhA,0,,,0,1,register for,,,,0/1,230,event title with weak body evidence,0,1,,,,same-trid sibling(s) not flagged: 94535 — decide the whole group
94628,D,en,157852,2023-01-25,webcast-flight-forward-commitment-to-send-tanks-to-ukraine-must-be-countered-by-a-movement-of-world-citizens,Webcast: Flight Forward Commitment to Send Tanks to Ukraine Must Be Countered by a Movement of World Citizens,/blog/2023/01/25/webcast-flight-forward-commitment-to-send-tanks-to-ukraine-must-be-countered-by-a-movement-of-world-citizens/,R9,si_video,1,YHw0sTWypJ4,0,,,0,1,,,,,0/1,187,event title with weak body evidence,0,1,,,,same-trid sibling(s) not flagged: 94631 — decide the whole group
94683,D,en,157860,2023-02-01,webcast-scholz-flops-in-brazil-voices-emerge-behind-new-strategic-and-development-architecture,"Webcast: Scholz Flops in Brazil, Voices Emerge Behind New Strategic and Development Architecture",/blog/2023/02/01/webcast-scholz-flops-in-brazil-voices-emerge-behind-new-strategic-and-development-architecture/,R9,si_video,1,sadz53zD0bY,0,,,0,1,,,,,0/1,225,event title with weak body evidence,0,1,,,,same-trid sibling(s) not flagged: 94690 — decide the whole group
95311,D,en,158251,2023-02-15,webcast-with-nato-in-disarray-use-hersh-revelations-to-build-movement-for-durable-peace,"Webcast: With NATO In Disarray, Use Hersh Revelations to Build Movement for Durable Peace",/blog/2023/02/15/webcast-with-nato-in-disarray-use-hersh-revelations-to-build-movement-for-durable-peace/,R9,si_video,1,ERXyVyOMgZ4,0,,,0,1,,,,,0/1,260,event title with weak body evidence,0,1,,,,same-trid sibling(s) not flagged: 95323 — decide the whole group
95936,D,en,158337,2023-03-14,helga-zepp-larouche-call-for-an-international-emergency-conference-to-reorganize-the-bankrupt-financial-system,Helga Zepp-LaRouche: Call for an International Emergency Conference to Reorganize the Bankrupt Financial System,/blog/2023/03/14/helga-zepp-larouche-call-for-an-international-emergency-conference-to-reorganize-the-bankrupt-financial-system/,R9,si_statement,1,B6Fi_aEu9So,0,,,0,1,,,,,0/1,670,event title with weak body evidence,0,1,,,,same-trid sibling(s) not flagged: 95940 — decide the whole group
96174,D,en,158369,2023-03-29,webcast-rules-based-order-spinning-out-of-control,Webcast: Rules-Based Order Spinning Out of Control!,/blog/2023/03/29/webcast-rules-based-order-spinning-out-of-control/,R9,si_video,1,B0f_15tKGbU,0,,,0,1,,,,,0/1,107,event title with weak body evidence,0,1,,,,same-trid sibling(s) not flagged: 96177 — decide the whole group
96244,D,en,158377,2023-04-04,webcast-replacing-the-defunct-rules-based-order-with-mutually-beneficial-cooperation-for-development,Webcast: Replacing the Defunct 'Rules-Based Order' with Mutually Beneficial Cooperation for Development,/blog/2023/04/04/webcast-replacing-the-defunct-rules-based-order-with-mutually-beneficial-cooperation-for-development/,R9,si_video,1,EfKcjy7pqj4,0,,,0,1,,,,,0/1,96,event title with weak body evidence,0,1,,,,same-trid sibling(s) not flagged: 96258 — decide the whole group
96337,D,en,158392,2023-04-12,webcast-change-the-course-of-history,Webcast: Change the Course of History!,/blog/2023/04/12/webcast-change-the-course-of-history/,R9,si_video,1,JyL3IVdbsM8,0,,,0,1,register for,,,,0/1,123,event title with weak body evidence,0,1,,,,
97114,D,en,158488,2023-06-08,international-forum-risks-of-the-wests-china-strategy,"International Forum: Risks of the West’s ""China Strategy""?",/blog/2023/06/08/international-forum-risks-of-the-wests-china-strategy/,R9,post,1,MB0XiZ01Grs,0,,,0,1,,,,,0/1,272,event title with weak body evidence,1,1,,,,
97142,D,de,158488,2023-06-08,internationales-forum-risiken-der-china-strategie-des-westens,"Internationales Forum: Risiken der ""China-Strategie"" des Westens?",/blog/2023/06/08/internationales-forum-risiken-der-china-strategie-des-westens/,R9,post,1,MB0XiZ01Grs,0,,,0,1,,,,,0/1,264,event title with weak body evidence,1,1,,,,
97364,D,en,158528,2023-06-27,organize-like-warrior-angels-a-discussion-with-helga-zepp-larouche,Webcast: Organize like Warrior Angels! — a discussion with Helga Zepp-LaRouche,/blog/2023/06/27/organize-like-warrior-angels-a-discussion-with-helga-zepp-larouche/,R9,si_video,1,aeriOqgvSx8,0,,,0,1,,,,,0/1,143,event title with weak body evidence,0,1,,,,
97565,D,de,158540,2023-07-14,schiller-institut-konferenz-in-strasbourg-die-europaeischen-nationen-muessen-mit-dem-globalen-sueden-kooperieren,Schiller-Institut Konferenz in Straßburg: Die europäischen Nationen müssen mit dem Globalen Süden kooperieren!,/blog/2023/07/14/schiller-institut-konferenz-in-strasbourg-die-europaeischen-nationen-muessen-mit-dem-globalen-sueden-kooperieren/,R9,post,1,fA_kjj2c0Qc,0,,,0,1,,,,,0/1,4387,event title with weak body evidence,1,1,,,,
98104,D,en,158652,2023-07-26,webcast-ukraine-war-threatens-to-escalate-a-discussion-with-helga-zepp-larouche,Webcast: Ukraine War Threatens to Escalate — a discussion with Helga Zepp-LaRouche,/blog/2023/07/26/webcast-ukraine-war-threatens-to-escalate-a-discussion-with-helga-zepp-larouche/,R9,post,1,FZbC5A7qdmI,0,,,0,1,,,,,0/1,33,event title with weak body evidence,1,1,,,,
98222,D,en,158668,2023-08-02,webcast-are-you-joining-the-movement-thursday-august-2-2023-11am-edt-5pm-cet,"Webcast: Are You Joining the Movement?, Wednesday, August 2, 2023 — 11am EDT, 5pm CET",/blog/2023/08/02/webcast-are-you-joining-the-movement-thursday-august-2-2023-11am-edt-5pm-cet/,R9,si_video,1,vJVhEcvH1pk,0,,,0,1,cet|edt,,,,0/1,72,event title with weak body evidence,0,1,,,,
98294,D,en,158679,2023-08-08,webcast-the-colonial-era-is-coming-to-an-end-live-discussion-with-helga-zepp-larouche,Webcast:  The Colonial Era Is Coming To An End — live discussion with Helga Zepp-LaRouche,/blog/2023/08/08/webcast-the-colonial-era-is-coming-to-an-end-live-discussion-with-helga-zepp-larouche/,R3,si_video,1,q_u0ov-Usts,0,,,0,1,,,,,0/1,71,event title with weak body evidence,0,1,,,,same-trid sibling(s) not flagged: 98288 — decide the whole group
98459,D,en,158699,2023-08-17,schiller-institute-first-hand-report-on-russia-africa-summit,Schiller Institute: First-Hand Report on Russia-Africa Summit,/blog/2023/08/17/schiller-institute-first-hand-report-on-russia-africa-summit/,R9,post,1,nBNkstGuulA,0,,,0,1,,,,,0/1,76,event title with weak body evidence,1,1,,,,same-trid sibling(s) not flagged: 98538 — decide the whole group
98609,D,en,158719,2023-08-22,webcast-lets-talk-about-ending-the-isolation-of-the-global-north,Webcast: Let's Talk About Ending the Isolation of the Global North!,/blog/2023/08/22/webcast-lets-talk-about-ending-the-isolation-of-the-global-north/,R9,si_video,1,aUAX6fEpSLU,0,,,0,1,,,,,0/1,256,event title with weak body evidence,0,1,,,,
99447,D,en,158852,2023-10-10,webcast-stop-the-slaughter-in-southwest-asia-survival-depends-on-having-the-courage-to-change-axioms,Webcast: Stop the Slaughter in Southwest Asia — Survival Depends on Having the Courage to Change Axioms!,/blog/2023/10/10/webcast-stop-the-slaughter-in-southwest-asia-survival-depends-on-having-the-courage-to-change-axioms/,R9,si_video,1,RNvI80Pi1u0,0,,,0,1,edt,,,,0/1,413,event title with weak body evidence,0,1,,,,
99503,D,en,158868,2023-10-18,webcast-the-larouche-solution-to-the-war-danger-in-sw-asia,Webcast: The LaRouche Solution to the War Danger in SW Asia,/blog/2023/10/18/webcast-the-larouche-solution-to-the-war-danger-in-sw-asia/,R9,si_video,1,Zn5Vk_J6cMM,0,,,0,1,took place,,,,0/1,682,event title with weak body evidence,0,1,,,,
99675,D,en,158898,2023-10-31,webcast-stopping-the-horror-is-southwest-asia,Webcast: Stopping the Horror in Southwest Asia,/blog/2023/10/31/webcast-stopping-the-horror-is-southwest-asia/,R9,si_video,1,RO8W60KOGuA,0,,,0,1,,,,,0/1,248,event title with weak body evidence,0,1,,,,
99713,D,en,158908,2023-11-08,webcast-peace-through-development-ideas-change-history-not-slogans,"Webcast: Peace Through Development! Ideas Change History, not Slogans",/blog/2023/11/08/webcast-peace-through-development-ideas-change-history-not-slogans/,R9,si_video,1,y4e-SkLPaCE,0,,,0,1,,,,,0/1,219,event title with weak body evidence,0,1,,,,
99730,D,en,158914,2023-11-15,webcast-world-citizens-unite-against-the-city-of-london-and-wall-street,Webcast: World Citizens Unite Against the City of London and Wall Street!,/blog/2023/11/15/webcast-world-citizens-unite-against-the-city-of-london-and-wall-street/,R9,si_video,1,iFNn9xL-zdM,0,,,0,1,cet|edt,,,,0/1,605,event title with weak body evidence,0,1,,,,
99826,D,en,158931,2023-11-21,webcast-join-with-me-to-stop-the-bloodshed,Webcast: Join with Me to Stop the Bloodshed,/blog/2023/11/21/webcast-join-with-me-to-stop-the-bloodshed/,R3,si_video,1,DaW7S-PxyQk,0,,,0,1,cet|edt,,,,0/1,480,event title with weak body evidence,0,1,,,,same-trid sibling(s) not flagged: 99816 — decide the whole group
99902,D,de,158941,2023-11-27,konferenz-9_10-dezember-2023,"Internationale Konferenz: Wenn Sie den Genozid stoppen wollen, bauen Sie eine neue internationale Sicherheits- und Entwicklungsarchitektur auf!",/blog/2023/11/27/konferenz-9_10-dezember-2023/,R9,post,1,H6QjOAuDNFQ,0,,,0,1,einladung|uhr mez,,,,0/1,707,event title with weak body evidence,1,1,,,,
99942,D,en,158946,2023-11-29,webcast-days-of-decision-build-a-mass-movement-for-peace-through-development,Webcast: Days of Decision - Build a Mass Movement for Peace Through Development,/blog/2023/11/29/webcast-days-of-decision-build-a-mass-movement-for-peace-through-development/,R9,si_video,1,XHoLNdwzk-E,0,,,0,1,,,,,0/1,614,event title with weak body evidence,0,1,,,,
100007,D,en,158955,2023-12-06,webcast-intensify-efforts-for-larouches-oasis-plan-to-end-war-in-sw-asia,Webcast: Intensify Efforts for LaRouche's Oasis Plan to End War in SW Asia,/blog/2023/12/06/webcast-intensify-efforts-for-larouches-oasis-plan-to-end-war-in-sw-asia/,R9,si_video,1,YiHl0NschKI,0,,,0,1,,,,,0/1,35,event title with weak body evidence,0,1,,,,
100043,D,en,158959,2023-12-19,webcast-reality-is-stronger-than-ideology-stop-warfare-build-the-physical-economy,"Webcast:  Reality Is Stronger than Ideology; Stop Warfare, Build the Physical Economy",/blog/2023/12/19/webcast-reality-is-stronger-than-ideology-stop-warfare-build-the-physical-economy/,R3,si_video,1,MF99_hNj6Ec,0,,,0,1,cet|edt,,,,0/1,1018,event title with weak body evidence,0,1,,,,same-trid sibling(s) not flagged: 100037 — decide the whole group
100200,D,en,158980,2023-12-26,webcast-a-new-paradigm-in-the-new-year,Webcast: A New Paradigm in the New Year,/blog/2023/12/26/webcast-a-new-paradigm-in-the-new-year/,R3,si_video,1,K-qNQiWnhx4,0,,,0,1,cet|edt,,,,0/1,269,event title with weak body evidence,0,1,,,,same-trid sibling(s) not flagged: 100195 — decide the whole group
100231,D,en,158982,2024-01-02,webcast-the-great-crossroad-of-2024,Webcast:  The Great Crossroad of 2024,/blog/2024/01/02/webcast-the-great-crossroad-of-2024/,R3,si_video,1,XKmETngMpYs,0,,,0,1,edt,,,,0/1,753,event title with weak body evidence,0,1,,,,same-trid sibling(s) not flagged: 100211 — decide the whole group
100287,D,en,158990,2024-01-09,webcast-german-farm-protests-reveal-the-actual-state-of-the-world-this-is-just-the-tip-of-the-iceberg,Webcast: German Farm Protests Reveal the Actual State of the World: ‘This Is Just the Tip of the Iceberg’,/blog/2024/01/09/webcast-german-farm-protests-reveal-the-actual-state-of-the-world-this-is-just-the-tip-of-the-iceberg/,R3,si_video,1,9RQkNdWg0Jw,0,,,0,1,cet|edt|live stream,,,,0/1,729,event title with weak body evidence,0,1,,,,
100417,D,en,159007,2024-01-16,webcast-brics-on-the-move-to-replace-the-wests-law-of-the-jungle-jan-17-11am,"Webcast: BRICS on the Move To Replace the West’s ‘Law of The Jungle’, Jan. 17, 11am",/blog/2024/01/16/webcast-brics-on-the-move-to-replace-the-wests-law-of-the-jungle-jan-17-11am/,R3,si_video,1,FIJRUagBvBs,0,,,0,1,cet|edt|live stream,,,,0/1,620,event title with weak body evidence,0,1,,,,same-trid sibling(s) not flagged: 100393 — decide the whole group
100440,D,en,159011,2024-01-23,webcast-dying-tricks-of-a-dying-system,Webcast: Dying Tricks of a Dying System,/blog/2024/01/23/webcast-dying-tricks-of-a-dying-system/,R3,si_video,1,5lExirG6wCM,0,,,0,1,cet|edt|live stream,,,,0/1,611,event title with weak body evidence,0,1,,,,same-trid sibling(s) not flagged: 100437 — decide the whole group
100521,D,en,159025,2024-01-30,webcast-your-voice-must-be-heard-now,Webcast: Your Voice Must Be Heard Now,/blog/2024/01/30/webcast-your-voice-must-be-heard-now/,R3,si_video,1,NrJspDcmjlM,0,,,0,1,cet|edt|live stream,,,,0/1,529,event title with weak body evidence,0,1,,,,same-trid sibling(s) not flagged: 100534 — decide the whole group
100630,D,en,159039,2024-02-06,webcast-urgent-mobilization-against-the-unipolar-war-machine,Webcast: Urgent Mobilization Against the Unipolar War Machine,/blog/2024/02/06/webcast-urgent-mobilization-against-the-unipolar-war-machine/,R3,si_video,1,0cbzhJIrNQQ,0,,,0,1,cet|edt|live stream,,,,0/1,528,event title with weak body evidence,0,1,,,,same-trid sibling(s) not flagged: 100612 — decide the whole group
100706,D,en,159050,2024-02-13,webcast-world-mobilization-for-ceasefire-in-gaza-larouche-oasis-plan-for-development-and-peace,"Webcast: World Mobilization for Ceasefire in Gaza, LaRouche ‘Oasis Plan’ for Development and Peace",/blog/2024/02/13/webcast-world-mobilization-for-ceasefire-in-gaza-larouche-oasis-plan-for-development-and-peace/,R3,si_video,1,l1ae2p3U8d8,0,,,0,1,cet|edt|live stream|registration,,,,0/1,637,event title with weak body evidence,0,1,,,,same-trid sibling(s) not flagged: 100700 — decide the whole group
100940,D,en,159084,2024-02-27,webcast-break-out-of-the-permanent-war-paradigm-with-the-larouche-solution,Webcast: Break Out of the Permanent War Paradigm with the LaRouche Solution,/blog/2024/02/27/webcast-break-out-of-the-permanent-war-paradigm-with-the-larouche-solution/,R3,si_video,1,uQCQCOmkej0,0,,,0,1,cet|edt|live stream,,,,0/1,514,event title with weak body evidence,0,1,,,,same-trid sibling(s) not flagged: 100932 — decide the whole group
100999,D,en,159093,2024-03-05,webcast-despite-injustice-build-humanity-an-oasis-of-hope,"Webcast: Despite Injustice, Build Humanity an Oasis of Hope!",/blog/2024/03/05/webcast-despite-injustice-build-humanity-an-oasis-of-hope/,R3,si_video,1,4Myp--iJ7Vk,0,,,0,1,cet|edt|live stream,,,,0/1,674,event title with weak body evidence,0,1,,,,same-trid sibling(s) not flagged: 100993 — decide the whole group
101152,D,en,159114,2024-03-12,webcast-summoning-the-courage-to-face-the-truce,Webcast: Summoning the Courage to Face the Truth,/blog/2024/03/12/webcast-summoning-the-courage-to-face-the-truce/,R3,si_video,1,G-d4AEGIwbk,0,,,0,1,cet|edt|invitation to|live stream|register here,,,,0/1,318,event title with weak body evidence,0,1,,,,same-trid sibling(s) not flagged: 101146 — decide the whole group
101309,D,en,159135,2024-03-19,webcast-what-putins-re-election-means-for-natos-war-hawks,Webcast: What Putin's Re-election Means for NATO's War Hawks,/blog/2024/03/19/webcast-what-putins-re-election-means-for-natos-war-hawks/,R3,si_video,1,TRm7q6Km4_s,0,,,0,1,cet|live stream,,,,0/1,691,event title with weak body evidence,0,1,,,,same-trid sibling(s) not flagged: 101293 — decide the whole group
101440,D,en,159156,2024-03-26,webcast-diplomacy-or-collision-of-two-galaxies,"Webcast: Diplomacy, or Collision of Two Galaxies?",/blog/2024/03/26/webcast-diplomacy-or-collision-of-two-galaxies/,R3,si_video,1,V1dAZKzJz5I,0,,,0,1,cet|live stream,,,,0/1,728,event title with weak body evidence,0,1,,,,same-trid sibling(s) not flagged: 101453 — decide the whole group
101647,D,en,159177,2024-04-02,webcast-permanent-war-or-peaceful-development-the-unique-approach-of-lyndon-larouche,Webcast: Permanent War or Peaceful Development: The Unique Approach of Lyndon LaRouche,/blog/2024/04/02/webcast-permanent-war-or-peaceful-development-the-unique-approach-of-lyndon-larouche/,R3,si_video,1,OIY7KbAL1eQ,0,,,0,1,cet|live stream,,,,0/1,515,event title with weak body evidence,0,1,,,,same-trid sibling(s) not flagged: 101632 — decide the whole group
101728,D,en,159186,2024-04-09,webcast-genocidal-nato-war-hawks-intent-on-world-war-iii-april-10-11am-eastern,"Webcast: Geopolitics is Heading straight for World War III, April 10, 11am Eastern",/blog/2024/04/09/webcast-genocidal-nato-war-hawks-intent-on-world-war-iii-april-10-11am-eastern/,R3,si_video,1,JEUkCSkcUfU,0,,,0,1,cet|live stream|took place,,,,0/1,660,event title with weak body evidence,0,1,,,,same-trid sibling(s) not flagged: 101700 — decide the whole group
102003,D,en,159220,2024-04-16,webcast-dialogue-not-retribution,"Webcast: Dialogue, Not Retribution",/blog/2024/04/16/webcast-dialogue-not-retribution/,R3,si_video,1,CwGN1ol717I,0,,,0,1,cet|live stream,,,,0/1,355,event title with weak body evidence,0,1,,,,same-trid sibling(s) not flagged: 101984 — decide the whole group
102036,D,en,159226,2024-04-16,urgent-call-for-peace-through-development-the-oasis-plan,Conference Summary Video — Urgent Call for Peace Through Development: The Oasis Plan,/blog/2024/04/16/urgent-call-for-peace-through-development-the-oasis-plan/,R9,si_video,1,7TvJt6nlYpI,0,,,0,1,,,,,0/1,52,event title with weak body evidence,0,1,,,,
102074,D,en,159230,2024-04-17,schiller-institute-oasis-plan-april-13-conference-presents-strategic-economic-vision-for-peace-in-southwest-asia-and-beyond,Schiller Institute ‘Oasis Plan’ April 13 Conference Presents Strategic Economic Vision for Peace in Southwest Asia and Beyond,/blog/2024/04/17/schiller-institute-oasis-plan-april-13-conference-presents-strategic-economic-vision-for-peace-in-southwest-asia-and-beyond/,R9,post,1,7TvJt6nlYpI,0,,,0,1,,,,,0/1,2833,event title with weak body evidence,1,1,,,,same-trid sibling(s) not flagged: 102092 — decide the whole group
102127,D,en,159234,2024-04-23,webcast-peace-requires-a-new-strategic-architecture-if-we-unite-we-can-move-mountains,"April 25, 11 am Webcast: Peace Requires a New Strategic Architecture: If We Unite We Can Move Mountains",/blog/2024/04/23/webcast-peace-requires-a-new-strategic-architecture-if-we-unite-we-can-move-mountains/,R3,si_video,1,Q29KegokoV4,0,,,0,1,cet|live stream,,,,0/1,296,event title with weak body evidence,0,1,,,,same-trid sibling(s) not flagged: 102110 — decide the whole group
102257,D,en,159251,2024-04-30,webcast-will-campus-protests-end-the-military-industrial-complex,Webcast: Will Campus Protests End the Military Industrial Complex?,/blog/2024/04/30/webcast-will-campus-protests-end-the-military-industrial-complex/,R3,si_video,1,jxp14g20fD0,1,,,0,1,cet|live stream,,,,0/1,579,event title with weak body evidence,0,1,,,,same-trid sibling(s) not flagged: 102244 — decide the whole group
102318,D,en,159259,2024-05-07,webcast-xi-meets-macron-new-peace-offensive-possible,Webcast: Xi Meets Macron -- New Peace Offensive Possible?,/blog/2024/05/07/webcast-xi-meets-macron-new-peace-offensive-possible/,R3,si_video,1,iXoG6gBWkHU,0,,,0,1,cet|live stream,,,,0/1,414,event title with weak body evidence,0,1,,,,same-trid sibling(s) not flagged: 102303 — decide the whole group
102513,D,en,159289,2024-05-21,webcast-will-icc-arrest-warrants-against-netanyahu-gallant-end-the-siege-of-gaza,"Webcast: Will ICC Arrest Warrants Against Netanyahu, Gallant End the Siege of Gaza?",/blog/2024/05/21/webcast-will-icc-arrest-warrants-against-netanyahu-gallant-end-the-siege-of-gaza/,R9,si_video,1,Wv_b_wn5CoI,0,,,0,1,cet|live stream,,,,0/1,41,event title with weak body evidence,0,1,,,,
102712,D,en,159311,2024-06-04,webcast-at-this-moment-of-danger-the-people-must-be-the-peacemakers,"Webcast: At this Moment of Danger, the People Must Be the Peacemakers.",/blog/2024/06/04/webcast-at-this-moment-of-danger-the-people-must-be-the-peacemakers/,R3,si_video,1,5iifbtShy3Y,0,,,0,1,cet|live stream,,,,0/1,1056,event title with weak body evidence,0,1,,,,same-trid sibling(s) not flagged: 102691 — decide the whole group
102876,D,en,159325,2024-06-13,webcast-the-sole-superpower-heads-towards-bankruptcy-and-irrelevance,"Webcast: The ""Sole Superpower"" Heads Towards Bankruptcy and Irrelevance",/blog/2024/06/13/webcast-the-sole-superpower-heads-towards-bankruptcy-and-irrelevance/,R9,si_video,1,zrYJAYaV6ww,0,,,0,1,,,,,0/1,1,event title with weak body evidence,0,1,,,,same-trid sibling(s) not flagged: 102931 — decide the whole group
103018,D,en,159337,2024-06-18,webcast-to-address-an-existential-crisis-think-like-larouche,"Webcast:  To Address an Existential Crisis, Think Like LaRouche",/blog/2024/06/18/webcast-to-address-an-existential-crisis-think-like-larouche/,R3,si_video,1,ZZdAtjQHcEo,0,,,0,1,cet|live stream,,,,0/1,727,event title with weak body evidence,0,1,,,,same-trid sibling(s) not flagged: 103000 — decide the whole group
103119,D,en,159347,2024-06-25,webcast-u-s-directed-attack-on-crimea-one-step-closer-to-war-between-nato-and-russia,Webcast: U.S. Directed Attack on Crimea: One Step Closer to War Between NATO and Russia,/blog/2024/06/25/webcast-u-s-directed-attack-on-crimea-one-step-closer-to-war-between-nato-and-russia/,R3,si_video,1,qaOut2vyYK4,0,,,0,1,cet|invitation to|live stream,,,,0/1,671,event title with weak body evidence,0,1,,,,same-trid sibling(s) not flagged: 103104 — decide the whole group
103298,D,en,159366,2024-07-02,webcast-the-old-system-is-dying-the-new-paradigm-is-emerging,"Webcast: The Old System is Dying, The New Paradigm Is Emerging",/blog/2024/07/02/webcast-the-old-system-is-dying-the-new-paradigm-is-emerging/,R3,si_video,1,OTAJD69jxC4,0,,,0,1,cet|live stream,,,,0/1,653,event title with weak body evidence,0,1,,,,same-trid sibling(s) not flagged: 103276 — decide the whole group
103410,D,en,159379,2024-07-09,webcast-orban-tries-diplomacy-while-nato-plans-more-war,Webcast: Orban Tries Diplomacy While NATO Plans More War,/blog/2024/07/09/webcast-orban-tries-diplomacy-while-nato-plans-more-war/,R3,si_video,1,g4f46sYUkXE,0,,,0,1,cet|live stream,,,,0/1,583,event title with weak body evidence,0,1,,,,same-trid sibling(s) not flagged: 103386 — decide the whole group
103492,D,en,159389,2024-07-17,webcast-the-trump-assassination-attempt-less-than-an-inch-away-from-total-chaos,Webcast: The Trump Assassination Attempt -- Less than an Inch Away from Total Chaos,/blog/2024/07/17/webcast-the-trump-assassination-attempt-less-than-an-inch-away-from-total-chaos/,R3,si_video,1,SwbE_DJUZmA,0,,,0,1,cet|live stream,,,,0/1,834,event title with weak body evidence,0,1,,,,same-trid sibling(s) not flagged: 103476 — decide the whole group
103612,D,en,159407,2024-07-23,webcast-trump-assassination-attempt-biden-withdrawal-whats-next,"Webcast: Trump Assassination Attempt, Biden Withdrawal -- What's Next?",/blog/2024/07/23/webcast-trump-assassination-attempt-biden-withdrawal-whats-next/,R3,si_video,1,r7VkXCVJXTE,0,,,0,1,cet|live stream,,,,0/1,557,event title with weak body evidence,0,1,,,,same-trid sibling(s) not flagged: 103593 — decide the whole group
103672,D,en,159419,2024-07-30,webcast-the-strategic-imperative-for-a-classical-renaissance,Webcast: The Strategic Imperative for a Classical Renaissance,/blog/2024/07/30/webcast-the-strategic-imperative-for-a-classical-renaissance/,R3,si_video,1,dUumPQxrri8,0,,,0,1,cet|live stream,,,,0/1,544,event title with weak body evidence,0,1,,,,same-trid sibling(s) not flagged: 103687 — decide the whole group
103773,D,en,159435,2024-08-06,webcast-world-war-danger-and-financial-collapse-convene-council-of-reason-now,Webcast: World War Danger and Financial Collapse - Convene Council of Reason Now,/blog/2024/08/06/webcast-world-war-danger-and-financial-collapse-convene-council-of-reason-now/,R3,si_video,1,T9PqVSJIae8,0,,,0,1,cet|invitation to|live stream,,,,0/1,579,event title with weak body evidence,0,1,,,,same-trid sibling(s) not flagged: 103788 — decide the whole group
103907,D,en,159449,2024-08-13,webcast-reason-not-weapons-join-the-international-peace-coalition,"Webcast: Reason, Not Weapons - Join the International Peace Coalition",/blog/2024/08/13/webcast-reason-not-weapons-join-the-international-peace-coalition/,R3,si_video,1,sPDIW0BG1lA,0,,,0,1,cet|live stream,,,,0/1,318,event title with weak body evidence,0,1,,,,same-trid sibling(s) not flagged: 103873 — decide the whole group
103961,D,en,159461,2024-08-20,webcast-whom-the-gods-would-destroy-they-first-make-mad,"Webcast: “Whom The Gods Would Destroy, They First Make Mad”",/blog/2024/08/20/webcast-whom-the-gods-would-destroy-they-first-make-mad/,R3,si_video,1,v7SQa5nCMk0,0,,,0,1,cet|live stream,,,,0/1,660,event title with weak body evidence,0,1,,,,same-trid sibling(s) not flagged: 103976 — decide the whole group
104080,D,en,159477,2024-08-27,webcast-urgent-appeal-from-russian-general-citizens-of-the-west-wake-up-before-its-too-late,"Webcast: Urgent Appeal from Russian General: Citizens of the West, Wake Up Before It's Too Late!",/blog/2024/08/27/webcast-urgent-appeal-from-russian-general-citizens-of-the-west-wake-up-before-its-too-late/,R3,si_video,1,mpxRY4nc9IY,1,,,0,1,cet|live stream,,,,0/1,573,event title with weak body evidence,0,1,,,,same-trid sibling(s) not flagged: 104064 — decide the whole group
104198,D,en,159495,2024-09-03,webcast-biden-regime-prepares-for-three-front-war-as-germans-vote-for-peace,Webcast: Biden Regime Prepares for Three Front War as Germans Vote for Peace.,/blog/2024/09/03/webcast-biden-regime-prepares-for-three-front-war-as-germans-vote-for-peace/,R3,si_video,1,A0dUPsMOW3c,0,,,0,1,cet|live stream|took place,,,,0/1,569,event title with weak body evidence,0,1,,,,same-trid sibling(s) not flagged: 104200 — decide the whole group
104388,D,en,159514,2024-09-10,webcast-turning-the-many-into-the-one-the-fight-for-a-new-strategic-architecture,"Webcast: Turning the ""Many"" into the ""One"" -- The Fight for a New Strategic Architecture",/blog/2024/09/10/webcast-turning-the-many-into-the-one-the-fight-for-a-new-strategic-architecture/,R3,si_video,1,FSx8nrSZKe0,1,,,0,1,cet|live stream,,,,0/1,714,event title with weak body evidence,0,1,,,,same-trid sibling(s) not flagged: 104359 — decide the whole group
104532,D,en,159534,2024-09-25,webcast-showdown-at-the-united-nations-the-global-south-challenge-to-the-unipolar-order,"Webcast: Showdown at the United Nations, the Global South Challenge to the Unipolar Order",/blog/2024/09/25/webcast-showdown-at-the-united-nations-the-global-south-challenge-to-the-unipolar-order/,R3,si_video,1,aOwPFFzPKFA,0,,,0,1,cet|live stream,,,,0/1,517,event title with weak body evidence,0,1,,,,same-trid sibling(s) not flagged: 104519 — decide the whole group
104704,D,en,159555,2024-10-01,helga-zepp-larouche-to-address-international-brics-conference-in-lima-peru,"Helga Zepp-LaRouche To Address International BRICS Conference in Lima, Peru on Thursday, Oct. 3",/blog/2024/10/01/helga-zepp-larouche-to-address-international-brics-conference-in-lima-peru/,R9,post,1,MjzHeNKwVLg,0,,,0,1,will take place,,,,0/1,238,event title with weak body evidence,1,1,,,,
104758,D,en,159563,2024-10-02,webcast-last-chance-to-prevent-world-war-iii,Webcast: Last Chance to Prevent World War III!,/blog/2024/10/02/webcast-last-chance-to-prevent-world-war-iii/,R3,si_video,1,nC_7QfT8Nvo,0,,,0,1,cet|live stream|will take place,,,,0/1,357,event title with weak body evidence,0,1,,,,same-trid sibling(s) not flagged: 104741 — decide the whole group
104868,D,en,159581,2024-10-08,webcast-global-war-or-universal-peace-who-shall-decide,Webcast: Global War or Universal Peace -- Who Shall Decide?,/blog/2024/10/08/webcast-global-war-or-universal-peace-who-shall-decide/,R3,si_video,1,Ua0C7_3pCdY,0,,,0,1,cet|live stream,,,,0/1,570,event title with weak body evidence,0,1,,,,same-trid sibling(s) not flagged: 104886 — decide the whole group
104971,D,en,159595,2024-10-15,webcast-brics-summit-coming-in-midst-of-unprecedented-turbulence,Webcast: BRICS Summit Coming in Midst of Unprecedented Turbulence,/blog/2024/10/15/webcast-brics-summit-coming-in-midst-of-unprecedented-turbulence/,R3,si_video,1,98HCkS4LQT4,1,,,0,1,cet|live stream,,,,0/1,485,event title with weak body evidence,0,1,,,,same-trid sibling(s) not flagged: 104987 — decide the whole group
105041,D,de,159555,2024-10-20,helga-zepp-larouche-spricht-auf-brics-konferenz-in-lima-peru,"Helga Zepp-LaRouche spricht auf BRICS-Konferenz in Lima, Peru",/blog/2024/10/20/helga-zepp-larouche-spricht-auf-brics-konferenz-in-lima-peru/,R5.1,post,1,MjzHeNKwVLg,0,,,0,1,,,,,0/1,2731,event title with weak body evidence,1,1,,,,
105145,D,en,159616,2024-10-29,webcast-the-brics-summit-and-the-end-to-500-years-of-colonialism,Webcast: The BRICS Summit and the End to 500 Years of Colonialism,/blog/2024/10/29/webcast-the-brics-summit-and-the-end-to-500-years-of-colonialism/,R3,si_video,1,gRmsxFnAVUM,1,,,0,1,cet|live stream,,,,0/1,827,event title with weak body evidence,0,1,,,,same-trid sibling(s) not flagged: 105118 — decide the whole group
105202,D,en,159626,2024-11-05,webcast-after-the-u-s-election-create-a-new-security-and-development-architecture,"Webcast: After the U.S. Election, Create a New Security and Development Architecture",/blog/2024/11/05/webcast-after-the-u-s-election-create-a-new-security-and-development-architecture/,R3,si_video,1,5NRVMgQ1PhU,0,,,0,1,cet|live stream,,,,0/1,400,event title with weak body evidence,0,1,,,,same-trid sibling(s) not flagged: 105215 — decide the whole group
105359,D,en,159655,2024-11-12,webcast-hit-the-howling-war-pigs-with-polyphony,Webcast: Hit the Howling War Pigs with Polyphony,/blog/2024/11/12/webcast-hit-the-howling-war-pigs-with-polyphony/,R3,si_video,1,DxXEyPa0kJY,0,,,0,1,cet|invitation to|live stream,,,,0/1,703,event title with weak body evidence,0,1,,,,same-trid sibling(s) not flagged: 105371 — decide the whole group
105571,D,en,159681,2024-11-27,webcast-just-say-no-to-nuclear-war-yes-to-larouchian-physical-economy,"Webcast: Just Say No to Nuclear War, Yes to LaRouchian Physical Economy",/blog/2024/11/27/webcast-just-say-no-to-nuclear-war-yes-to-larouchian-physical-economy/,R3,si_video,1,fs4VM8KrxrY,0,,,0,1,cet|live stream,,,,0/1,608,event title with weak body evidence,0,1,,,,same-trid sibling(s) not flagged: 105588 — decide the whole group
105671,D,en,159719,2024-12-03,webcast-ignore-the-experts-peace-is-good,"Webcast: Ignore the ""Experts"" -- Peace Is Good!",/blog/2024/12/03/webcast-ignore-the-experts-peace-is-good/,R3,si_video,1,NAJYWwbHMBY,0,,,0,1,cet|live stream,,,,0/1,458,event title with weak body evidence,0,1,,,,same-trid sibling(s) not flagged: 105700 — decide the whole group
105991,D,en,159745,2024-12-10,webcast-schiller-institute-conference-breaks-through-the-fog-of-war,Webcast: Schiller Institute Conference Breaks Through the Fog of War,/blog/2024/12/10/webcast-schiller-institute-conference-breaks-through-the-fog-of-war/,R3,si_video,1,14UcCB-3pbg,5,,,0,1,cet|live stream,,,,0/1,653,event title with weak body evidence,0,1,,,,same-trid sibling(s) not flagged: 106006 — decide the whole group
106042,D,en,159753,2024-12-13,zepp-larouche-keynoted-international-think-tank-forum-for-the-21st-century-maritime-silk-road-2024-in-guangzhou,Zepp-LaRouche Keynoted ‘International Think Tank Forum for the 21st Century Maritime Silk Road 2024’ in Guangzhou,/blog/2024/12/13/zepp-larouche-keynoted-international-think-tank-forum-for-the-21st-century-maritime-silk-road-2024-in-guangzhou/,R3,si_video,1,11AA7SBG-wU,1,,,0,1,,,,,0/1,343,event title with weak body evidence,0,1,,,,
106095,D,de,159753,2024-12-19,zepp-larouche-hielt-eroeffnungsrede-auf-think-tank-forum-in-guangzhou,Zepp-LaRouche hielt Eröffnungsrede auf Think-Tank-Forum in Guangzhou,/blog/2024/12/19/zepp-larouche-hielt-eroeffnungsrede-auf-think-tank-forum-in-guangzhou/,R3,si_video,1,11AA7SBG-wU,0,,,0,1,,,,,0/1,282,event title with weak body evidence,0,1,,,,
106176,D,en,159765,2024-12-25,webcast-the-power-of-humankind-the-power-to-stop-nuclear-war,Webcast: The Power of Humankind: The Power To Stop Nuclear War,/blog/2024/12/25/webcast-the-power-of-humankind-the-power-to-stop-nuclear-war/,R3,si_video,1,wjaHGJXeBP8,0,,,0,1,cet|live stream,,,,0/1,864,event title with weak body evidence,0,1,,,,same-trid sibling(s) not flagged: 106147 — decide the whole group
106905,D,en,159837,2025-02-11,webcast-we-have-the-solution-build-larouches-oasis-plan,Webcast: We Have The Solution: Build LaRouche's Oasis Plan,/blog/2025/02/11/webcast-we-have-the-solution-build-larouches-oasis-plan/,R3,si_video,1,FaWOAs0zMJU,1,,,0,1,cet|edt,,,,0/1,329,event title with weak body evidence,0,1,,,,same-trid sibling(s) not flagged: 106876 — decide the whole group
111550,D,en,160273,2025-08-12,dialog-with-helga-zepp-larouche-and-larry-c-johnson-war-or-peace-in-the-balance-the-alaska-summit-august-13-25,"Dialogue with Helga Zepp-LaRouche and Larry C Johnson: War Or Peace In The Balance - The Alaska Summit, August 13, 25",/blog/2025/08/12/dialog-with-helga-zepp-larouche-and-larry-c-johnson-war-or-peace-in-the-balance-the-alaska-summit-august-13-25/,R3,si_video,1,xcl_uaN-rFw,0,,,0,1,cet,,,,0/1,480,event title with weak body evidence,0,1,,,,same-trid sibling(s) not flagged: 111564 — decide the whole group
113076,D,de,160438,2025-11-18,eir-seminar-20-11-2025-eine-alternative-amerikanische-politik-fuer-die-karibik,"EIR-Seminar, 20.11.2025: „Eine alternative amerikanische Politik für die Karibik“",/blog/2025/11/18/eir-seminar-20-11-2025-eine-alternative-amerikanische-politik-fuer-die-karibik/,R9,post,1,fpLl-9Ba8tw,0,,,0,1,uhr mez,,,,0/1,118,event title with weak body evidence,1,1,,,,same-trid sibling(s) not flagged: 113141 — decide the whole group
114250,D,en,160567,2026-01-20,live-with-helga-zepp-larouche-how-the-davos-summit-reinforces-imperial-geopolitics-jan-21-2025-11am-et-5pm-cet,"Live with Helga Zepp-LaRouche: How the Davos Summit Reinforces Imperial Geopolitics, Jan 21 2025, 11am ET/ 5pm CET",/blog/2026/01/20/live-with-helga-zepp-larouche-how-the-davos-summit-reinforces-imperial-geopolitics-jan-21-2025-11am-et-5pm-cet/,R3,si_video,1,1GZmsVXGB-c,1,,,0,1,live stream,,,,0/1,794,event title with weak body evidence,0,1,,,,same-trid sibling(s) not flagged: 114235 — decide the whole group
70581,D,en,153719,2021-03-19,world-at-a-crossroad-two-months-into-the-new-administration,WORLD AT A CROSSROAD: Two Months into the New Administration,/blog/2021/03/19/world-at-a-crossroad-two-months-into-the-new-administration/,R9,post,0,,4,"Panel 1: “Reversing the Cultural Wasteland — The Urgency of a New Renaissance, Creating a Planetary Culture Worthy of the Dignity of Humanity”|Panel 2: “The Strategic Crisis Facing the Human Race.”|Panel 3: “The Indo-Pacific, the Caucasus, Eastern Europe and Southwest Asia: Pivots for War, or Peaceful Development with the New Silk Road”|Panel 4: “The Challenge of Famine and Pandemics — The Coincidence of Opposites or Mass Extinction?”",,0,0,cet|edt,,,,0/0,901,"programme structure without multiple videos (4 panels, 0 speaker lines)",1,1,,,,
73868,D,en,154324,2021-05-07,conference-the-moral-collapse-of-the-trans-atlantic-world-cries-out-for-a-new-paradigm,Conference: The Moral Collapse of the Trans-Atlantic World Cries Out for a New Paradigm,/blog/2021/05/07/conference-the-moral-collapse-of-the-trans-atlantic-world-cries-out-for-a-new-paradigm/,R4,post,0,,2,"Panel 1 — Saturday, May 8, 9 AM EDT The March of Folly: Can Mankind Still Extinguish the Now-Lit Fuse of Thermonuclear War?|Panel 2: Saturday, May 8, 1 pm EDT The Method of the Coincidence of Opposites: Only A United Worldwide Health Effort, Without Sanctions, Can Reverse A Worldwide Pandemic",,0,1,edt,,,,0/0,573,"programme structure without multiple videos (2 panels, 0 speaker lines)",1,1,,,,same-trid sibling(s) not flagged: 73899 — decide the whole group
74208,D,en,154387,2021-05-13,schiller-institute-press-release,SCHILLER INSTITUTE PRESS RELEASE,/blog/2021/05/13/schiller-institute-press-release/,R9,post,0,,0,"Panel 1: “The March of Folly: Can Mankind Still Extinguish the Now-Lit Fuse of Thermonuclear War?”|Panel 2 : “ The Method of the Coincidence of Opposites: Only a United Worldwide Health Effort, Without Sanctions, Can Reverse a Worldwide Pandemic”",,0,0,,,,,0/0,2396,"programme structure without multiple videos (2 panels, 0 speaker lines)",1,1,,,,
74216,D,de,154387,2021-05-13,schiller-institut-pressemitteilung,SCHILLER-INSTITUT PRESSEMITTEILUNG,/blog/2021/05/13/schiller-institut-pressemitteilung/,R9,post,0,,0,"Panel 1 — „Der Marsch der Torheit: Kann die Menschheit die bereits angezündete Lunte des thermonuklearen Krieges noch löschen?“|Panel 2 — „Die Methode des Zusammenfalls der Gegensätze: Nur eine gemeinsame Anstrengung für weltweite Gesundheit, ohne Sanktionen, kann eine weltweite Pandemie besiegen“",,0,0,einladung,,,,0/0,2310,"programme structure without multiple videos (2 panels, 0 speaker lines)",1,1,,,,
75575,D,en,154650,2021-06-25,conference-for-the-common-good-of-all-people-not-rules-benefiting-the-few,"Conference: For the Common Good of All People, Not Rules Benefiting the Few!",/blog/2021/06/25/conference-for-the-common-good-of-all-people-not-rules-benefiting-the-few/,R4,post,0,,4,"Panel 1 — Saturday, June 26, 9am EDT Whom the Gods Would Destroy: War With Russia and China Is Worse Than MAD!|Panel 2: Saturday, June 26, 2pm EDT The Real Science Behind Climate Change: Why the World Needs Seven More Terawatts of Energy|Panel 3: Sunday, June 27, 9am EDT Weimar Germany 1923 Comes Again: Global Glass-Steagall To End Hyperinflation|Panel 4: Sunday, June 27, 2pm EDT The Coincidence of Opposites: The Only Truly Human Thought Process",,0,1,edt,,,,0/0,840,"programme structure without multiple videos (4 panels, 0 speaker lines)",1,1,,,,
90795,D,de,157309,2022-08-20,konferenz-wie-die-menschheit-die-groesste-krise-der-weltgeschichte-ueberleben-kann,Konferenz: Wie die Menschheit die größte Krise der Weltgeschichte überleben kann,/blog/2022/08/20/konferenz-wie-die-menschheit-die-groesste-krise-der-weltgeschichte-ueberleben-kann/,R9,post,0,,22,Panel 1: Wie die Menschheit die größte Krise der Weltgeschichte überleben kann|Panel 3: Vorstellung der „LaRouche-Bibliothek“: LaRouche im Dialog mit den Nationen der Welt|Panel 4: Die Kunst des Optimismus: Mit dem klassischen Prinzip die Welt verändern,,0,1,,,,,0/0,993,"programme structure without multiple videos (3 panels, 0 speaker lines)",1,1,,,,
92463,D,de,157543,2022-11-01,stoppt-die-atomkriegsgefahr-jetzt-drittes-seminar-aktiver-und-ehemaliger-gewaehlter-amtstraeger-der-welt,„Stoppt die Atomkriegsgefahr jetzt!“ - Drittes Seminar der politischen und sozialen Führer der Welt,/blog/2022/11/01/stoppt-die-atomkriegsgefahr-jetzt-drittes-seminar-aktiver-und-ehemaliger-gewaehlter-amtstraeger-der-welt/,R9,post,0,,27,Panel 1 : „Stopp der Weltuntergangsuhr: Das Gemeinwohl der einen Menschheit“|Panel 2: Frieden durch Entwicklung,,0,1,,,,,0/0,1997,"programme structure without multiple videos (2 panels, 0 speaker lines)",1,1,,,,
94537,D,de,157841,2023-01-18,internetkonferenz-das-zeitalter-der-vernunft-oder-die-ausloeschung-der-menschheit,Internetkonferenz: Das Zeitalter der Vernunft oder die Auslöschung der Menschheit?,/blog/2023/01/18/internetkonferenz-das-zeitalter-der-vernunft-oder-die-ausloeschung-der-menschheit/,R9,post,0,,21,"Panel 1, Samstag, 16:00 Uhr MEZ: Wie der Dritte Weltkrieg verhindert werden kann|Panel 2, Samstag, 4. Februar 2023, 20:00 Uhr MEZ): Der Name des Friedens: Eine neue Architektur für Sicherheit und wirtschaftliche Entwicklung",,0,0,uhr mez,,,,0/0,13215,"programme structure without multiple videos (2 panels, 0 speaker lines)",1,1,,,,
95832,D,de,158327,2023-03-09,internetkonferenz-buerger-der-welt-vereinigt-euch-stoppt-die-atomkriegsgefahr-jetzt,Ohne die Entwicklung aller Nationen kann es keinen dauerhaften Frieden auf dem Planeten geben,/blog/2023/03/09/internetkonferenz-buerger-der-welt-vereinigt-euch-stoppt-die-atomkriegsgefahr-jetzt/,R9,post,0,,43,PANEL 1: 15:00 Uhr (MESZ):|PANEL 2: 19:00 Uhr (MESZ):|PANEL 3: 15:00 Uhr (MESZ):|PANEL 4: 18.30 Uhr (MESZ),,0,0,einladung,,,,0/0,44367,"programme structure without multiple videos (4 panels, 0 speaker lines)",1,1,,,,
98908,D,en,158757,2023-09-08,conference-let-us-join-hands-with-the-global-majority-to-create-a-new-chapter-in-world-history-2,Conference: Let us Join Hands with the Global Majority To Create a New Chapter in World History!,/blog/2023/09/08/conference-let-us-join-hands-with-the-global-majority-to-create-a-new-chapter-in-world-history-2/,R9,post,0,,2,"Panel 1: The Strategic Situation After the Historic BRICS Summit Saturday, September 9, 9:00 am EDT; 15:00 hrs. CET|Panel 2: A New Paradigm in the History of Mankind Is Taking Shape Saturday, September 9, 1:00 pm EDT; 19:00 hrs. CET",,0,1,cet|edt|est,,,,0/0,417,"programme structure without multiple videos (2 panels, 0 speaker lines)",1,1,,,,
100797,D,de,159062,2024-02-21,pariser-schiller-institut-organisiert-protestveranstaltung-der-afghanischen-zivilgesellschaft-gegen-die-unesco-sanktionen-gegen-die-zusammenarbeit-im-bereich-des-kulturellen-erbes,Pariser Schiller-Institut organisiert Protestveranstaltung der afghanischen Zivilgesellschaft gegen die UNESCO-Sanktionen gegen die Zusammenarbeit im Bereich des kulturellen Erbes,/blog/2024/02/21/pariser-schiller-institut-organisiert-protestveranstaltung-der-afghanischen-zivilgesellschaft-gegen-die-unesco-sanktionen-gegen-die-zusammenarbeit-im-bereich-des-kulturellen-erbes/,R9,post,0,,0,,,498,0,uhr mez,,,,0/0,5601,"programme structure without multiple videos (0 panels, 498 speaker lines)",1,1,,,,same-trid sibling(s) not flagged: 100780 — decide the whole group
109739,D,de,160095,2025-05-30,konferenzbericht-eine-schoene-vision-fuer-die-menschheit-in-zeiten-grosser-turbulenzen,Konferenzbericht: „Eine schöne Vision für die Menschheit in Zeiten großer Turbulenzen!“,/blog/2025/05/30/konferenzbericht-eine-schoene-vision-fuer-die-menschheit-in-zeiten-grosser-turbulenzen/,R9,post,0,,0,Panel 1: Strategische Herausforderungen und die entstehende neue Weltordnung|Panel 3: „Wissenschaft als Motor“ für 3 Milliarden neue produktive Arbeitsplätze|Panel 4: Die Aktualität von LaRouches Ideen,,0,0,,,,,0/0,7777,"programme structure without multiple videos (3 panels, 0 speaker lines)",1,1,,,,
115755,D,de,160722,2026-04-01,eir-kuendigt-dringlichkeitskonferenz-am-6-april-an,EIR kündigt Dringlichkeitskonferenz am 6. April an,/blog/2026/04/01/eir-kuendigt-dringlichkeitskonferenz-am-6-april-an/,R9,post,0,,2,"Panel 1: Kann der Irankrieg vor einer atomaren Eskalation gestoppt werden?|Panel 2: Globale Infrastrukturentwicklung ist der Name für Frieden|Panel 1 - ""Kann der Irankrieg vor einer atomaren Eskalation gestoppt werden?""|Panel 2 - ""Globale Infrastrukturentwicklung ist der Name für Frieden""",Moderator: Dennis Speed|Moderator: Stephan Ossenkopp|Moderator: Dennis Speed|Moderator: Stephan Ossenkopp,0,0,,,,,0/0,1971,"programme structure without multiple videos (4 panels, 0 speaker lines)",1,1,,,,same-trid sibling(s) not flagged: 115730 — decide the whole group
