person_key,canonical_name,honorific,affiliation,country,photo_license,photo_source_url,photo_credit,name_native,sort_name,affiliation_src,affiliation_raw,role,short_bio,bio_source,person_type,aliases,source_refs,occurrences,needs_review,notes,final_action,reviewer
helga-zepp-larouche,Helga Zepp-LaRouche,,President of the international Schiller Institute,Germany,,,,,"Zepp-LaRouche, Helga",agenda:accept,"Helga Zepp-LaRouche, President of the international Schiller Institute, Germany",,,,speaker,Helga Zepp-LaRouche,portfolio:885|portfolio:1037|portfolio:1186|portfolio:1432|portfolio:1564|portfolio:1638|portfolio:2029|portfolio:2096|portfolio:2177|portfolio:2848,30,0,possible duplicate of: h-zepp-larouche — reviewed: KEEP (merge target of the alias row),,mk
jacques-cheminade,Jacques Cheminade,,"former presidential candidate, President of Solidarity and Progress, A New Beginning to Prevent the Extinction of Humanity",France,,,,,"Cheminade, Jacques",agenda:accept,"[icon id=""301"" floatLeft=""true"" /]Text bald verfügbar!",,,,speaker,Jacques Cheminade,portfolio:1062|portfolio:1441|portfolio:1622|portfolio:2870|portfolio:3467|portfolio:3630|portfolio:20350|portfolio:21766|portfolio:21767|portfolio:23605,19,0,,,mk
hussein-askary,Hussein Askary,,"Southwest Asia Director, Schiller Institute",Sweden,,,,,"Askary, Hussein",agenda:accept,"[icon id=""301"" floatLeft=""true"" /]Text bald verfügbar!",,,,speaker,Hussein Askary,portfolio:930|portfolio:1277|portfolio:1574|portfolio:2103|portfolio:2996|portfolio:3499|portfolio:3602|portfolio:30609|portfolio:30611|portfolio:30612,14,0,,,mk
lyndon-larouche,Lyndon LaRouche,,"Scientist and Economist (1922-2019), Video presentation",U.S,,,,,"LaRouche, Lyndon",agenda:accept,"[icon id=""301"" floatLeft=""true"" /]Text bald verfügbar!",,,,speaker,Lyndon LaRouche,portfolio:1057|portfolio:1444|portfolio:1619|portfolio:1836|portfolio:3011|portfolio:3036|portfolio:3668|portfolio:3844|portfolio:30205|post:98908@yt:V3N9_8B44Xc@498,10,0,possible duplicate of: lyndon-h-larouche — reviewed: KEEP (merge target of the alias row),merge:lyndon-h-larouche-jr,mk
daisuke-kotegawa,Daisuke Kotegawa,,,,,,,,Daisuke Kotegawa,none,déjà vu,,,,speaker,Daisuke Kotegawa,portfolio:2141|portfolio:2867|portfolio:3368|portfolio:3371|portfolio:3470|portfolio:34398|portfolio:34917|portfolio:34952,8,0,,,mk
alain-corvez,Alain Corvez,Col.,"former advisor to the General-in-Command of UNIFIL (United Nations Interim Force in Lebanon), former international relations advisor to the French Foreign Minis",Lebanon,,,,,"Corvez, Alain",harvest:accept,"former advisor to the General-in-Command of UNIFIL (United Nations Interim Force in Lebanon), former international relations advisor to the French Foreign Minis",,,,speaker,Alain Corvez|Col. (ret.) Alain Corvez|Col. Alain Corvez (cr)|Colonel (ret.) Alain Corvez|Colonel Alain Corvez|Colonel Alain Corvez (cr),portfolio:21354|portfolio:21606|portfolio:29727|portfolio:30593|portfolio:30683|portfolio:34390|portfolio:34822|portfolio:35733,8,0,,,mk
bruce-fein,Bruce Fein,,,,,,,,"Fein, Bruce",none,summum bonum,,,,speaker,Bruce Fein,portfolio:2030|portfolio:2313|portfolio:2669|portfolio:2857|portfolio:3200|portfolio:3322|portfolio:3452,7,0,,,mk
jason-ross,Jason Ross,,"Secretary-Treasurer, The LaRouche Organization; Science Adviser to Lyndon LaRouche",United States,,,,,"Ross, Jason",agenda:accept,21st Century Science &amp; Technology,,,,speaker,Jason Ross,portfolio:2854|portfolio:3319|portfolio:3449|portfolio:22819|portfolio:22850|portfolio:22851|post:88412@yt:7DI29EO5R3A@763,7,0,,,mk
jayshree-sengupta,Jayshree Sengupta,,"Senior Fellow, Observer Research Foundation, New Delhi",India,,,,,"Sengupta, Jayshree",harvest:accept,"Senior Fellow, Observer Research Foundation, New Delhi, India",,,,speaker,Jayshree Sengupta,portfolio:19966|portfolio:21637|portfolio:21777|portfolio:29715|portfolio:30561|portfolio:30912|portfolio:31601,7,0,,,mk
diogene-senny,Diogène Senny,,"Secrétaire général de la Ligue Panafricaine - UMOJA (LP-U), Paris",France,,,,,"Senny, Diogène",harvest:accept,"Secrétaire général de la Ligue Panafricaine - UMOJA (LP-U), Paris, France",,,,speaker,Diogène Senny,portfolio:21378|portfolio:21620|portfolio:22628|portfolio:29777|portfolio:30676|portfolio:30680|portfolio:31329,7,0,,,mk
theodore-katsanevas,Theodore Katsanevas,Prof.,,,,,,,"Katsanevas, Theodore",none,"[icon id=""301"" floatLeft=""true"" /]Text bald verfügbar!",,,,speaker,Prof. Theodore Katsanevas|Theodore Katsanevas,portfolio:1422|portfolio:1635|portfolio:2999|portfolio:3333|portfolio:3502,5,0,,,mk
diane-sare,Diane Sare,,"President of the LaRouche Organization (TLO), former independent",United States,,,,,"Sare, Diane",agenda:accept,were,,,,speaker,Diane Sare,portfolio:2863|portfolio:3312|portfolio:3331|portfolio:3496|post:98908@yt:A7sx7BUvdK4@5842,5,0,,,mk
christine-bierre,Christine Bierre,,"Journaliste, Paris.",,,,,,"Bierre, Christine",harvest:accept,"Journaliste, Paris.",,,,speaker,Christine Bierre,portfolio:29755|portfolio:30037|portfolio:30291|portfolio:31354|portfolio:42684,5,0,,,mk
michael-billington,Michael Billington,,,,,,,,"Billington, Michael",none,"[icon id=""301"" floatLeft=""true"" /]Text bald verfügbar!",,"Michael Billington spoke at the Schiller Institute conference ""Interviews"" in November 2012.",generated,speaker,Michael Billington,portfolio:1017|portfolio:1460|portfolio:1610|portfolio:3671,4,0,possible duplicate of: mike-billington — reviewed: KEEP (merge target of the alias row),,mk
lorella-presotto,Lorella Presotto,,,,,,,,"Presotto, Lorella",none,"[icon id=""301"" floatLeft=""true"" /]Text bald verfügbar!",,"Lorella Presotto spoke at the Schiller Institute conference ""A New Paradigm for the Survival of Civilization"" in November 2012.",generated,speaker,Lorella Presotto,portfolio:1466|portfolio:1649|portfolio:1653|portfolio:2258,4,0,,,mk
хельга-цепп-ларуш,ХЕЛЬГА ЦЕПП-ЛАРУШ,,"Helga Zepp-LaRouche, President of the international Schiller Institute",Germany,,,,Хельга Цепп-Ларуш (Германия),"ЦЕПП-ЛАРУШ, ХЕЛЬГА",agenda:accept,"Helga Zepp-LaRouche, President of the international Schiller Institute, Germany",,,,speaker,ХЕЛЬГА ЦЕПП-ЛАРУШ|Хельга Цепп-Ларуш|Хельга Цепп-Ларуш (Германия),portfolio:1839|portfolio:1848|portfolio:3281|portfolio:21421,4,1,"possible duplicate of: хелга-цепп-ларуш; non-latin key — resolve via WPML pairing to EN sibling; Cyrillic transliteration of the same person, merged during File 3 review",merge:helga-zepp-larouche,mk
walter-jones,Walter Jones,Rep.,,,,,,,"Jones, Walter",none,Der amerikanische Kongreßabgeordnete Walter Jones übermittelte der Konferenz des Schiller-Instituts die folgende Videobotschaft.,,Walter Jones spoke at 2 Schiller Institute conferences between 2015 and 2016.,generated,speaker,Rep. Walter Jones|Walter Jones,portfolio:2805|portfolio:3028|portfolio:3655|portfolio:4907,4,0,distinct persons (Rep. Walter Jones vs EIR journalist William C. Jones),,mk
natalia-vitrenko,Natalia Vitrenko,,,,,,,,"Vitrenko, Natalia",none,Zero,,Natalia Vitrenko spoke at 3 Schiller Institute conferences between 2013 and 2019.,generated,speaker,Natalia Vitrenko,portfolio:2888|portfolio:3307|portfolio:3493|portfolio:19914,4,0,,,mk
nino-galloni,Nino Galloni,Dr.,"Economist, Former Director General of the Italian Labor Ministry",Italy,,,,,"Galloni, Nino",agenda:accept,"(Italy); Economist, Former Director General of the Italian Labor Ministry",,,,speaker,Dr. Nino Galloni|Nino Galloni,portfolio:2915|portfolio:3505|portfolio:3614|post:88412@yt:SRpSX5udXrw@3674,4,0,,merge:antonino-galloni,mk
ray-mcgovern,Ray McGovern,,"former Senior Analyst, U.S. Central intelligence Agency (CIA); Founding Member, Veteran Intelligence Professionals for Sanity (VIPS)",,,,,,"McGovern, Ray",agenda:accept,Veteran Intelligence Professionals for Sanity,,,,speaker,Ray McGovern,portfolio:4863|portfolio:21826|portfolio:22634|portfolio:22680,4,0,possible duplicate of: raymond-mcgovern — reviewed: KEEP (merge target of the alias row),merge:raymond-mcgovern,mk
shi-ze,Shi Ze,Prof.,"Director for International Energy Strategy Studies, and China Institute of International Studies Senior Fellow, Beijing",China,,,,,Shi Ze,harvest:accept,"Director for International Energy Strategy Studies, and China Institute of International Studies Senior Fellow, Beijing, China",,"Prof. Shi Ze is Director for International Energy Strategy Studies, in China. Shi Ze spoke at a Schiller Institute conference in October 2016.",generated,speaker,Prof. Shi Ze|Professor Shi Ze,portfolio:20097|portfolio:21757|portfolio:30812|portfolio:30854,4,0,,,mk
ali-rastbeen,Ali Rastbeen,,"President of the Académie de Géopolitique, Paris",France,,,,,"Rastbeen, Ali",agenda:accept,"fondateur et président de l'Académie de Géopolitique de Paris, Paris, France",,"Ali Rastbeen is President of the Académie de Géopolitique, Paris, in France. Ali Rastbeen spoke at the Schiller Institute conference ""Man Is Not a Wolf to Man - For a New Paradigm in International Relations!"" in July 2025.",generated,speaker,Ali Rastbeen,portfolio:21307|portfolio:21567|portfolio:21773|portfolio:42682,4,0,,,mk
leonid-kadyshev,Leonid Kadyshev,,Ministre conseiller de l’Ambassade de Russie en France.,France,,,,,"Kadyshev, Leonid",harvest:accept,Ministre conseiller de l’Ambassade de Russie en France.,,Leonid Kadyshev is Ministre conseiller de l’Ambassade de Russie en France.,generated,speaker,Leonid Kadyshev,portfolio:29611|portfolio:29871|portfolio:29985|portfolio:31554,4,0,,,mk
h-h-s-viswanathan,H.H.S. Viswanathan,,"Membre émérite à l’Observer Research Foundation. Coordinateur des activités liées aux BRICS et à l’IBSA (Groupe Inde, Brésil, Afrique du Sud), New Delhi",India,,,,,"Viswanathan, H.H.S.",harvest:accept,"Membre émérite à l’Observer Research Foundation. Coordinateur des activités liées aux BRICS et à l’IBSA (Groupe Inde, Brésil, Afrique du Sud), New Delhi, Inde.",,"H.H.S. Viswanathan is Membre émérite à l’Observer Research Foundation, in India. H.H.S. Viswanathan spoke at the Schiller Institute conference ""Conférence de Paris"" in June 2015.",generated,speaker,H.H.S. Viswanathan,portfolio:29674|portfolio:29878|portfolio:30208|portfolio:31556,4,0,,,mk
jean-francois-di-meglio,Jean-François Di Meglio,,"Président d’ASIA Centre, Paris",,,,,,"Di Meglio, Jean-François",harvest:accept,"Président d’ASIA Centre, Paris",,"Jean-François Di Meglio is Président d’ASIA Centre, Paris.",generated,speaker,Jean-François Di Meglio,portfolio:29701|portfolio:30597|portfolio:30875|portfolio:31599,4,0,,,mk
musikalische-einleitung,Musikalische Einleitung,,,,,,,,"Einleitung, Musikalische",none,,,,,speaker,Musikalische Einleitung,portfolio:30818|portfolio:30820|portfolio:30844|portfolio:30867,4,0,,drop,mk
michel-raimbaud,Michel Raimbaud,,"former French Ambassador to Arab, African, and Latin American Countries; former director of the French Office of the Protection of Refugees and Stateless",,,,,,"Raimbaud, Michel",agenda:accept,"One hears much talk about a new cold war that would lead us back to the old confrontation between the “Free World,” the ancestor of the “Axis of Good,” and a “t",,"Michel Raimbaud is former French Ambassador to Arab, African, and Latin American Countries. Michel Raimbaud spoke at 3 Schiller Institute conferences between 2016 and 2021.",generated,speaker,Michel Raimbaud,portfolio:34737|portfolio:35369|portfolio:35998|portfolio:42793,4,0,,,mk
daniel-estulin,Daniel Estulin,,,,,,,,"Estulin, Daniel",none,"[icon id=""301"" floatLeft=""true"" /]Text bald verfügbar!",,Daniel Estulin spoke at 2 Schiller Institute conferences in 2012.,generated,speaker,Daniel Estulin,portfolio:1028|portfolio:1429|portfolio:1629,3,0,,,mk
mulugeta-zewdie-michael,Mulugeta Zewdie Michael,,,,,,,,"Michael, Mulugeta Zewdie",none,"[icon id=""301"" floatLeft=""true"" /]Text bald verfügbar!",,,,speaker,Mulugeta Zewdie Michael,portfolio:1039|portfolio:1457|portfolio:1613,3,0,,,mk
didier-schmitt,Didier Schmitt,Dr.,,,,,,,"Schmitt, Didier",none,"[icon id=""301"" floatLeft=""true"" /]Text bald verfügbar!",,,,speaker,Didier Schmitt|Dr. Didier Schmitt,portfolio:1066|portfolio:1447|portfolio:1587,3,0,,,mk
bassam-tahhan,Bassam Tahhan,Prof.,,,,,,,"Tahhan, Bassam",none,"[icon id=""301"" floatLeft=""true"" /]Text bald verfügbar!",,"Bassam Tahhan spoke at the Schiller Institute conference ""A New Paradigm for the Survival of Civilization"" in November 2012.",generated,speaker,Bassam Tahhan|Prof. Bassam Tahhan,portfolio:1332|portfolio:1412|portfolio:1577,3,0,,,mk
ghoncheh-tazmini,Ghoncheh Tazmini,,,,,,,,"Tazmini, Ghoncheh",none,"[icon id=""301"" floatLeft=""true"" /]Text bald verfügbar!",,Ghoncheh Tazmini spoke at 2 Schiller Institute conferences in 2012.,generated,speaker,Ghoncheh Tazmini,portfolio:1336|portfolio:1417|portfolio:1580,3,0,,,mk
жак-шеминад,ЖАК ШЕМИНАД,,"президент организации ""Солидарность и прогресс"", Париж, Франция",,,,,Жак Шеминад (Франция),"ШЕМИНАД, ЖАК",harvest:review,"президент организации ""Солидарность и прогресс"", Париж, Франция",,,,speaker,ЖАК ШЕМИНАД|Жак Шеминад|Жак Шеминад (Франция),portfolio:1835|portfolio:3275|portfolio:22577,3,1,"non-latin key — resolve via WPML pairing to EN sibling; Cyrillic transliteration of the same person, merged during File 3 review",merge:jacques-cheminade,mk
michael-kirsch,Michael Kirsch,,,,,,,,"Kirsch, Michael",none,,,,,speaker,Michael Kirsch,portfolio:2243|portfolio:2883|portfolio:3222,3,0,,,mk
dennis-small,Dennis Small,,"Schiller Institute, U.S.",United States,,,,,"Small, Dennis",agenda:accept,"Schiller Institute, U.S.",,"Dennis Small is with Schiller Institute, U.S, in United States. Dennis Small spoke at 11 Schiller Institute conferences between 2013 and 2025.",generated,speaker,Dennis Small,portfolio:2657|portfolio:3207|post:98908@yt:V3N9_8B44Xc@1408,3,0,,,mk
ben-deniston,Ben Deniston,,,,,,,,"Deniston, Ben",none,"Ben Deniston from 21st Century Science and Technology Magazine, on the critical question, what is Mankind? And what is the difference between man and animal?  A",,,,speaker,Ben Deniston,portfolio:2665|portfolio:3881|portfolio:23810,3,0,possible duplicate of: benjamin-deniston,merge:benjamin-deniston,mk
cui-hongjian,Cui Hongjian,Dr.,,,,,,,Cui Hongjian,none,,,"Cui Hongjian spoke at the Schiller Institute conference ""Attaining Freedom through Necessity - The Last Chance for Humanity"" in April 2013.",generated,speaker,Dr. Cui Hongjian,portfolio:2873|portfolio:3486|portfolio:3635,3,0,,,mk
henri-safa,Henri Safa,Prof. Dr.,,,,,,,"Safa, Henri",none,,,"Henri Safa spoke at the Schiller Institute conference ""Attaining Freedom through Necessity - The Last Chance for Humanity"" in April 2013.",generated,speaker,Prof. Dr. Henri Safa,portfolio:2902|portfolio:3457|portfolio:3606,3,0,,,mk
eduardo-greaves,Eduardo Greaves,Prof. Dr.,,,,,,,"Greaves, Eduardo",none,,,"Eduardo Greaves spoke at the Schiller Institute conference ""Attaining Freedom through Necessity - The Last Chance for Humanity"" in April 2013.",generated,speaker,Prof. Dr. Eduardo Greaves,portfolio:2905|portfolio:3460|portfolio:3608,3,0,,,mk
alexander-nagorny,Alexander Nagorny,,"of Russia, is deputy editor of Zavtra weekly newspaper and a member of the Izborsk Club. He is a historian who has specialized in relations a",Russia,,,,,"Nagorny, Alexander",harvest:accept,"Alexander Nagorny, of Russia, is deputy editor of Zavtra weekly newspaper and a member of the Izborsk Club. He is a historian who has specialized in relations a",,"Alexander Nagorny is of Russia, is deputy editor of Zavtra weekly newspaper and a member of the Izborsk Club. Alexander Nagorny spoke at the Schiller Institute conference ""Attaining Freedom through Necessity - The Last Chance for Humanity"" in April 2013.",generated,speaker,Alexander Nagorny,portfolio:3116|portfolio:3354|portfolio:3443,3,0,,,mk
opening-remarks,Opening Remarks,,,,,,,,"Remarks, Opening",none,"Opening Remarks to Schiller Institute Concert of W.A. Mozart's Requiem in D minor, A Remembrance of President John F. Kennedy on the 50th Anniversary of His Dea",,,,speaker,Opening Remarks,portfolio:3944|portfolio:3958|portfolio:3970,3,0,,drop,mk
robert-barwick,Robert Barwick,,"Executive Committee member, Citizens Electoral Council of Australia",Australia,,,,,"Barwick, Robert",harvest:accept,"Executive Committee member, Citizens Electoral Council of Australia",,"Robert Barwick is Executive Committee member, Citizens Electoral Council of Australia. Robert Barwick spoke at the Schiller Institute conference ""30th Anniversary of Schiller Institute - The New Silk Road and China's Lunar Program"" in October 2014.",generated,speaker,Robert Barwick,portfolio:19816|portfolio:22685|portfolio:22686,3,0,,,mk
panos-kammenos,Panos Kammenos,,"président du parti Grecs Indépendants, Membre du parlement héllenique, Athènes",,,,,,"Kammenos, Panos",harvest:accept,"président du parti Grecs Indépendants, Membre du parlement héllenique, Athènes",,"Panos Kammenos is président du parti Grecs Indépendants, Membre du parlement héllenique, Athènes. Panos Kammenos spoke at the Schiller Institute conference ""30th Anniversary of Schiller Institute - The New Silk Road and China's Lunar Program"" in October 2014.",generated,speaker,Panos Kammenos,portfolio:21329|portfolio:21616|portfolio:22625,3,0,,,mk
antonino-galloni,Antonino Galloni,,"Economist, Statutory Auditor of Istituto Nazionale Previdenza Sociale (INPS), Rome",Italy,,,,,"Galloni, Antonino",harvest:accept,"Economist, Statutory Auditor of Istituto Nazionale Previdenza Sociale (INPS), Rome, Italy.",,"Antonino Galloni is Economist, Statutory Auditor of Istituto Nazionale Previdenza Sociale (INPS), Rome, in Italy.",generated,speaker,Antonino Galloni,portfolio:21807|portfolio:21818|portfolio:22683,3,0,,,mk
enzo-siviero,Enzo Siviero,Prof.,"member of the Italian National Council of Universities, Venice, Italy - Mediterranean Bridging",Italy,,,,,"Siviero, Enzo",harvest:accept,"member of the Italian National Council of Universities, Venice, Italy - Mediterranean Bridging",,"Prof. Enzo Siviero is member of the Italian National Council of Universities, Venice, Italy - Mediterranean Bridging. Enzo Siviero spoke at the Schiller Institute conference ""30th Anniversary of Schiller Institute - The New Silk Road and China's Lunar Program"" in October 2014.",generated,speaker,Professor Enzo Siviero,portfolio:21895|portfolio:22748|portfolio:22874,3,0,,,mk
alena-petrova,Alena Petrova,,"Geschäftsführerin von „Art Assemblee Agency“, Russische Kulturtage, Baden-Baden",,,,,,"Petrova, Alena",harvest:review,"Geschäftsführerin von „Art Assemblee Agency“, Russische Kulturtage, Baden-Baden",,"Alena Petrova is with Geschäftsführerin von „Art Assemblee Agency“, Russische Kulturtage, Baden-Baden.",generated,speaker,Alena Petrova|Alena Petrova:,portfolio:22771|portfolio:23220|portfolio:23221,3,0,,,mk
toni-kastner,Toni Kästner,,"Fusions-Energie-Forum, e.V.",,,,,,"Kästner, Toni",harvest:accept,"Fusions-Energie-Forum, e.V.",,"Toni Kästner is with Fusions-Energie-Forum, e.V.",generated,speaker,Toni Kästner,portfolio:22919|portfolio:22931|portfolio:22932,3,0,,,mk
malcolm-fraser,Malcolm Fraser,,Former Prime Minister of Australia (1975-1983),Australia,,,,,"Fraser, Malcolm",harvest:accept,Former Prime Minister of Australia (1975-1983),,Malcolm Fraser is Former Prime Minister of Australia (1975-1983).,generated,speaker,Malcolm Fraser,portfolio:22943|portfolio:22957|portfolio:23000,3,0,,,mk
stelios-kouloglou,Stélios Kouloglou,,"journaliste, écrivain, cinéaste et député européen de Syriza, Athènes.",,,,,,"Kouloglou, Stélios",harvest:accept,"Stélios Kouloglou, journaliste, écrivain, cinéaste et député européen de Syriza, Athènes.",,"Stélios Kouloglou is journaliste, écrivain, cinéaste et député européen de Syriza, Athènes. Stélios Kouloglou spoke at the Schiller Institute conference ""Conférence de Paris"" in June 2015.",generated,speaker,Stelios Kouloglou|Stélios Kouloglou,portfolio:29743|portfolio:30034|portfolio:30103,3,0,,,mk
francois-gervais,François Gervais,Prof.,"Professor Emeritus of the François Rabelais University, Tours, Critical Rapporteur to the IPCC - ARS5 (International Panel on Climate Change), Tours.",,,,,,"Gervais, François",harvest:accept,"Professor Emeritus of the François Rabelais University, Tours, Critical Rapporteur to the IPCC - ARS5 (International Panel on Climate Change), Tours.",,"Prof. François Gervais is Professor Emeritus of the François Rabelais University, Tours.",generated,speaker,François Gervais|Prof. François Gervais,portfolio:30143|portfolio:30144|portfolio:31325,3,0,,,mk
karel-vereycken,Karel Vereycken,,"Journalist, Paris.",,,,,,"Vereycken, Karel",harvest:accept,"Journalist, Paris.",,"Karel Vereycken is Journalist, Paris. Karel Vereycken spoke at the Schiller Institute conference ""Conférence de Paris"" in June 2015.",generated,speaker,Karel Vereycken,portfolio:30198|portfolio:31105|portfolio:31331,3,0,,,mk
carl-otto-weiss,Carl-Otto Weiss,Prof.,,,,,,,"Weiss, Carl-Otto",none,,,"Carl-Otto Weiss spoke at the Schiller Institute conference ""Man Is Not a Wolf to Man - For a New Paradigm in International Relations!"" in July 2025.",generated,speaker,Carl-Otto Weiss|Prof. Carl-Otto Weiss,portfolio:30201|portfolio:31323|portfolio:32333,3,0,,,mk
denys-pluvinage,Denys Pluvinage,,Vice President of the Franco-Russian Alliance,,,,,,"Pluvinage, Denys",agenda:accept,"Berater des Französisch-Russischen Dialogs, Paris.",,Denys Pluvinage is Vice President of the Franco-Russian Alliance. Denys Pluvinage spoke at 2 Schiller Institute conferences between 2015 and 2021.,generated,speaker,Denys Pluvinage,portfolio:30258|portfolio:30284|portfolio:31596,3,0,,,mk
richard-black,Richard Black,Sen.,former head of the U.S. Army’s Criminal Law Division at the Pentagon; former Virginia State Senator,ret.,,,,,"Black, Richard",agenda:accept,(U.S.); former head of the U.S. Army’s Criminal Law Division at the Pentagon; former Virginia State Senator,,"Sen. Richard Black is former head of the U.S, in ret.. Richard Black spoke at 6 Schiller Institute conferences between 2015 and 2024.",generated,speaker,Col. Richard Black (ret.)|Sen. Richard Black,portfolio:30287|portfolio:30650|post:88412@yt:JD3d_guFUV4@4030,3,0,possible duplicate of: richard-h-black — reviewed: KEEP (merge target of the alias row),,mk
acheikh-ibn-oumar,Acheikh Ibn-Oumar,,"former Foreign Minister of Chad, Reims.",,,,,,"Ibn-Oumar, Acheikh",harvest:accept,"former Foreign Minister of Chad, Reims.",,"Acheikh Ibn-Oumar is former Foreign Minister of Chad, Reims. Acheikh Ibn-Oumar spoke at the Schiller Institute conference ""Conférence de Paris"" in June 2015.",generated,speaker,Acheikh Ibn-Oumar,portfolio:30845|portfolio:30846|portfolio:31348,3,0,,,mk
chas-freeman,Chas Freeman,,"In Europe, in America, and in parts of Asia there is a sense of foreboding—an elemental unease about what is to come. There is vexing drift amidst political par",United States,,,,,"Freeman, Chas",harvest:review,"In Europe, in America, and in parts of Asia there is a sense of foreboding—an elemental unease about what is to come. There is vexing drift amidst political par",,"Chas Freeman is with In Europe, in America, in United States. Chas Freeman spoke at 4 Schiller Institute conferences between 2016 and 2025.",generated,speaker,Chas Freeman,portfolio:34388|portfolio:34655|portfolio:34793,3,0,possible duplicate of: chas-w-freeman — reviewed: KEEP (merge target of the alias row),,mk
marco-zanni,Marco Zanni,,The European institution decided to ignore the voice of the citizens and Brexit is the result of this lack of a political view for a united Europe with cooperat,,,,,,"Zanni, Marco",harvest:accept,The European institution decided to ignore the voice of the citizens and Brexit is the result of this lack of a political view for a united Europe with cooperat,,Marco Zanni is with The European institution decided to ignore the voice of the citizens and Brexit is the result of this lack of. Marco Zanni spoke at 4 Schiller Institute conferences between 2016 and 2018.,generated,speaker,Marco Zanni,portfolio:34396|portfolio:35238|portfolio:35389,3,0,,,mk
leonidas-chrysantopoulos,Leonidas Chrysantopoulos,,"The theme of our conference is very appropriate and comes at a moment when humanity is not only facing its worst economic crisis since the depression of 1928, b",,,,,,"Chrysantopoulos, Leonidas",harvest:review,"The theme of our conference is very appropriate and comes at a moment when humanity is not only facing its worst economic crisis since the depression of 1928, b",,"Leonidas Chrysantopoulos is with The theme of our conference is very appropriate and comes at a moment when humanity is not only facing its wor. Leonidas Chrysantopoulos spoke at the Schiller Institute conference ""Conférence internationale Berlin"" in June 2016.",generated,speaker,Leonidas Chrysantopoulos,portfolio:34400|portfolio:35326|portfolio:35337,3,0,,,mk
ren-lin,Ren Lin,Dr.,"My background is about globalization, and economic integration, regional integration, etc. and as well as OBOR (One Belt, One Road). Before I get started with m",,,,,,"Lin, Ren",harvest:review,"My background is about globalization, and economic integration, regional integration, etc. and as well as OBOR (One Belt, One Road). Before I get started with m",,"Dr. Ren Lin is with My background is about globalization, and economic integration, regional integration. Ren Lin spoke at the Schiller Institute conference ""Conférence internationale Berlin"" in June 2016.",generated,speaker,Dr Ren Lin|Ren Lin,portfolio:34402|portfolio:35936|portfolio:36017,3,0,,,mk
hamid-sidig,Hamid Sidig,H.E.,"Since ancient times, the Silk Road has been a symbol of the commercial artery that connects Asia and Europe, creating wealth and cultural exchange to benefit al",,,,,,"Sidig, Hamid",harvest:review,"Since ancient times, the Silk Road has been a symbol of the commercial artery that connects Asia and Europe, creating wealth and cultural exchange to benefit al",,"H.E. Hamid Sidig is with Since ancient times, the Silk Road has been a symbol of the commercial artery that connects Asia and Europe. Hamid Sidig spoke at 2 Schiller Institute conferences in 2016.",generated,speaker,H.E. Hamid Sidig,portfolio:34404|portfolio:34958|portfolio:36023,3,0,,,mk
egbert-drews,Egbert Drews,,"Given the globalization and liberalization of the economy, the significance of cooperation among SMEs has considerably grown over the past years: The SMEs recog",,,,,,"Drews, Egbert",harvest:review,"Given the globalization and liberalization of the economy, the significance of cooperation among SMEs has considerably grown over the past years: The SMEs recog",,Egbert Drews is with Given the globalization and liberalization of the economy. Egbert Drews spoke at 2 Schiller Institute conferences in 2016.,generated,speaker,Egbert Drews,portfolio:34406|portfolio:35128|portfolio:35730,3,0,,,mk
bereket-simon,Bereket Simon,,"The term “Silk Road” refers to an ancient trade route, but my interest obviously lies in highlighting the significance of its present incarnation within the cur",,,,,,"Simon, Bereket",harvest:review,"The term “Silk Road” refers to an ancient trade route, but my interest obviously lies in highlighting the significance of its present incarnation within the cur",,Bereket Simon is with The term “Silk Road” refers to an ancient trade route. Bereket Simon spoke at 3 Schiller Institute conferences in 2016.,generated,speaker,Bereket Simon,portfolio:34412|portfolio:35373|portfolio:35725,3,0,,,mk
adeline-djeutie,Adeline Djeutie,,"In regions like Africa, the energy poverty does not reflect the existing natural resources potential in many countries. In fact, Africa is endowed with various",,,,,,"Djeutie, Adeline",harvest:review,"In regions like Africa, the energy poverty does not reflect the existing natural resources potential in many countries. In fact, Africa is endowed with various",,"Adeline Djeutie is with In regions like Africa. Adeline Djeutie spoke at the Schiller Institute conference ""Conférence internationale Berlin"" in June 2016.",generated,speaker,Adeline Djeutie,portfolio:34414|portfolio:35542|portfolio:36097,3,0,,,mk
alain-gachet,Alain Gachet,,"Humanity has been developing on lakes and rivers mainly, but the real bulk of fresh water is below the surface of the Earth, is underground. And it is 33 times",,,,,,"Gachet, Alain",harvest:review,"Humanity has been developing on lakes and rivers mainly, but the real bulk of fresh water is below the surface of the Earth, is underground. And it is 33 times",,Alain Gachet is with Humanity has been developing on lakes and rivers mainly. Alain Gachet spoke at 2 Schiller Institute conferences in 2016.,generated,speaker,Alain Gachet,portfolio:34417|portfolio:35586|portfolio:35789,3,0,,,mk
rainer-sandau,Rainer Sandau,,,,,,,,"Sandau, Rainer",none,"We do have regional secretariats in 30 regions, one of them in Syria. In Syria, we have a regional secretary, Dr. Hussein Ibrahim, who was a former general dire",,Rainer Sandau spoke at 2 Schiller Institute conferences in 2016.,generated,speaker,Rainer Sandau,portfolio:34419|portfolio:35557|portfolio:35571,3,0,,,mk
sam-pitroda,Sam Pitroda,,"Innovator, Entrepreneur and Policy-Maker",United States,,,,,"Pitroda, Sam",agenda:review,"(U.S./India); Innovator, Entrepreneur and Policy-Maker",,"Sam Pitroda is with Innovator, Entrepreneur and Policy-Maker, in United States. Sam Pitroda spoke at 3 Schiller Institute conferences between 2022 and 2023.",generated,speaker,Sam Pitroda,post:88412@yt:JD3d_guFUV4@4984|post:89622@yt:JD3d_guFUV4@4984|post:89859@yt:JD3d_guFUV4@4984,3,0,,,mk
aiman-rsheed,Aiman Rsheed,,,,,,,,"Rsheed, Aiman",none,,,,,speaker,Aiman Rsheed,portfolio:1054|portfolio:1616,2,0,,,mk
george-o-tsobanoglou,George O. Tsobanoglou,,,,,,,,"Tsobanoglou, George O.",none,"[icon id=""301"" floatLeft=""true"" /]Text bald verfügbar!",,,,speaker,George O. Tsobanoglou,portfolio:1426|portfolio:1632,2,0,possible duplicate of: george-tsobanoglou,merge:george-tsobanoglou,mk
wilhelm-hankel,Wilhelm Hankel,Prof.,,,,,,,"Hankel, Wilhelm",none,"[icon id=""301"" floatLeft=""true"" /]Text bald verfügbar!",,Wilhelm Hankel spoke at 2 Schiller Institute conferences in 2012.,generated,speaker,Prof. Wilhelm Hankel,portfolio:1436|portfolio:1625,2,0,,,mk
antonio-guell,Antonio Güell,Dr.,,,,,,,"Güell, Antonio",none,"[icon id=""301"" floatLeft=""true"" /]Text bald verfügbar!",,,,speaker,Antonio Güell|Dr. Antonio Güell,portfolio:1450|portfolio:1584,2,0,,,mk
ali-reza-sheikh-attar,Ali Reza Sheikh Attar,,,,,,,,"Attar, Ali Reza Sheikh",none,,,"Ali Reza Sheikh Attar spoke at the Schiller Institute conference ""A New Paradigm for the Survival of Civilization"" in November 2012.",generated,speaker,Ali Reza Sheikh Attar,portfolio:1569|portfolio:2098,2,0,"possible duplicate of: attar, ali-reza-sheik-attar — reviewed: KEEP (merge target of the alias row)",,mk
хуссеин-аскари,ХУССЕЙН АСКАРИ,,,,,,,ХУССЕЙН АСКАРИ,"АСКАРИ, ХУССЕЙН",none,,,,,speaker,ХУССЕЙН АСКАРИ|Хуссейн Аскари,portfolio:1846|portfolio:3415,2,1,"non-latin key — resolve via WPML pairing to EN sibling; Cyrillic transliteration of the same person, merged during File 3 review",merge:hussein-askary,mk
lyndon-h-larouche-jr,"Lyndon H. LaRouche, Jr.",,,,,,,,"LaRouche, Jr., Lyndon H.",none,,,"Lyndon H. LaRouche, Jr. spoke at 5 Schiller Institute conferences between 2013 and 2022.",generated,speaker,"Lyndon H. LaRouche, Jr.",portfolio:2101|portfolio:3440,2,0,,,mk
sean-stone,Sean Stone,,,,,,,,"Stone, Sean",none,,,Sean Stone spoke at 2 Schiller Institute conferences in 2013.,generated,speaker,Sean Stone,portfolio:2232|portfolio:2317,2,0,,,mk
norton-mezvinsky,Norton Mezvinsky,,,,,,,,"Mezvinsky, Norton",none,,,Norton Mezvinsky spoke at 2 Schiller Institute conferences in 2013.,generated,speaker,Norton Mezvinsky,portfolio:2240|portfolio:2761,2,0,,,mk
james-benham,James Benham,,"Indiana Farmer, President of the Indiana Farmers Union; National Board Member of the National Farmers Union",,,,,,"Benham, James",agenda:accept,"Indiana Farmer, President of the Indiana Farmers Union; National Board Member of the National Farmers Union",,"James Benham is Indiana Farmer, President of the Indiana Farmers Union; National Board Member of the National Farmers Union. James Benham spoke at 2 Schiller Institute conferences between 2013 and 2021.",generated,speaker,James Benham,portfolio:2674|portfolio:3213,2,0,,,mk
thomas-jackson,Thomas Jackson,Rep.,,,,,,,"Jackson, Thomas",none,,,"Thomas Jackson spoke at the Schiller Institute conference ""30th Anniversary of SDI & Strategic Defense of Earth"" in March 2013.",generated,speaker,Rep. Thomas Jackson,portfolio:2677|portfolio:3210,2,0,,,mk
paul-gallagher,Paul Gallagher,,,,,,,,"Gallagher, Paul",none,,,Paul Gallagher spoke at 6 Schiller Institute conferences between 2013 and 2024.,generated,speaker,Paul Gallagher,portfolio:2683|portfolio:3225,2,0,,,mk
jeff-steinberg,Jeff Steinberg,,,,,,,,"Steinberg, Jeff",none,,,Jeff Steinberg spoke at 2 Schiller Institute conferences between 2013 and 2016.,generated,speaker,Jeff Steinberg,portfolio:2736|portfolio:3181,2,0,,,mk
frank-cevasco,Frank Cevasco,,,,,,,,"Cevasco, Frank",none,,,"Frank Cevasco spoke at the Schiller Institute conference ""30th Anniversary of SDI & Strategic Defense of Earth"" in March 2013.",generated,speaker,Frank Cevasco,portfolio:2739|portfolio:3184,2,0,,,mk
rachel-douglas,Rachel Douglas,,"UPDATE: Rachel Douglas' presentation now includes the video produced by Russia’s International Global Aerospace Monitoring Space System, and shown, courtesy of",Russia,,,,,"Douglas, Rachel",harvest:review,"UPDATE: Rachel Douglas' presentation now includes the video produced by Russia’s International Global Aerospace Monitoring Space System, and shown, courtesy of",,"Rachel Douglas is with UPDATE: Rachel Douglas' presentation now includes the video produced by Russia’s International Global Aerospac. Rachel Douglas spoke at the Schiller Institute conference ""30th Anniversary of SDI & Strategic Defense of Earth"" in March 2013.",generated,speaker,Rachel Douglas,portfolio:2770|portfolio:3193,2,0,,,mk
mikhail-delyagin,Mikhail Delyagin,,,,,,,,"Delyagin, Mikhail",none,zakryvayushchaya tekhnologiya,,"Mikhail Delyagin spoke at the Schiller Institute conference ""Attaining Freedom through Necessity - The Last Chance for Humanity"" in April 2013.",generated,speaker,Mikhail Delyagin,portfolio:2893|portfolio:3490,2,0,,,mk
urban-cleve,Urban Cleve,Dr.,,,,,,,"Cleve, Urban",none,,,"Urban Cleve spoke at the Schiller Institute conference ""Attaining Freedom through Necessity - The Last Chance for Humanity"" in April 2013.",generated,speaker,Dr. Urban Cleve|Urban Cleve,portfolio:2912|portfolio:3464,2,0,,,mk
andrey-fursov,Andrey Fursov,,,,,,,,"Fursov, Andrey",none,was,,"Andrey Fursov spoke at the Schiller Institute conference ""Attaining Freedom through Necessity - The Last Chance for Humanity"" in April 2013.",generated,speaker,Andrey Fursov,portfolio:2985|portfolio:3508,2,0,,,mk
craig-isherwood,Craig Isherwood,,,,,,,,"Isherwood, Craig",none,,,"Craig Isherwood spoke at the Schiller Institute conference ""Conférence de Paris"" in June 2015.",generated,speaker,Craig Isherwood,portfolio:3007|portfolio:3622,2,0,,,mk
hal-cooper,Hal Cooper,,,,,,,,"Cooper, Hal",none,,,Hal Cooper spoke at 2 Schiller Institute conferences between 2013 and 2017.,generated,speaker,Hal Cooper,portfolio:3674|portfolio:3878,2,0,,,mk
san-francisco-conference,San Francisco Conference,,,,,,,,"Conference, San Francisco",none,,,,,speaker,San Francisco Conference,portfolio:3726|portfolio:3737,2,0,,drop,mk
harley-schlanger,Harley Schlanger,,The Schiller Institute Moderator’s Introduction,,,,,,"Schlanger, Harley",agenda:accept,The Schiller Institute Moderator’s Introduction,,Harley Schlanger is with The Schiller Institute Moderator’s Introduction. Harley Schlanger spoke at 4 Schiller Institute conferences between 2013 and 2025.,generated,speaker,Harley Schlanger,portfolio:3734|portfolio:3874,2,0,,,mk
mike-billington,Mike Billington,,,,,,,,"Billington, Mike",none,,,,,speaker,Mike Billington,portfolio:3904|portfolio:4995,2,0,possible duplicate of: michael-billington,merge:michael-billington,mk
wolfgang-lillge,Wolfgang Lillge,Dr.,"Editor-in-chief of the Fusion Magazine, Berlin",Germany,,,,,"Lillge, Wolfgang",harvest:accept,"Editor-in-chief of the Fusion Magazine, Berlin, Germany",,"Dr. Wolfgang Lillge is Editor-in-chief of the Fusion Magazine, Berlin, in Germany. Wolfgang Lillge spoke at the Schiller Institute conference ""30th Anniversary of Schiller Institute - The New Silk Road and China's Lunar Program"" in October 2014.",generated,speaker,Dr. Wolfgang Lillge,portfolio:20428|portfolio:21763,2,0,,,mk
fatemeh-hashemi-rafsanjani,Fatemeh Hashemi Rafsanjani,Dr.,"President of WSA (Women Solidarity Association), Teheran, Islamic Republic of Iran.",,,,,,"Rafsanjani, Fatemeh Hashemi",harvest:accept,"President of WSA (Women Solidarity Association), Teheran, Islamic Republic of Iran.",,"Dr. Fatemeh Hashemi Rafsanjani is President of WSA (Women Solidarity Association), Teheran, Islamic Republic of Iran. Fatemeh Hashemi Rafsanjani spoke at the Schiller Institute conference ""30th Anniversary of Schiller Institute - The New Silk Road and China's Lunar Program"" in October 2014.",generated,speaker,Dr Fatemeh Hashemi Rafsanjani|Dr. Fatemeh Hashemi Rafsanjani,portfolio:21552|portfolio:21717,2,0,,,mk
pei-hua-chen-bo,Pei Hua & Chen Bo,,Salutations et présentation de la Fondation Chinoise Soong Ching Ling,,,,,,"Bo, Pei Hua & Chen",harvest:accept,Salutations et présentation de la Fondation Chinoise Soong Ching Ling,,,,speaker,Pei Hua & Chen Bo,portfolio:21801|portfolio:22622,2,0,"TWO real presenters (Pei Hua; Chen Bo), Soong Ching Ling Foundation (China). Bilingual si_presentation FR=portfolio:21801 / DE=portfolio:22622, 2014-10-21. Neither has a person row; person_hints empty. merge can't split — needs machine-side ""&""/""and"" speaker-split into two person rows, both linked to the talk.",drop,mk
dieter-ameling,Dieter Ameling,Prof. Dr.,"President of the German Steel Federation (until 2008), Essen",Germany,,,,,"Ameling, Dieter",harvest:accept,"President of the German Steel Federation (until 2008), Essen, Germany.",,"Prof. Dr. Dieter Ameling is President of the German Steel Federation (until 2008), Essen, in Germany. Dieter Ameling spoke at the Schiller Institute conference ""30th Anniversary of Schiller Institute - The New Silk Road and China's Lunar Program"" in October 2014.",generated,speaker,Prof. Dieter Ameling|Prof. Dr. Dieter Ameling,portfolio:22338|portfolio:22638,2,0,,,mk
zepp-larouche-resolution,Zepp-LaRouche - Resolution,,"founder of the Schiller Institute, reads the resolution ""Let us grow up into the Adult Age of Mankind!"" during the Schiller Institute conference.",,,,,,"Resolution, Zepp-LaRouche -",harvest:accept,"founder of the Schiller Institute, reads the resolution ""Let us grow up into the Adult Age of Mankind!"" during the Schiller Institute conference.",,,,speaker,Zepp-LaRouche - Resolution,portfolio:22642|portfolio:22671,2,0,possible duplicate of: zepp-larouche-frankfurter-resolution,merge:helga-zepp-larouche,mk
michail-titarenko,Michail Titarenko,Prof.,"Directeur de l’Institut d’études pour l’Extrême-Orient, Académie des Sciences",,,,,,"Titarenko, Michail",harvest:accept,"Directeur de l’Institut d’études pour l’Extrême-Orient, Académie des Sciences",,"Prof. Michail Titarenko is Directeur de l’Institut d’études pour l’Extrême-Orient, Académie des Sciences.",generated,speaker,Prof. Michail Titarenko,portfolio:22833|portfolio:22996,2,0,,,mk
wangsuo-wu,Wangsuo Wu,Prof. Dr.,"Doyen de l’École de science et de technologie nucléaire, Université de Lanzhou",China,,,,,"Wu, Wangsuo",harvest:accept,"Doyen de l’École de science et de technologie nucléaire, Université de Lanzhou, Chine.",,"Prof. Dr. Wangsuo Wu is with Doyen de l’École de science et de technologie nucléaire, Université de Lanzhou, in China. Wangsuo Wu spoke at the Schiller Institute conference ""30th Anniversary of Schiller Institute - The New Silk Road and China's Lunar Program"" in October 2014.",generated,speaker,Prof. Dr. Wangsuo Wu,portfolio:22889|portfolio:22890,2,0,possible duplicate of: wangsou-wu — reviewed: KEEP (merge target of the alias row),,mk
chandra-muzaffar,Chandra Muzaffar,Dr.,Fondateur et Président du Mouvement international pour un monde juste (JUST),,,,,,"Muzaffar, Chandra",harvest:accept,Fondateur et Président du Mouvement international pour un monde juste (JUST),,Dr. Chandra Muzaffar is Fondateur et Président du Mouvement international pour un monde juste (JUST). Chandra Muzaffar spoke at 2 Schiller Institute conferences between 2014 and 2024.,generated,speaker,Dr. Chandra Muzaffar,portfolio:22913|portfolio:22914,2,0,,,mk
benjamin-deniston,Benjamin Deniston,,"Wissenschaftsteam des LaRouche-Aktionskomitees, Washington",,,,,,"Deniston, Benjamin",harvest:review,"Wissenschaftsteam des LaRouche-Aktionskomitees, Washington",,"Benjamin Deniston is with Wissenschaftsteam des LaRouche-Aktionskomitees, Washington. Benjamin Deniston spoke at 5 Schiller Institute conferences between 2013 and 2019.",generated,speaker,Benjamin Deniston,portfolio:30090|portfolio:31312,2,0,possible duplicate of: ben-deniston — reviewed: KEEP (merge target of the alias row),,mk
maelle-mercier-jean-jaures,Maëlle Mercier - Jean Jaurès,,"(The Positive Philosophy, 1867)",,,,,,"Jaurès, Maëlle Mercier - Jean",harvest:review,"(The Positive Philosophy, 1867)",,,,speaker,Maëlle Mercier - Jean Jaurès,portfolio:30175|portfolio:30492,2,0,,merge:maelle-mercier,mk
charles-paperon,Charles Paperon,,"Veteran Figher of the French Resistance, decorated of the Free France medal",France,,,,,"Paperon, Charles",harvest:review,"Veteran Figher of the French Resistance, decorated of the Free France medal",,"Charles Paperon is with Veteran Figher of the French Resistance, decorated of the Free France medal. Charles Paperon spoke at the Schiller Institute conference ""Conférence de Paris"" in June 2015.",generated,speaker,Charles Paperon,portfolio:30601|portfolio:30602,2,0,,,mk
tatiana-seliverstova,Tatiana Seliverstova,,Head of the department of the international cooperation and innovative activities of the Russian Union of Youth.,,,,,,"Seliverstova, Tatiana",harvest:accept,Head of the department of the international cooperation and innovative activities of the Russian Union of Youth.,,"Tatiana Seliverstova is Head of the department of the international cooperation and innovative activities of the Russian Union of Yout. Tatiana Seliverstova spoke at the Schiller Institute conference ""Conférence de Paris"" in June 2015.",generated,speaker,Tatiana Seliverstova,portfolio:30806|portfolio:30807,2,0,,,mk
jean-pierre-gerard,Jean-Pierre Gérard,,"Economist, Entrepreneur",,,,,,"Gérard, Jean-Pierre",harvest:accept,"Economist, Entrepreneur,",,"Jean-Pierre Gérard is Economist, Entrepreneur. Jean-Pierre Gérard spoke at the Schiller Institute conference ""Conférence de Paris"" in June 2015.",generated,speaker,Jean-Pierre Gérard,portfolio:30832|portfolio:31352,2,0,,,mk
raghda-ibrahim,Raghda Ibrahim,,"Daughter of Prof. Mohamed Ali Ibrahim, Dean of the Transport and Logistics Institute, Arab League",,,,,,"Ibrahim, Raghda",harvest:accept,"Daughter of Prof. Mohamed Ali Ibrahim, Dean of the Transport and Logistics Institute, Arab League",,"Raghda Ibrahim is with Daughter of Prof. Raghda Ibrahim spoke at the Schiller Institute conference ""Conférence de Paris"" in June 2015.",generated,speaker,Raghda Ibrahim,portfolio:30879|portfolio:31327,2,0,,,mk
dean-andromidas,Dean Andromidas,,"Executive Intelligence Review, Wiesbaden.",,,,,,"Andromidas, Dean",harvest:accept,"Executive Intelligence Review, Wiesbaden.",,"Dean Andromidas is with Executive Intelligence Review, Wiesbaden. Dean Andromidas spoke at the Schiller Institute conference ""Conférence de Paris"" in June 2015.",generated,speaker,Dean Andromidas,portfolio:31110|portfolio:31309,2,0,,,mk
ulrich-scholz,Ulrich Scholz,Col. (ret.),"I'm going to use three metaphors, and I'm going to teach you three questions to ask, to come to the conclusion that war must not be a means of politics any more",,,,,,"Scholz, Ulrich",harvest:review,"I'm going to use three metaphors, and I'm going to teach you three questions to ask, to come to the conclusion that war must not be a means of politics any more",,"Col. (ret.) Ulrich Scholz is with I'm going to use three metaphors, and I'm going to teach you three questions to ask.",generated,speaker,Colonel Ulrich Scholz (cr)|Lt. Col. (ret.) Ulrich Scholz,portfolio:34392|portfolio:34851,2,0,,,mk
fouad-al-ghaffari,Fouad Al-Ghaffari,,"C’est un grand plaisir de pouvoir m’exprimer devant vous, au moins de façon électronique, après avoir fait tant d’effort sans succès pour être parmi vous en per",,,,,,"Al-Ghaffari, Fouad",harvest:review,"C’est un grand plaisir de pouvoir m’exprimer devant vous, au moins de façon électronique, après avoir fait tant d’effort sans succès pour être parmi vous en per",,"Fouad Al-Ghaffari is with C’est un grand plaisir de pouvoir m’exprimer devant vous, au moins de façon électronique. Fouad Al-Ghaffari spoke at 3 Schiller Institute conferences between 2016 and 2017.",generated,speaker,Fouad Al-Ghaffari,portfolio:35441|portfolio:35776,2,0,,,mk
scott-ritter,Scott Ritter,,former UN Weapons Inspector in Iraq,United States,,,,,"Ritter, Scott",agenda:review,former UN Weapons Inspector in Iraq,,"Scott Ritter is former UN Weapons Inspector in Iraq, in United States. Scott Ritter spoke at 5 Schiller Institute conferences between 2023 and 2025.",generated,speaker,Scott Ritter,post:98908@yt:A7sx7BUvdK4@5052|post:102333@yt:M9sYi4Io7Zk@820,2,0,,,mk
attar,Attar,Amb.,"Ali Reza Sheikh Attar, Ambassador of the Islamic Republic of Iran to Germany",Germany,,,,,Attar,harvest:accept,"Ali Reza Sheikh Attar, Ambassador of the Islamic Republic of Iran to Germany",,,,speaker,Ambassador Attar,portfolio:900,1,0,"possible duplicate of: ali-reza-sheik-attar, ali-reza-sheikh-attar",merge:ali-reza-sheikh-attar,mk
guell,Güell,Dr.,,,,,,,Güell,none,,,,,speaker,Dr. Güell,portfolio:946,1,0,,merge:antonio-guell,mk
hankel,Hankel,Prof.,,,,,,,Hankel,none,,,,,speaker,Prof. Hankel,portfolio:1012,1,0,,merge:wilhelm-hankel,mk
george-tsobanoglou,George Tsobanoglou,,,,,,,,"Tsobanoglou, George",none,,,,,speaker,George Tsobanoglou,portfolio:1032,1,0,possible duplicate of: george-o-tsobanoglou — reviewed: KEEP (merge target of the alias row),,mk
katsanevas,Katsanevas,Prof.,,,,,,,Katsanevas,none,,,,,speaker,Prof. Katsanevas,portfolio:1034,1,0,,merge:theodore-katsanevas,mk
ali-reza-sheik-attar,S.E. Ali Reza Sheik Attar,S.e.,,,,,,,"Attar, S.E. Ali Reza Sheik",none,Text bald verfügbar!,,,,speaker,S.E. Ali Reza Sheik Attar,portfolio:1270,1,0,"possible duplicate of: attar, ali-reza-sheikh-attar",merge:ali-reza-sheikh-attar,mk
africa-pass-ein-bahnbrechendes-konzept,Africa Pass,,,,,,,,"Pass, Africa",none,"[icon id=""301"" floatLeft=""true"" /]Text bald verfügbar!",,,,speaker,Africa Pass – Ein bahnbrechendes Konzept,portfolio:1454,1,0,,drop,mk
возрождение-классическои-культуры-в-европе,ВОЗРОЖДЕНИЕ КЛАССИЧЕСКОЙ КУЛЬТУРЫ В ЕВРОПЕ (англ.),,,,,,,ВОЗРОЖДЕНИЕ КЛАССИЧЕСКОЙ КУЛЬТУРЫ В ЕВРОПЕ (англ.),"(англ.), ВОЗРОЖДЕНИЕ КЛАССИЧЕСКОЙ КУЛЬТУРЫ В ЕВРОПЕ",none,,,,,speaker,ВОЗРОЖДЕНИЕ КЛАССИЧЕСКОЙ КУЛЬТУРЫ В ЕВРОПЕ (англ.),portfolio:1825,1,1,"non-latin key — resolve via WPML pairing to EN sibling; not a person — ""Revival of Classical Culture in Europe"", a session title",drop,mk
лорелла-пресoтто,ЛОРЕЛЛА ПРЕСOТТО,,,,,,,ЛОРЕЛЛА ПРЕСOТТО,"ПРЕСOТТО, ЛОРЕЛЛА",none,,,,,speaker,ЛОРЕЛЛА ПРЕСOТТО,portfolio:1826,1,1,"non-latin key — resolve via WPML pairing to EN sibling; Cyrillic transliteration of the same person, merged during File 3 review",merge:lorella-presotto,mk
гончех-тазмини,ГОНЧЕХ ТАЗМИНИ,,,,,,,ГОНЧЕХ ТАЗМИНИ,"ТАЗМИНИ, ГОНЧЕХ",none,,,,,speaker,ГОНЧЕХ ТАЗМИНИ,portfolio:1827,1,1,"non-latin key — resolve via WPML pairing to EN sibling; Cyrillic transliteration of the same person, merged during File 3 review",merge:ghoncheh-tazmini,mk
профессор-бассам-таххан,ПРОФЕССОР БАССАМ ТАХХАН,,,,,,,ПРОФЕССОР БАССАМ ТАХХАН,"ТАХХАН, ПРОФЕССОР БАССАМ",none,,,,,speaker,ПРОФЕССОР БАССАМ ТАХХАН,portfolio:1828,1,1,"non-latin key — resolve via WPML pairing to EN sibling; Cyrillic transliteration of the same person, merged during File 3 review",merge:bassam-tahhan,mk
дидье-шмитт,ДИДЬЕ ШМИТТ,,,,,,,ДИДЬЕ ШМИТТ,"ШМИТТ, ДИДЬЕ",none,,,,,speaker,ДИДЬЕ ШМИТТ,portfolio:1834,1,1,"non-latin key — resolve via WPML pairing to EN sibling; Cyrillic transliteration of the same person, merged during File 3 review",merge:didier-schmitt,mk
аиман-рашед,АЙМАН РАШЕД,,,,,,,АЙМАН РАШЕД,"РАШЕД, АЙМАН",none,,,,,speaker,АЙМАН РАШЕД,portfolio:1837,1,1,non-latin key — resolve via WPML pairing to EN sibling,accept,mk
мулугета-зевди-маикл,МУЛУГЕТА ЗЕВДИ МАЙКЛ,,,,,,,МУЛУГЕТА ЗЕВДИ МАЙКЛ,"МАЙКЛ, МУЛУГЕТА ЗЕВДИ",none,,,,,speaker,МУЛУГЕТА ЗЕВДИ МАЙКЛ,portfolio:1838,1,1,"non-latin key — resolve via WPML pairing to EN sibling; Cyrillic transliteration of the same person, merged during File 3 review",merge:mulugeta-zewdie-michael,mk
проф-кацаневас,ПРОФ. КАЦАНЕВАС,,,,,,,ПРОФ. КАЦАНЕВАС,"КАЦАНЕВАС, ПРОФ.",none,,,,,speaker,ПРОФ. КАЦАНЕВАС,portfolio:1840,1,1,"non-latin key — resolve via WPML pairing to EN sibling; Cyrillic transliteration of the same person, merged during File 3 review",merge:theodore-katsanevas,mk
георгии-цобаноглу,ГЕОРГИЙ ЦОБАНОГЛУ,,,,,,,ГЕОРГИЙ ЦОБАНОГЛУ,"ЦОБАНОГЛУ, ГЕОРГИЙ",none,,,,,speaker,ГЕОРГИЙ ЦОБАНОГЛУ,portfolio:1841,1,1,non-latin key — resolve via WPML pairing to EN sibling,accept,mk
даниэль-эстулин,ДАНИЭЛЬ ЭСТУЛИН,,,,,,,ДАНИЭЛЬ ЭСТУЛИН,"ЭСТУЛИН, ДАНИЭЛЬ",none,,,,,speaker,ДАНИЭЛЬ ЭСТУЛИН,portfolio:1842,1,1,"non-latin key — resolve via WPML pairing to EN sibling; Cyrillic transliteration of the same person, merged during File 3 review",merge:daniel-estulin,mk
маикл-биллингтон,МАЙКЛ БИЛЛИНГТОН,,,,,,,МАЙКЛ БИЛЛИНГТОН,"БИЛЛИНГТОН, МАЙКЛ",none,,,,,speaker,МАЙКЛ БИЛЛИНГТОН,portfolio:1843,1,1,"non-latin key — resolve via WPML pairing to EN sibling; Cyrillic transliteration of the same person, merged during File 3 review",merge:michael-billington,mk
проф-вильгельм-ханкель,ПРОФ. ВИЛЬГЕЛЬМ ХАНКЕЛЬ,,,,,,,ПРОФ. ВИЛЬГЕЛЬМ ХАНКЕЛЬ,"ХАНКЕЛЬ, ПРОФ. ВИЛЬГЕЛЬМ",none,,,,,speaker,ПРОФ. ВИЛЬГЕЛЬМ ХАНКЕЛЬ,portfolio:1844,1,1,"non-latin key — resolve via WPML pairing to EN sibling; Cyrillic transliteration of the same person, merged during File 3 review",merge:wilhelm-hankel,mk
др-гелль,ДР. ГЁЛЛЬ,,,,,,,ДР. ГЁЛЛЬ,"ГЁЛЛЬ, ДР.",none,,,,,speaker,ДР. ГЁЛЛЬ,portfolio:1845,1,1,non-latin key — resolve via WPML pairing to EN sibling,accept,mk
walter-jones-video-address,Walter Jones Video Address,,,,,,,,"Address, Walter Jones Video",none,"Immediately following the playing of the video greetings by Rep. Jones, Bruce Fein, a former U.S. Department of Justice official and a renowned Constitutional l",,,,speaker,Walter Jones Video Address,portfolio:2028,1,0,,merge:walter-jones,mk
john-scales-avery,John Scales Avery,,,,,,,,"Avery, John Scales",none,,,,,speaker,John Scales Avery,portfolio:2118,1,0,,,mk
chas-w-freeman,Chas W. Freeman,,,,,,,,"Freeman, Chas W.",none,,,,,speaker,Chas W. Freeman,portfolio:2131,1,0,possible duplicate of: chas-freeman,merge:chas-freeman,mk
antonino-zichichi,Antonino Zichichi,Prof.,,,,,,,"Zichichi, Antonino",none,,,,,speaker,Prof. Antonino Zichichi,portfolio:2137,1,0,,,mk
alfheidur-ingadottir,Álfheidur Ingadóttir,,“Parliament resolves to entrust the Minister of Economic Affairs with the task of appointing a committee which is to revise the framework of banking services in,,,,,,"Ingadóttir, Álfheidur",harvest:accept,“Parliament resolves to entrust the Minister of Economic Affairs with the task of appointing a committee which is to revise the framework of banking services in,,Álfheidur Ingadóttir is “Parliament resolves to entrust the Minister of Economic Affairs with the task of appointing a committee which.,generated,speaker,Álfheidur Ingadóttir,portfolio:2143,1,0,,,mk
interview,Interview,,"KAV: Good morning Maître Hélène Féron-Poloni, thanks for receiving us. You are an associate lawyer of the Paris Law office Lecoq Vallon & Associates in char",,,,,,Interview,harvest:review,"KAV: Good morning Maître Hélène Féron-Poloni, thanks for receiving us. You are an associate lawyer of the Paris Law office Lecoq Vallon &amp; Associates in char",,,,speaker,Interview,portfolio:2168,1,0,,drop,mk
us-abgeordneter-jones,US-Abgeordneter Jones,,"Unmittelbar nachdem diese Videobotschaft vorgespielt worden war, meldete sich Bruce Fein, ein ehemaliger hoher Beamter des Justizministeriums und bekannter Völk",,,,,,"Jones, US-Abgeordneter",harvest:review,"Unmittelbar nachdem diese Videobotschaft vorgespielt worden war, meldete sich Bruce Fein, ein ehemaliger hoher Beamter des Justizministeriums und bekannter Völk",,,,speaker,US-Abgeordneter Jones,portfolio:2187,1,0,,merge:walter-jones,mk
mark-shelley-md,Mark Shelley,Dr.,,,,,,,"Shelley, Mark",none,,,,,speaker,"Dr. Mark Shelley, MD",portfolio:2214,1,0,,,mk
cliff-kiracofe,Cliff Kiracofe,,"REMARKS, SCHILLER FOUNDATION CONFERENCE RIVERSIDE CHURCH, NEW YORK CITY, 26 JANUARY 2013",,,,,,"Kiracofe, Cliff",harvest:accept,"REMARKS, SCHILLER FOUNDATION CONFERENCE RIVERSIDE CHURCH, NEW YORK CITY, 26 JANUARY 2013",,,,speaker,Cliff Kiracofe,portfolio:2224,1,0,possible duplicate of: clifford-kiracofe,merge:clifford-kiracofe,mk
lynn-yen,Lynn Yen,,von der Stiftung für die Erneuerung der Klassischen Kultur berichtete bei der New Yorker Konferenz des Schiller-Instituts über die Arbeit der Stiftung.,,,,,,"Yen, Lynn",harvest:accept,Lynn Yen von der Stiftung für die Erneuerung der Klassischen Kultur berichtete bei der New Yorker Konferenz des Schiller-Instituts über die Arbeit der Stiftung.,,Lynn Yen is with von der Stiftung für die Erneuerung der Klassischen Kultur berichtete bei der New Yorker Konferenz des Schille. Lynn Yen spoke at 4 Schiller Institute conferences between 2013 and 2017.,generated,speaker,Lynn Yen,portfolio:2348,1,0,,,mk
representative-walter-jones,Walter Jones,Rep.,,,,,,,"Jones, Walter",none,,,,,speaker,Representative Walter Jones,portfolio:2680,1,0,possible duplicate of: representante-walter-jones,merge:walter-jones,mk
roundtable,Roundtable,,,,,,,,Roundtable,none,With,,,,speaker,Roundtable,portfolio:3041,1,0,,drop,mk
ben-densiton,Ben Densiton,,,,,,,,"Densiton, Ben",none,,,,,speaker,Ben Densiton,portfolio:3163,1,0,,,mk
helga-zepp-larouche-introduccion,Helga Zepp-LaRouche,,,,,,,,"Zepp-LaRouche, Helga",none,,,,,speaker,Helga Zepp-LaRouche – Introducción,portfolio:3178,1,0,,merge:helga-zepp-larouche,mk
saludos-de-daisuke-kotegawa,Saludos de Daisuke Kotegawa,,,,,,,,"Kotegawa, Saludos de Daisuke",none,,,,,speaker,Saludos de Daisuke Kotegawa,portfolio:3216,1,0,,merge:daisuke-kotegawa,mk
representante-walter-jones,Representante Walter Jones,,,,,,,,"Jones, Representante Walter",none,,,,,speaker,Representante Walter Jones,portfolio:3219,1,0,possible duplicate of: representative-walter-jones,merge:walter-jones,mk
александр-нагорныи,АЛЕКСАНДР НАГОРНЫЙ,,,,,,,АЛЕКСАНДР НАГОРНЫЙ,"НАГОРНЫЙ, АЛЕКСАНДР",none,,,,,speaker,АЛЕКСАНДР НАГОРНЫЙ,portfolio:3240,1,1,"non-latin key — resolve via WPML pairing to EN sibling; Cyrillic transliteration of the same person, merged during File 3 review",merge:alexander-nagorny,mk
кирилл-бенедиктов,КИРИЛЛ БЕНЕДИКТОВ,,,,,,,КИРИЛЛ БЕНЕДИКТОВ,"БЕНЕДИКТОВ, КИРИЛЛ",none,,,,,speaker,КИРИЛЛ БЕНЕДИКТОВ,portfolio:3254,1,1,"non-latin key — resolve via WPML pairing to EN sibling; Cyrillic transliteration of the same person, merged during File 3 review",merge:kirill-benediktov,mk
даиан-сэир,Дайан Сэйр (США),,,,,,,Дайан Сэйр (США),"(США), Дайан Сэйр",none,,,,,speaker,Дайан Сэйр (США),portfolio:3265,1,1,"non-latin key — resolve via WPML pairing to EN sibling; Cyrillic transliteration of the same person, merged during File 3 review",merge:diane-sare,mk
михаил-делягин,Михаил Делягин,,,,,,,Михаил Делягин,"Делягин, Михаил",none,,,,,speaker,Михаил Делягин,portfolio:3267,1,1,"non-latin key — resolve via WPML pairing to EN sibling; Cyrillic transliteration of the same person, merged during File 3 review",merge:mikhail-delyagin,mk
куи-цзянгон,Куй Цзянгон (Китай),,,,,,,Куй Цзянгон (Китай),"(Китай), Куй Цзянгон",none,,,,,speaker,Куй Цзянгон (Китай),portfolio:3269,1,1,non-latin key — resolve via WPML pairing to EN sibling,accept,mk
даисуке-котегава,Дайсуке Котегава (Япония),,,,,,,Дайсуке Котегава (Япония),"(Япония), Дайсуке Котегава",none,,,,,speaker,Дайсуке Котегава (Япония),portfolio:3271,1,1,"non-latin key — resolve via WPML pairing to EN sibling; Cyrillic transliteration of the same person, merged during File 3 review",merge:daisuke-kotegawa,mk
брюс-феин,Брюс Фейн (США),,,,,,,Брюс Фейн (США),"(США), Брюс Фейн",none,,,,,speaker,Брюс Фейн (США),portfolio:3277,1,1,"non-latin key — resolve via WPML pairing to EN sibling; Cyrillic transliteration of the same person, merged during File 3 review",merge:bruce-fein,mk
линдон-ларуш,Линдон Ларуш (США),,,,,,,Линдон Ларуш (США),"(США), Линдон Ларуш",none,,,,,speaker,Линдон Ларуш (США),portfolio:3279,1,1,"non-latin key — resolve via WPML pairing to EN sibling; Cyrillic transliteration of the same person, merged during File 3 review",merge:lyndon-h-larouche-jr,mk
lyndon-h-larouche,Lyndon H. LaRouche,,,,,,,,"LaRouche, Lyndon H.",none,,,,,speaker,Lyndon H. LaRouche,portfolio:3299,1,0,possible duplicate of: lyndon-larouche,merge:lyndon-h-larouche-jr,mk
kyrill-benediktow,Kyrill Benediktow,,ist Autor und Mitglied der Redaktionsleitung der Internetseite „Terra America“. Für die Konferenz des Schiller-Instituts am 13.-14. verfaßte e,United States,,,,,"Benediktow, Kyrill",harvest:accept,Kyrill Benediktow ist Autor und Mitglied der Redaktionsleitung der Internetseite „Terra America“. Für die Konferenz des Schiller-Instituts am 13.-14. verfaßte e,,,,speaker,Kyrill Benediktow,portfolio:3327,1,0,,merge:kirill-benediktov,mk
natalia-witrenko,Natalia Witrenko,,,,,,,,"Witrenko, Natalia",none,,,,,speaker,Natalia Witrenko,portfolio:3364,1,0,possible duplicate of: natalja-witrenko,merge:natalia-vitrenko,mk
джеисон-росс,Джейсон Росс,,,,,,,Джейсон Росс,"Росс, Джейсон",none,,,,,speaker,Джейсон Росс,portfolio:3379,1,1,"non-latin key — resolve via WPML pairing to EN sibling; Cyrillic transliteration of the same person, merged during File 3 review",merge:jason-ross,mk
андреи-фурсов,Андрей Фурсов,,,,,,,Андрей Фурсов,"Фурсов, Андрей",none,,,,,speaker,Андрей Фурсов,portfolio:3410,1,1,non-latin key — resolve via WPML pairing to EN sibling,accept,mk
крэиг-ишервуд,Крэйг Ишервуд,,,,,,,Крэйг Ишервуд,"Ишервуд, Крэйг",none,,,,,speaker,Крэйг Ишервуд,portfolio:3417,1,1,"non-latin key — resolve via WPML pairing to EN sibling; Cyrillic transliteration of the same person, merged during File 3 review",merge:craig-isherwood,mk
теодор-кацаневас,Теодор Кацаневас,,,,,,,Теодор Кацаневас,"Кацаневас, Теодор",none,,,,,speaker,Теодор Кацаневас,portfolio:3419,1,1,"non-latin key — resolve via WPML pairing to EN sibling; Cyrillic transliteration of the same person, merged during File 3 review",merge:theodore-katsanevas,mk
нино-галлони,Нино Галлони,,,,,,,Нино Галлони,"Галлони, Нино",none,,,,,speaker,Нино Галлони,portfolio:3421,1,1,"non-latin key — resolve via WPML pairing to EN sibling; Cyrillic transliteration of the same person, merged during File 3 review",merge:antonino-galloni,mk
проф-энри-сафа,Проф. Энри Сафа,,,,,,,Проф. Энри Сафа,"Сафа, Проф. Энри",none,,,,,speaker,Проф. Энри Сафа,portfolio:3423,1,1,"non-latin key — resolve via WPML pairing to EN sibling; Cyrillic transliteration of the same person, merged during File 3 review",merge:henri-safa,mk
проф-эдуардо-греавес,Проф. Эдуардо Греавес,,,,,,,Проф. Эдуардо Греавес,"Греавес, Проф. Эдуардо",none,,,,,speaker,Проф. Эдуардо Греавес,portfolio:3425,1,1,"non-latin key — resolve via WPML pairing to EN sibling; Cyrillic transliteration of the same person, merged during File 3 review",merge:eduardo-greaves,mk
др-урбан-клеве,Др. Урбан Клеве (Германия),,,,,,,Др. Урбан Клеве (Германия),"(Германия), Др. Урбан Клеве",none,,,,,speaker,Др. Урбан Клеве (Германия),portfolio:3428,1,1,"non-latin key — resolve via WPML pairing to EN sibling; Cyrillic transliteration of the same person, merged during File 3 review",merge:urban-cleve,mk
kirill-benediktov,Kirill Benediktov,,,,,,,,"Benediktov, Kirill",none,,,"Kirill Benediktov spoke at the Schiller Institute conference ""Attaining Freedom through Necessity - The Last Chance for Humanity"" in April 2013.",generated,speaker,Kirill Benediktov,portfolio:3446,1,0,,,mk
michail-deljagin,Michail Deljagin,,,,,,,,"Deljagin, Michail",none,,,,,speaker,Michail Deljagin,portfolio:3584,1,0,,,mk
dr-ing-urban-cleve,Dr.-Ing. Urban Cleve,,,,,,,,"Cleve, Dr.-Ing. Urban",none,,,,,speaker,Dr.-Ing. Urban Cleve,portfolio:3611,1,0,,merge:urban-cleve,mk
das-zukunftige-paradigma,Das zukünftige Paradigma,,,,,,,,"Paradigma, Das zukünftige",none,Podiumsdiskussion mit,,,,speaker,Das zukünftige Paradigma,portfolio:3620,1,0,,drop,mk
andrej-fursow,Andrej Fursow,,,,,,,,"Fursow, Andrej",none,,,,,speaker,Andrej Fursow,portfolio:3621,1,0,,,mk
robert-hux,Robert Hux,Dr.,,,,,,,"Hux, Robert",none,,,,,speaker,Dr. Robert Hux,portfolio:3660,1,0,,,mk
marcia-merry-baker,Marcia Merry Baker,,"Co-Editor, Executive Intelligence Review, “The World Famine and the Need to Double Agricultural Production”",,,,,,"Baker, Marcia Merry",agenda:accept,"Co-Editor, Executive Intelligence Review, “The World Famine and the Need to Double Agricultural Production”",,"Marcia Merry Baker is Co-Editor, Executive Intelligence Review, “The World Famine and the Need to Double Agricultural Production”. Marcia Merry Baker spoke at the Schiller Institute conference ""WORLD AT A CROSSROAD: Two Months into the New Administration"" in March 2021.",generated,speaker,Marcia Merry Baker,portfolio:3686,1,0,,,mk
frank-endres,Frank Endres,,,,,,,,"Endres, Frank",none,,,,,speaker,Frank Endres,portfolio:3692,1,0,,,mk
victor-chang,Victor Chang,,,,,,,,"Chang, Victor",none,,,,,speaker,Victor Chang,portfolio:3709,1,0,,,mk
megan-beets,Megan Beets,,,,,,,,"Beets, Megan",none,,,Megan Beets spoke at 3 Schiller Institute conferences between 2013 and 2019.,generated,speaker,Megan Beets,portfolio:3743,1,0,,,mk
phil-rubinstein,Phil Rubinstein,,,,,,,,"Rubinstein, Phil",none,,,,,speaker,Phil Rubinstein,portfolio:3746,1,0,,,mk
megan-beets-biogeochemical-effect-of-culture,Megan Beets · Biogeochemical Effect of Culture,,,,,,,,"Culture, Megan Beets · Biogeochemical Effect of",none,,,,,speaker,Megan Beets · Biogeochemical Effect of Culture,portfolio:3864,1,0,,merge:megan-beets,mk
leni-rubinstein,Leni Rubinstein,,,,,,,,"Rubinstein, Leni",none,,,"Leni Rubinstein spoke at the Schiller Institute conference ""The Second American Revolution - Developing the Pacific and Ending the Grip of Empire"" in November 2013.",generated,speaker,Leni Rubinstein,portfolio:3887,1,0,,,mk
howard-chang,Howard Chang,Dr.,,,,,,,"Chang, Howard",none,,,Howard Chang spoke at 3 Schiller Institute conferences between 2013 and 2017.,generated,speaker,Dr. Howard Chang,portfolio:3898,1,0,,,mk
ramtanu-maitra,Ramtanu Maitra,,,,,,,,"Maitra, Ramtanu",none,,,"Ramtanu Maitra spoke at the Schiller Institute conference ""The Second American Revolution - Developing the Pacific and Ending the Grip of Empire"" in November 2013.",generated,speaker,Ramtanu Maitra,portfolio:3913,1,0,,,mk
ramsey-clark,Ramsey Clark,,,,,,,,"Clark, Ramsey",none,,,"Ramsey Clark spoke at the Schiller Institute conference ""9/11 Memorial Conference"" in September 2016.",generated,speaker,Ramsey Clark,portfolio:4852,1,0,,,mk
wayne-madsen,Wayne Madsen,,,,,,,,"Madsen, Wayne",none,,,,,speaker,Wayne Madsen,portfolio:4874,1,0,,,mk
eric-larsen,Eric Larsen,,,,,,,,"Larsen, Eric",none,,,,,speaker,Eric Larsen,portfolio:4885,1,0,,,mk
terry-strada,Terry Strada,,,,,,,,"Strada, Terry",none,,,,,speaker,Terry Strada,portfolio:4918,1,0,,,mk
neil-gallagher,Neil Gallagher,Rep.,,,,,,,"Gallagher, Neil",none,,,,,speaker,Rep. Neil Gallagher,portfolio:4929,1,0,,,mk
kesha-rogers,Kesha Rogers,,,,,,,,"Rogers, Kesha",none,,,Kesha Rogers spoke at 2 Schiller Institute conferences between 2016 and 2019.,generated,speaker,Kesha Rogers,portfolio:4940,1,0,,,mk
anthony-morss,Anthony Morss,,,,,,,,"Morss, Anthony",none,,,,,speaker,Anthony Morss,portfolio:4951,1,0,,,mk
andrea-boland,Andrea Boland,Rep.,,,,,,,"Boland, Andrea",none,,,Andrea Boland spoke at a Schiller Institute conference in December 2014.,generated,speaker,Rep. Andrea Boland,portfolio:4962,1,0,,,mk
nomi-prins,Nomi Prins,,,,,,,,"Prins, Nomi",none,,,,,speaker,Nomi Prins,portfolio:4973,1,0,,,mk
bao-shixiu,Bao Shixiu,Col.,,,,,,,"Shixiu, Bao",none,,,,,speaker,Col. Bao Shixiu,portfolio:5076,1,0,,,mk
helga-zepp-larouche-in-china,Helga Zepp-LaRouche in China,,,,,,,,"China, Helga Zepp-LaRouche in",none,China Investment,,,,speaker,Helga Zepp-LaRouche in China,portfolio:19508,1,0,,merge:helga-zepp-larouche,mk
rede-in-beijing,Rede in Beijing,,,,,,,,"Beijing, Rede in",none,"Die folgende Rede hielt die Präsidentin des Schiller-Instituts auf der Konferenz „Ein Gürtel, eine Straße“ am 5. September 2014 in Beijing.",,,,speaker,Rede in Beijing,portfolio:19617,1,0,,drop,mk
resolution,Resolution,,,,,,,,Resolution,none,"Die mehr als 300 Teilnehmer der internationalen Konferenz „Die Neue Seidenstraße und Chinas Weltraumprogramm: Die Menschheit ist die einzige kreative Gattung!“,",,,,speaker,Resolution,portfolio:19680,1,0,,drop,mk
ass-prof-milena-nikolic-dragan-duncic,"Ass. Prof. Milena Nikolic, Dragan Duncic",,"Higher Education Institute for Applied Studies, Belgrade",Serbia,,,,,"Duncic, Ass. Prof. Milena Nikolic, Dragan",harvest:accept,"Higher Education Institute for Applied Studies, Belgrade, Serbia",,,,speaker,"Ass. Prof. Milena Nikolic, Dragan Duncic",portfolio:20084,1,0,"TWO co-presenters comma-joined (Milena Nikolić, Ass.Prof., Higher Ed. Inst. for Applied Studies Belgrade; Dragan Dunčić). EN edition portfolio:20084. Same pair as row 216 (DE, portfolio:23005) where surname is spelled ""Dincic"". Neither has a person row. Needs machine-side comma-split + EN/DE de-dup + Dunčić/Dinčić spelling reconcile → two person records linked to both editions.",drop,mk
h-zepp-larouche,H. Zepp-LaRouche,,Gründerin des Schiller Institutes,,,,,,"Zepp-LaRouche, H.",harvest:review,Gründerin des Schiller Institutes,,,,speaker,H. Zepp-LaRouche,portfolio:21419,1,0,possible duplicate of: helga-zepp-larouche,merge:helga-zepp-larouche,mk
natalja-witrenko,Natalja Witrenko,,"Wirtschaftswissenschaftlerin & Vorsitzende der Progressiven Sozialistischen Partei der Ukraine, Kiew",Ukraine,,,,,"Witrenko, Natalja",harvest:accept,"Wirtschaftswissenschaftlerin &amp; Vorsitzende der Progressiven Sozialistischen Partei der Ukraine, Kiew, Ukraine.",,,,speaker,Natalja Witrenko,portfolio:21587,1,0,possible duplicate of: natalia-witrenko,merge:natalia-vitrenko,mk
wangsou-wu,Wangsou Wu,Prof.,"Dean of the School of Nuclear Science and Technology, Lanzhou University",China,,,,,"Wu, Wangsou",harvest:accept,"Dean of the School of Nuclear Science and Technology, Lanzhou University, China",,,,speaker,Prof. Wangsou Wu,portfolio:21601,1,0,possible duplicate of: wangsuo-wu,merge:wangsuo-wu,mk
fatemeh-haschemi-rafsandschani,Fatemeh Haschemi Rafsandschani,Dr.,Generalsekretärin der Women’s Solidarity Association (Solidaritätsverband der Frauen in Iran) in Teheran.,,,,,,"Rafsandschani, Fatemeh Haschemi",harvest:accept,Generalsekretärin der Women’s Solidarity Association (Solidaritätsverband der Frauen in Iran) in Teheran.,,Dr. Fatemeh Haschemi Rafsandschani is with Generalsekretärin der Women’s Solidarity Association (Solidaritätsverband der Frauen in Iran) in Teheran.,generated,speaker,Dr. Fatemeh Haschemi Rafsandschani,portfolio:21726,1,0,,,mk
д-р-фатимa-хашеми,Д-р Фатимa Хашеми,,"президент Ассоциации солидарности женщин Ирана, Тегеран, Исламская республика Иран",,,,,Д-р Фатимa Хашеми,"Хашеми, Д-р Фатимa",harvest:review,"президент Ассоциации солидарности женщин Ирана, Тегеран, Исламская республика Иран",,"Д-р Фатимa Хашеми is with президент Ассоциации солидарности женщин Ирана, Тегеран, Исламская республика Иран.",generated,speaker,Д-р Фатимa Хашеми,portfolio:22559,1,1,non-latin key — resolve via WPML pairing to EN sibling,accept,mk
джеишри-сенгупта,Джейшри Сенгупта,,,,,,,Джейшри Сенгупта,"Сенгупта, Джейшри",none,Джейшри Сенгупта,,,,speaker,Джейшри Сенгупта,portfolio:22566,1,1,"non-latin key — resolve via WPML pairing to EN sibling; Cyrillic transliteration of the same person, merged during File 3 review",merge:jayshree-sengupta,mk
д-р-натaлия-витренко,Д-р Натaлия Витренко,,"экономист, председатель Прогрессивной социалистической партии Украины, Киев",,,,,Д-р Натaлия Витренко,"Витренко, Д-р Натaлия",harvest:review,"экономист, председатель Прогрессивной социалистической партии Украины, Киев",,,,speaker,Д-р Натaлия Витренко,portfolio:22571,1,1,"non-latin key — resolve via WPML pairing to EN sibling; Cyrillic transliteration of the same person, merged during File 3 review",merge:natalia-vitrenko,mk
али-растбеен,Али Растбеен,,"основатель и президент Парижской академии геополитики, Париж, Франция",,,,,Али Растбеен,"Растбеен, Али",agenda:review,"основатель и президент Парижской академии геополитики, Париж, Франция",,,,speaker,Али Растбеен,portfolio:22574,1,1,"non-latin key — resolve via WPML pairing to EN sibling; Cyrillic transliteration of the same person, merged during File 3 review",merge:ali-rastbeen,mk
антонио-галлони,Антонио Галлони,,"экономист, законодательно назначаемый аудитор Национального института социального обеспечения, Рим, Италия",,,,,Антонио Галлони,"Галлони, Антонио",harvest:review,"экономист, законодательно назначаемый аудитор Национального института социального обеспечения, Рим, Италия",,"Антонио Галлони is with экономист, законодательно назначаемый аудитор Национального института социального обеспечения, Рим, Италия.",generated,speaker,Антонио Галлони,portfolio:22582,1,1,non-latin key — resolve via WPML pairing to EN sibling,accept,mk
пэи-хуа-чэнь-бо,Пэй Хуа & Чэнь Бо,,директор научно-исследовательского отделения Китайского фонда Сун Цинлин,,,,,Пэй Хуа & Чэнь Бо,"Бо, Пэй Хуа & Чэнь",harvest:review,директор научно-исследовательского отделения Китайского фонда Сун Цинлин,,,,speaker,Пэй Хуа & Чэнь Бо,portfolio:22589,1,1,non-latin key — resolve via WPML pairing to EN sibling; two people in one string; the Latin twin pei-hua-chen-bo is dropped for the same reason,drop,mk
дежэн-сенни,Дёжэн Сенни,,"Представители Ассоциации панафриканская лига ""Умоджа"", Панафриканская лига, Париж, Франция",,,,,Дёжэн Сенни,"Сенни, Дёжэн",harvest:review,"Представители Ассоциации панафриканская лига ""Умоджа"", Панафриканская лига, Париж, Франция",,,,speaker,Дёжэн Сенни,portfolio:22592,1,1,"non-latin key — resolve via WPML pairing to EN sibling; Cyrillic transliteration of the same person, merged during File 3 review",merge:diogene-senny,mk
alain-corvez-oberst-a-d,"Alain Corvez, Oberst",,"ehemaliger Berater des Kommandierenden Generals von UNIFIL, Paris",France,,,,,"Oberst, Alain Corvez,",harvest:accept,"ehemaliger Berater des Kommandierenden Generals von UNIFIL, Paris, Frankreich",,,,speaker,"Alain Corvez, Oberst a.D.",portfolio:22631,1,0,,merge:alain-corvez,mk
zepp-larouche-frankfurter-resolution,Zepp-LaRouche - Frankfurter Resolution,,Frankfurter Resolution : Wachsen wir hinein in das Erwachsenenalter der Menschheit !,,,,,,"Resolution, Zepp-LaRouche - Frankfurter",harvest:review,Frankfurter Resolution : Wachsen wir hinein in das Erwachsenenalter der Menschheit !,,,,speaker,Zepp-LaRouche - Frankfurter Resolution,portfolio:22672,1,0,possible duplicate of: zepp-larouche-resolution,merge:helga-zepp-larouche,mk
хелга-цепп-ларуш,Хелга Цепп-ЛаРуш,,,,,,,Хелга Цепп-ЛаРуш,"Цепп-ЛаРуш, Хелга",none,,,,,speaker,Хелга Цепп-ЛаРуш,portfolio:22673,1,1,"possible duplicate of: хельга-цепп-ларуш; non-latin key — resolve via WPML pairing to EN sibling; Cyrillic transliteration of the same person, merged during File 3 review",merge:helga-zepp-larouche,mk
роберт-баруик,Роберт Баруик,,"Совет граждан-избирателей, Австралия",,,,,Роберт Баруик,"Баруик, Роберт",harvest:review,"Совет граждан-избирателей, Австралия",,,,speaker,Роберт Баруик,portfolio:22687,1,1,"non-latin key — resolve via WPML pairing to EN sibling; Cyrillic transliteration of the same person, merged during File 3 review",merge:robert-barwick,mk
реи-макговерн,Рей Макговерн,,"организация “Ветераны-профессионалы разведки за здравый смысл”, США",,,,,Рей Макговерн,"Макговерн, Рей",agenda:review,"организация “Ветераны-профессионалы разведки за здравый смысл”, США",,,,speaker,Рей Макговерн,portfolio:22859,1,1,"non-latin key — resolve via WPML pairing to EN sibling; Cyrillic transliteration of the same person, merged during File 3 review",merge:raymond-mcgovern,mk
панос-камменос,Панос Камменос,,"председатель Партии независимых греков, член парламента Греции, Афины, Греция",,,,,Панос Камменос,"Камменос, Панос",agenda:review,"председатель Партии независимых греков, член парламента Греции, Афины, Греция",,,,speaker,Панос Камменос,portfolio:22865,1,1,"non-latin key — resolve via WPML pairing to EN sibling; Cyrillic transliteration of the same person, merged during File 3 review",merge:panos-kammenos,mk
проф-эндзо-сивьеро,Проф. Эндзо Сивьеро,,"член Итальянского национального совета университетов, Венеция, Италия",,,,,Проф. Эндзо Сивьеро,"Сивьеро, Проф. Эндзо",agenda:review,"член Итальянского национального совета университетов, Венеция, Италия",,,,speaker,Проф. Эндзо Сивьеро,portfolio:22875,1,1,"non-latin key — resolve via WPML pairing to EN sibling; Cyrillic transliteration of the same person, merged during File 3 review",merge:enzo-siviero,mk
professeur-dr-dieter-ameling,Professeur Dr. Dieter Ameling,,,,,,,,"Ameling, Professeur Dr. Dieter",none,,,,,speaker,Professeur Dr. Dieter Ameling,portfolio:22879,1,0,,merge:dieter-ameling,mk
проф-д-р-дитер-амелинг,Проф. д-р Дитер Амелинг,,"президент Германской федерации производителей стали (до 2008 г.), Эссен, Германия",,,,,Проф. д-р Дитер Амелинг,"Амелинг, Проф. д-р Дитер",agenda:review,"президент Германской федерации производителей стали (до 2008 г.), Эссен, Германия",,,,speaker,Проф. д-р Дитер Амелинг,portfolio:22880,1,1,"non-latin key — resolve via WPML pairing to EN sibling; Cyrillic transliteration of the same person, merged during File 3 review",merge:dieter-ameling,mk
проф-д-р-у-вансо,Проф. д-р У Вансо,,"декан факультета ядерной науки и техники, Университет Ланьчжоу, Китай",,,,,Проф. д-р У Вансо,"Вансо, Проф. д-р У",agenda:review,"декан факультета ядерной науки и техники, Университет Ланьчжоу, Китай",,"Проф. д-р У Вансо is with декан факультета ядерной науки и техники, Университет Ланьчжоу, Китай. Проф. д-р У Вансо spoke at the Schiller Institute conference ""30th Anniversary of Schiller Institute - The New Silk Road and China's Lunar Program"" in October 2014.",generated,speaker,Проф. д-р У Вансо,portfolio:22891,1,1,non-latin key — resolve via WPML pairing to EN sibling,accept,mk
тони-кестнер,Тони Кестнер,,"председатель Фонда термоядерной энергетики, Эссен, Германия",,,,,Тони Кестнер,"Кестнер, Тони",harvest:review,"председатель Фонда термоядерной энергетики, Эссен, Германия",,"Тони Кестнер is with председатель Фонда термоядерной энергетики, Эссен, Германия.",generated,speaker,Тони Кестнер,portfolio:22933,1,1,non-latin key — resolve via WPML pairing to EN sibling,accept,mk
le-professeur-shi-ze,Le professeur Shi Ze,,"chercheur et directeur des études stratégiques internationales sur les questions énergétiques àl’Institut chinois d’études internationales (CIIS), un think-tank",,,,,,"Ze, Le professeur Shi",harvest:accept,"chercheur et directeur des études stratégiques internationales sur les questions énergétiques àl’Institut chinois d’études internationales (CIIS), un think-tank",,,,speaker,Le professeur Shi Ze,portfolio:22978,1,0,,merge:shi-ze,mk
milena-nikolic-dragan-dincic,"Milena Nikolic, Dragan Dincic",Prof.,Dozentin an der Fachhochschule Belgrad,,,,,,"Dincic, Milena Nikolic, Dragan",harvest:review,Dozentin an der Fachhochschule Belgrad,,,,speaker,"Prof. Milena Nikolic, Dragan Dincic",portfolio:23005,1,0,"duplicate of row 192 (DE edition, portfolio:23005). Same two co-presenters. See row 192 note. Surname here ""Dincic"" vs ""Duncic"" in 192 — reconcile machine-side.",drop,mk
д-р-вольфганг-лилльге,Д-р Вольфганг Лилльге,,"главный редактор журнала “Фузион”, Берлин, Германия",,,,,Д-р Вольфганг Лилльге,"Лилльге, Д-р Вольфганг",agenda:review,"главный редактор журнала “Фузион”, Берлин, Германия",,,,speaker,Д-р Вольфганг Лилльге,portfolio:23217,1,1,"non-latin key — resolve via WPML pairing to EN sibling; Cyrillic transliteration of the same person, merged during File 3 review",merge:wolfgang-lillge,mk
алена-петрова,Алёна Петрова,,"Директор компании «Арт Ассамблее», Баден-Баден, Германия",,,,,Алёна Петрова,"Петрова, Алёна",harvest:review,"Директор компании «Арт Ассамблее», Баден-Баден, Германия",,,,speaker,Алёна Петрова,portfolio:23222,1,1,"non-latin key — resolve via WPML pairing to EN sibling; Cyrillic transliteration of the same person, merged during File 3 review",merge:alena-petrova,mk
драган-дунчич-доцент-милена-николич,"Драган Дунчич, Доцент Милена Николич",,"Республиканское управление территориального планирования, Белград, Сербия",,,,,"Драган Дунчич, Доцент Милена Николич","Николич, Драган Дунчич, Доцент Милена",harvest:review,"Республиканское управление территориального планирования, Белград, Сербия",,,,speaker,"Драган Дунчич, Доцент Милена Николич",portfolio:23234,1,1,non-latin key — resolve via WPML pairing to EN sibling; two people in one string; both Latin twins are dropped for the same reason,drop,mk
press-release,Press Release,,,,,,,,"Release, Press",none,Press Release:,,,,speaker,Press Release,portfolio:23402,1,0,,drop,mk
presseerklarung,Presseerklärung,,,,,,,,Presseerklärung,none,,,,,speaker,Presseerklärung,portfolio:23447,1,0,,drop,mk
ranjani-saigal-the-culture-of-india,Ranjani Saigal - The Culture of India,,Executive Director of the Ekal Vidyalaya Foundation of U.S.A. - Presentation on the history and culture of India.,India,,,,,"India, Ranjani Saigal - The Culture of",harvest:accept,Executive Director of the Ekal Vidyalaya Foundation of U.S.A. - Presentation on the history and culture of India.,,,,speaker,Ranjani Saigal - The Culture of India,portfolio:23717,1,0,,merge:ranjani-saigal,mk
cloret-carl-ferguson-on-friedrich-schiller,Cloret Carl Ferguson on Friedrich Schiller,,Cloret Carl Ferguson on Friedrich Schiller,,,,,,"Schiller, Cloret Carl Ferguson on Friedrich",harvest:review,Cloret Carl Ferguson on Friedrich Schiller,,Cloret Carl Ferguson on Friedrich Schiller is with Cloret Carl Ferguson on Friedrich Schiller. Cloret Carl Ferguson on Friedrich Schiller spoke at a Schiller Institute conference in December 2014.,generated,speaker,Cloret Carl Ferguson on Friedrich Schiller,portfolio:23843,1,0,,,mk
ali-ahani,Ali Ahani,H.E.,,,,,,,"Ahani, Ali",none,,,,,speaker,H.E. Ali Ahani,portfolio:30228,1,0,,,mk
safieeldin-mohamed-metwally-rebuilding-egypt,Safieeldin Mohamed Metwally - Rebuilding Egypt,Prof.,,,,,,,"Egypt, Safieeldin Mohamed Metwally - Rebuilding",none,,,,,speaker,Prof. Safieeldin Mohamed Metwally - Rebuilding Egypt,portfolio:30340,1,0,,merge:safieeldin-mohamed-metwally,mk
safieeldin-mohamed-metwally,Safieeldin Mohamed Metwally,Prof.,,,,,,,"Metwally, Safieeldin Mohamed",none,,,,,speaker,Prof. Safieeldin Mohamed Metwally,portfolio:30365,1,0,,,mk
congressman-walter-jones,Walter Jones,Rep.,,,,,,,"Jones, Walter",none,,,,,speaker,Congressman Walter Jones,portfolio:30645,1,0,,merge:walter-jones,mk
concluding-addresses,Concluding Addresses,,"President of Solidarité & Progrès, Paris.",,,,,,"Addresses, Concluding",harvest:accept,"President of Solidarité &amp; Progrès, Paris.",,,,speaker,Concluding Addresses,portfolio:30886,1,0,,drop,mk
abschlußrede,Abschlußrede,,"Präsident Solidarité & Progrès, Paris/Frankreich",France,,,,,Abschlußrede,harvest:accept,"Präsident Solidarité &amp; Progrès, Paris/Frankreich",,,,speaker,Abschlußrede,portfolio:30887,1,1,non-latin key — resolve via WPML pairing to EN sibling,drop,mk
石泽博士,石泽博士,,,,,,,石泽博士,石泽博士,none,,,,,speaker,石泽博士,portfolio:31270,1,1,non-latin key — resolve via WPML pairing to EN sibling,merge:shi-ze,mk
maelle-mercier,Maëlle Mercier,,,,,,,,"Mercier, Maëlle",none,,,"Maëlle Mercier spoke at the Schiller Institute conference ""Conférence de Paris"" in June 2015.",generated,speaker,Maëlle Mercier,portfolio:31311,1,0,,,mk
mohqmed-metwally-博士,Mohqmed Metwally 博士,,,,,,,Mohqmed Metwally 博士,Mohqmed Metwally 博士,none,,,,,speaker,Mohqmed Metwally 博士,portfolio:31350,1,1,non-latin key — resolve via WPML pairing to EN sibling,accept,mk
s-e-m-ali-ahani,S.E.M. Ali Ahani,,,,,,,,"Ahani, S.E.M. Ali",none,,,,,speaker,S.E.M. Ali Ahani,portfolio:31558,1,0,,merge:ali-ahani,mk
alain-corvez-上校,Alain Corvez 上校,,,,,,,Alain Corvez 上校,Alain Corvez 上校,none,,,,,speaker,Alain Corvez 上校,portfolio:31637,1,1,non-latin key — resolve via WPML pairing to EN sibling,merge:alain-corvez,mk
bouthaina-shaaban,Bouthaina Shaaban,Her Excellency Dr.,Political and Media Advisor to the Syrian Presidency,,,,,,"Shaaban, Bouthaina",agenda:accept,"One of the major problems we face in our country, is that today, Western countries approach our countries with the feeling of exceptionalism or a feeling of rig",,Her Excellency Dr. Bouthaina Shaaban is with Political and Media Advisor to the Syrian Presidency. Bouthaina Shaaban spoke at 2 Schiller Institute conferences between 2016 and 2021.,generated,speaker,Her Excellency Dr. Bouthaina Shaaban,portfolio:34244,1,0,,,mk
aleppo,Aleppo,,"Throughout history, Aleppo has witnessed many moments of greatness as well as decline and turmoil, but it always arose again like the bird of the Phoenix. The p",,,,,,Aleppo,harvest:review,"Throughout history, Aleppo has witnessed many moments of greatness as well as decline and turmoil, but it always arose again like the bird of the Phoenix. The p",,,,speaker,Aleppo,portfolio:34296,1,0,,drop,mk
otl-a-d-ulrich-scholz,OTL a.D. Ulrich Scholz,,"Ich werde drei Metaphern verwenden, und ich werde Sie drei Fragen lehren, die man stellen muß, um zu dem Schluß zu kommen, daß der Krieg kein Mittel der Politik",,,,,,"Scholz, OTL a.D. Ulrich",harvest:review,"Ich werde drei Metaphern verwenden, und ich werde Sie drei Fragen lehren, die man stellen muß, um zu dem Schluß zu kommen, daß der Krieg kein Mittel der Politik",,,,speaker,OTL a.D. Ulrich Scholz,portfolio:34904,1,0,,merge:ulrich-scholz,mk
das-phonix-projekt,Das Phönix-Projekt,,"In der Geschichte erlebte die Stadt Aleppo immer wieder Momente der Größe, aber auch des Niedergangs und Turbulenzen, aber es erhob sich immer wieder wie der Vo",,,,,,Das Phönix-Projekt,harvest:review,"In der Geschichte erlebte die Stadt Aleppo immer wieder Momente der Größe, aber auch des Niedergangs und Turbulenzen, aber es erhob sich immer wieder wie der Vo",,,,speaker,Das Phönix-Projekt,portfolio:35428,1,0,,drop,mk
s-e-bouthaina-shaaban,S. E. Bouthaina Shaaban,,"L’un des problèmes majeurs auquel nous devons faire face aujourd’hui est le fait que les pays occidentaux pensent réellement que le monde leur appartient, qu’il",,,,,,"Shaaban, S. E. Bouthaina",harvest:review,"L’un des problèmes majeurs auquel nous devons faire face aujourd’hui est le fait que les pays occidentaux pensent réellement que le monde leur appartient, qu’il",,,,speaker,S. E. Bouthaina Shaaban,portfolio:35627,1,0,,merge:bouthaina-shaaban,mk
ihre-exzellenz-dr-bouthaina-shaaban,Ihre Exzellenz Dr. Bouthaina Shaaban,,"Eines der großen Probleme, vor dem wir heute in unserem Land stehen, ist, daß die westlichen Länder heute an uns mit einem Gefühl der Besonderheit oder einem Ge",,,,,,"Shaaban, Ihre Exzellenz Dr. Bouthaina",harvest:review,"Eines der großen Probleme, vor dem wir heute in unserem Land stehen, ist, daß die westlichen Länder heute an uns mit einem Gefühl der Besonderheit oder einem Ge",,,,speaker,Ihre Exzellenz Dr. Bouthaina Shaaban,portfolio:36005,1,0,,merge:bouthaina-shaaban,mk
sebastien-drochon,Sébastien Drochon,,,,,,,,"Drochon, Sébastien",none,,,,,speaker,Sébastien Drochon,portfolio:42686,1,0,,,mk
sebastien-perimony,Sébastien Périmony,,,,,,,,"Périmony, Sébastien",none,,,,,speaker,Sébastien Périmony,portfolio:42693,1,0,,,mk
mana-boubakari,Mana Boubakari,,,,,,,,"Boubakari, Mana",none,,,,,speaker,Mana Boubakari,portfolio:42797,1,0,,,mk
paul-bonnenfant,Paul Bonnenfant,,,,,,,,"Bonnenfant, Paul",none,,,,,speaker,Paul Bonnenfant,portfolio:42800,1,0,,,mk
italy-china-alliance-for-transaqua,Italy-China Alliance for Transaqua,,"Franco Persio Bocchetto, Foreign Director for Bonifica S.p.A",Italy,,,,,"Transaqua, Italy-China Alliance for",harvest:accept,"<b>Franco Persio Bocchetto</b>, Foreign Director for Bonifica S.p.A, Italy",,,,speaker,Italy-China Alliance for Transaqua,portfolio:43660,1,0,"field-swap bug — canonical_name is talk title; real speaker ""Franco Persio Bocchetto, Foreign Director for Bonifica S.p.A, Italy"" (portfolio:43660), no person row — recover at presentation stage",drop,mk
egypt-s-2030-mega-projects,Egypt's 2030 Mega Projects,,"Mrs. Moni Abdulla, Executive Manager of Pyramids International, Cairo",,,,,,"Projects, Egypt's 2030 Mega",harvest:accept,"<b>Mrs. Moni Abdulla</b>, Executive Manager of Pyramids International, Cairo",,,,speaker,Egypt's 2030 Mega Projects,portfolio:43685,1,0,"field-swap bug; real speaker ""Mrs. Moni Abdulla, Executive Manager of Pyramids International, Cairo"" (portfolio:43685); a messy variant row ""par Moni Abdullah"" (par-moni-abdullah) also exists",drop,mk
the-economic-method-of-larouche,The Economic Method of LaRouche,,"Jason Ross, Schiller Institute Science Team",,,,,,"LaRouche, The Economic Method of",harvest:accept,"<b>Jason Ross</b>, Schiller Institute Science Team",,,,speaker,The Economic Method of LaRouche,portfolio:44129,1,0,,merge:jason-ross,mk
joycelyn-elders,Joycelyn Elders,Dr.,"former Surgeon General of the United States, “A Global Health Mission for the Youth”",United States,,,,,"Elders, Joycelyn",agenda:accept,„Das Gemeinwohl aller Menschen erfordert ein weltweites modernes Gesundheitssystem,,"Dr. Joycelyn Elders is former Surgeon General of the United States, “A Global Health Mission for the Youth”. Joycelyn Elders spoke at 3 Schiller Institute conferences in 2021.",generated,speaker,Dr. Joycelyn Elders,post:75063@yt:B1EysVD3ejg@16,1,0,,,mk
kelvin-kemm-ph-d,Kelvin Kemm,,"nuclear physicist, former Chairman of the Nuclear Energy Corporation of South Africa",South Africa,,,,,"Kemm, Kelvin",agenda:accept,"(South Africa), nuclear physicist, former Chairman of the Nuclear Energy Corporation of South Africa",,"Kelvin Kemm is nuclear physicist, former Chairman of the Nuclear Energy Corporation of South Africa. Kelvin Kemm spoke at a Schiller Institute conference in June 2021.",generated,speaker,"Kelvin Kemm, Ph.D",post:75575@yt:3F_Gl_KkwpE@1802,1,0,,,mk
ben-greenspan-m-d,Ben Greenspan,,"Board of Directors, The American Board of Science in Nuclear Medicine; Past President, Society of Nuclear Medicine and Molecular Imaging",United States,,,,,"Greenspan, Ben",agenda:accept,"(U.S.); Board of Directors, The American Board of Science in Nuclear Medicine; Past President, Society of Nuclear Medicine and Molecular Imaging",,"Ben Greenspan is with Board of Directors, The American Board of Science in Nuclear Medicine, in United States. Ben Greenspan spoke at a Schiller Institute conference in June 2021.",generated,speaker,"Ben Greenspan, M.D.",post:75575@yt:3F_Gl_KkwpE@6437,1,0,,,mk
state-senator-mike-thompson,Mike Thompson,State Sen.,"(U.S.-Kansas), Chairman of Senate Utilities Committee",,,,,,"Thompson, Mike",agenda:accept,"(U.S.-Kansas), Chairman of Senate Utilities Committee",,"State Sen. Mike Thompson is (U.S.-Kansas), Chairman of Senate Utilities Committee. Mike Thompson spoke at 2 Schiller Institute conferences in 2021.",generated,speaker,State Senator Mike Thompson,post:75575@yt:ZLvX9r4D0xk@3951,1,0,,,mk
marc-gabriel-dragh,Marc Gabriel Dragh,,"Economist, Jurist and Author",France,,,,,"Dragh, Marc Gabriel",agenda:accept,"(France), Economist, Jurist and Author",,,,speaker,Marc Gabriel Dragh,post:75575@yt:ZLvX9r4D0xk@6488,1,0,,merge:marc-gabriel-draghi,mk
mayor-david-castro,David Castro,Mayor,"(Honduras), President, Mayors Without Borders Coalition",,,,,,"Castro, David",agenda:accept,"(Honduras), President, Mayors Without Borders Coalition",,"Mayor David Castro is (Honduras), President, Mayors Without Borders Coalition. David Castro spoke at a Schiller Institute conference in June 2021.",generated,speaker,Mayor David Castro,post:75575@yt:6n5KERjjwVY@8935,1,0,,,mk
andrey-kortunov,Andrey Kortunov,,Director General of the Russian International Affairs Council (RIAC),Russia,,,,,"Kortunov, Andrey",agenda:accept,(Russia); Director General of the Russian International Affairs Council (RIAC),,Andrey Kortunov is Director General of the Russian International Affairs Council (RIAC). Andrey Kortunov spoke at 3 Schiller Institute conferences between 2021 and 2022.,generated,speaker,Andrey Kortunov,post:88412@yt:JD3d_guFUV4@2495,1,0,,,mk
clifford-kiracofe,Clifford Kiracofe,Dr.,"Former Senior Staff Member, U.S. Senate Committee on Foreign Relations; President, Washington Institute for Peace and Development",United States,,,,,"Kiracofe, Clifford",agenda:accept,"(U.S.); Former Senior Staff Member, U.S. Senate Committee on Foreign Relations; President, Washington Institute for Peace and Development",,"Dr. Clifford Kiracofe is Former Senior Staff Member, U.S, in United States. Clifford Kiracofe spoke at 2 Schiller Institute conferences in 2022.",generated,speaker,Dr. Clifford Kiracofe,post:88412@yt:JD3d_guFUV4@7476,1,0,possible duplicate of: cliff-kiracofe — reviewed: KEEP (merge target of the alias row),,mk
amb,Amb,,,,,,,,Amb,none,,,,,speaker,Amb,post:88412@yt:SRpSX5udXrw@4929,1,0,,drop,mk
william-c-jones,William C. Jones,,,,,,,,"Jones, William C.",none,(U.S.); former,,"William C. Jones spoke at the Schiller Institute conference ""There Can Be No Peace Without the Bankruptcy Reorganization of the Dying Trans-Atlantic…"" in June 2022.",generated,speaker,William C. Jones,post:88412@yt:7DI29EO5R3A@5360,1,0,distinct persons (Rep. Walter Jones vs EIR journalist William C. Jones),,mk
felipe-maruf-quintas,Felipe Maruf Quintas,,"Professor of Political Science, Fluminense Federal University, Rio de Janeiro; columnist for “",Brazil,,,,,"Quintas, Felipe Maruf",agenda:accept,"(Brazil); Professor of Political Science, Fluminense Federal University, Rio de Janeiro; columnist for",,"Felipe Maruf Quintas is Professor of Political Science, Fluminense Federal University, Rio de Janeiro; columnist for “, in Brazil. Felipe Maruf Quintas spoke at the Schiller Institute conference ""There Can Be No Peace Without the Bankruptcy Reorganization of the Dying Trans-Atlantic…"" in June 2022.",generated,speaker,Felipe Maruf Quintas,post:88412@yt:LxM9omHPMV4@2498,1,0,,,mk
helga-zepp-larouch,Helga Zepp-LaRouch,,,,,,,,"Zepp-LaRouch, Helga",none,,,,,speaker,Helga Zepp-LaRouch,post:92463@yt:oCT_0hGhCdk@1,1,0,,merge:helga-zepp-larouche,mk
michel-cibot,Michel Cibot,,Frankreich) „Bürgermeister für Frieden”.,France,,,,,"Cibot, Michel",harvest:review,Frankreich) „Bürgermeister für Frieden”.,,"Michel Cibot is with Frankreich) „Bürgermeister für Frieden”, in France.",generated,speaker,Michel Cibot,post:95832@yt:o-rlprUxM-0@1,1,0,,,mk
donald-ramotar,Donald Ramotar,H.E.,former President of Guyana,Guyana,,,,,"Ramotar, Donald",agenda:accept,Former President of Guyana,,H.E. Donald Ramotar is former President of Guyana. Donald Ramotar spoke at 6 Schiller Institute conferences between 2023 and 2025.,generated,speaker,H.E. Donald Ramotar,post:98908@yt:A7sx7BUvdK4@2117,1,0,,,mk
georgy-toloraya,Georgy Toloraya,Prof.,"Retired Senior Diplomat; Deputy Chairman, Russian National Committee on BRICS Research",Russia,,,,,"Toloraya, Georgy",agenda:accept,"Retired Senior Diplomat; Deputy Chairman, Russian National Committee on BRICS Research",,"Prof. Georgy Toloraya is Retired Senior Diplomat; Deputy Chairman, Russian National Committee on BRICS Research. Georgy Toloraya spoke at 3 Schiller Institute conferences between 2022 and 2023.",generated,speaker,Prof. Georgy Toloraya,post:98908@yt:A7sx7BUvdK4@3116,1,0,,,mk
robert-cushing,Robert Cushing,,"Association of U.S. Catholic Priests, and others",United States,,,,,"Cushing, Robert",agenda:accept,"Association of U.S. Catholic Priests, and others",,"Robert Cushing is with Association of U.S, in United States. Robert Cushing spoke at 2 Schiller Institute conferences in 2023.",generated,speaker,Robert Cushing,post:98908@yt:A7sx7BUvdK4@3644,1,0,,,mk
raymond-mcgovern,Raymond McGovern,,"former Senior Analyst, U.S. Central intelligence Agency (CIA); Founding Member, Veteran Intelligence Professionals for Sanity (VIPS)",United States,,,,,"McGovern, Raymond",agenda:accept,"former Senior Analyst, U.S. Central intelligence Agency (CIA); Founding Member, Veteran Intelligence Professionals for Sanity (VIPS)",,"Raymond McGovern is former Senior Analyst, U.S, in United States. Raymond McGovern spoke at 2 Schiller Institute conferences in 2023.",generated,speaker,Raymond McGovern,post:98908@yt:A7sx7BUvdK4@4176,1,0,,,mk
kiran-karnik,Kiran Karnik,,former President of the National Association of Software and Service Companies (NASSCOM); 20 years at the Indian Space Research Organisation (ISRO),India,,,,,"Karnik, Kiran",agenda:accept,former President of the National Association of Software and Service Companies (NASSCOM); 20 years at the Indian Space Research Organisation (ISRO),,"Kiran Karnik is former President of the National Association of Software and Service Companies (NASSCOM), in India. Kiran Karnik spoke at the Schiller Institute conference ""Let us Join Hands with the Global Majority To Create a New Chapter in World History!"" in September 2023.",generated,speaker,Kiran Karnik,post:98908@yt:V3N9_8B44Xc@2343,1,0,,,mk
david-monyae,David Monyae,Prof.,"Director of the Center of Africa-China Studies (CACS), University of Johannesburg",South Africa,,,,,"Monyae, David",agenda:accept,"Director of the Center of Africa-China Studies (CACS),  University of Johannesburg, South Africa",,"Prof. David Monyae is Director of the Center of Africa-China Studies (CACS), University of Johannesburg, in South Africa. David Monyae spoke at the Schiller Institute conference ""Let us Join Hands with the Global Majority To Create a New Chapter in World History!"" in September 2023.",generated,speaker,Prof. David Monyae,post:98908@yt:V3N9_8B44Xc@4555,1,0,,,mk
ruben-guzzetti,Rubén Guzzetti,,"Foreign policy analyst, Argentine Institute of Geopolitical Studies (IADEG)",Argentina,,,,,"Guzzetti, Rubén",agenda:accept,"Foreign policy analyst, Argentine Institute of Geopolitical Studies (IADEG)",,"Rubén Guzzetti is Foreign policy analyst, Argentine Institute of Geopolitical Studies (IADEG), in Argentina. Rubén Guzzetti spoke at 2 Schiller Institute conferences between 2022 and 2023.",generated,speaker,Rubén Guzzetti,post:98908@yt:V3N9_8B44Xc@5378,1,0,,,mk
franco-battaglia,Franco Battaglia,Prof.,"Professor of Chemical Physics, University of Modena",Italy,,,,,"Battaglia, Franco",agenda:accept,"Professor of Chemical Physics, University of Modena, Italy",,"Prof. Franco Battaglia is Professor of Chemical Physics, University of Modena, in Italy. Franco Battaglia spoke at 3 Schiller Institute conferences between 2021 and 2025.",generated,speaker,Prof. Franco Battaglia,post:98908@yt:V3N9_8B44Xc@5894,1,0,,,mk
akiko-mikamo,Akiko Mikamo,Dr.,"Author, “",Japan,,,,,"Mikamo, Akiko",agenda:accept,Author,,"Dr. Akiko Mikamo is Author, “, in Japan. Akiko Mikamo spoke at the Schiller Institute conference ""Let us Join Hands with the Global Majority To Create a New Chapter in World History!"" in September 2023.",generated,speaker,Dr. Akiko Mikamo,post:98908@yt:V3N9_8B44Xc@8058,1,0,,,mk
richard-h-black,Richard H. Black,Col. (ret.),"former head of the U.S. Army’s Criminal Law Division at the Pentagon, former Virginia State Senator",,,,,,"Black, Richard H.",agenda:accept,"insisted that the Russian nuclear maneuvers are not saber-rattling, not a bluff.",,,,speaker,Col. Richard H. Black (ret.),post:102333@yt:M9sYi4Io7Zk@820,1,0,possible duplicate of: richard-black,merge:richard-black,mk
prof-nbsp-steve-starr,Steve Starr,Prof.,,,,,,,"Starr, Steve",none,followed.,,,,speaker,Prof.&nbsp;Steve Starr,post:102333@yt:M9sYi4Io7Zk@2403,1,0,,,mk
dr-nbsp-chandra-muzzaffar,Chandra Muzzaffar,Dr.,argued that the West has not shared with its own people that the real intention of the Ukraine war is the annihilation of Russia. Russia views the Ukraine war a,JUST,,,,,"Muzzaffar, Chandra",harvest:review,argued that the West has not shared with its own people that the real intention of the Ukraine war is the annihilation of Russia. Russia views the Ukraine war a,,"Dr. Chandra Muzzaffar is with argued that the West has not shared with its own people that the real intention of the Ukraine war is the anni, in JUST.",generated,speaker,Dr.&nbsp;Chandra Muzzaffar,post:102333@yt:M9sYi4Io7Zk@2951,1,0,,,mk
sian-bloor,Sian Bloor,,"reported on George Galloway’s February 29 victory in a by-election for Parliament. Galloway, running as an independent for the small party, won more votes than",,,,,,"Bloor, Sian",harvest:accept,"reported on George Galloway’s February 29 victory in a by-election for Parliament. Galloway, running as an independent for the small party, won more votes than",,Sian Bloor is with reported on George Galloway’s February 29 victory in a by-election for Parliament.,generated,speaker,"Sian Bloor,",post:102333@yt:M9sYi4Io7Zk@3471,1,0,,,mk
vincenzo-romanello,Vincenzo Romanello,,"warned that, in addition to the horrors of nuclear war described by Dr. Starr, the worst part of the story would be the resultant radioactive fallout, foll",Atoms for Peace,,,,,"Romanello, Vincenzo",harvest:review,"warned that, in addition to the horrors of nuclear war described by Dr.&nbsp;Starr, the worst part of the story would be the resultant radioactive fallout, foll",,"Vincenzo Romanello is with warned that, in addition to the horrors of nuclear war described by Dr, in Atoms for Peace. Vincenzo Romanello spoke at a Schiller Institute conference in June 2021.",generated,speaker,Vincenzo Romanello,post:102333@yt:M9sYi4Io7Zk@4395,1,0,,,mk
harry-bury,Harry Bury,Father,spoke passionately about the need to,,,,,,"Bury, Harry",harvest:review,spoke passionately about the need to,,Father Harry Bury is with spoke passionately about the need to.,generated,speaker,Father Harry Bury,post:102333@yt:M9sYi4Io7Zk@4682,1,0,,,mk
machuca-lopez-and-fernando-garzon,Machuca López and Fernando Garzón,,who were participating in a demonstration for Gaza in Guayaquil,Ecuador,,,,,"Garzón, Machuca López and Fernando",harvest:review,"who were participating in a demonstration for Gaza in Guayaquil, Ecuador.",,,,speaker,Machuca López and Fernando Garzón,post:102333@yt:M9sYi4Io7Zk@4993,1,0,"TWO people named in one article (post:102333), NOT SI event participants — Machuca López & Fernando Garzón, ""participating in a demonstration for Gaza in Guayaquil, Ecuador"" (occ=1). Conjunction row; neither has a person record; affiliation is scraped body text. Article subjects → drop (not a speaker-split case).",drop,mk
we-have-the-solution,We Have The Solution,,,,,,,,"Solution, We Have The",none,,,,,speaker,We Have The Solution,post:107997@yt:FaWOAs0zMJU@1,1,0,,drop,mk
gesang-des-gebets,Gesang des Gebets,,"überraschte. Das Gebet ist eine von vier marianischen Antiphonen oder Gebeten an die Jungfrau Maria, die während der Osterzeit gesprochen werden.",,,,,,"des Gebets, Gesang",harvest:review,"überraschte. Das Gebet ist eine von vier marianischen Antiphonen oder Gebeten an die Jungfrau Maria, die während der Osterzeit gesprochen werden.",,,,speaker,Gesang des Gebets,post:109374@yt:8gDRJrMK0M0@573,1,0,,drop,mk
1-helga-zepp-larouche-founder,1) Helga Zepp-LaRouche; Founder,,,,,,,,"Founder, 1) Helga Zepp-LaRouche;",none,,,,,speaker,"1) Helga Zepp-LaRouche; Founder, Schiller Institute: Welcome and Keynote, ""The Need for a New Paradigm""",yt-segmentation,1,1,added by reconcile from video-segmentation,merge:helga-zepp-larouche,mk
1-jacques-cheminade-president,1) Jacques Cheminade; President,,,,,,,,"President, 1) Jacques Cheminade;",none,,,,,speaker,"1) Jacques Cheminade; President, S&P, France: ""The Peace of Westphalia to Escape the Thucydides Trap""",yt-segmentation,1,1,added by reconcile from video-segmentation,merge:jacques-cheminade,mk
2-amb-anatoly-antonov,2) Amb. Anatoly Antonov,,,,,,,,"Antonov, 2) Amb. Anatoly",none,,,,,speaker,"2) Amb. Anatoly Antonov, H.E. Ambassador Anatoly Antonov, Ambassador of The Russian Federation to the United States: ""Pr",yt-segmentation,1,1,added by reconcile from video-segmentation,merge:anatoly-antonov,mk
2-helga-zepp-larouche,2) Helga Zepp-LaRouche,,,,,,,,"Zepp-LaRouche, 2) Helga",none,,,,,speaker,"2) Helga Zepp-LaRouche: ""Operation Ibn Sina"", Dipl. Ing. Daud Azimi - Board Member Peace National Front of Afghanistan: ",yt-segmentation,1,1,added by reconcile from video-segmentation,merge:helga-zepp-larouche,mk
3-princy-mthombeni-communication-specialist,3) Princy Mthombeni; Communication Specialist,,,,,,,,"Specialist, 3) Princy Mthombeni; Communication",none,,,,,speaker,"3) Princy Mthombeni; Communication Specialist, Africa4Nuclear Founder, South Africa: ""Energy Security for Africa""",yt-segmentation,1,1,added by reconcile from video-segmentation,merge:princy-mthombeni,mk
3-sam-pitroda-innovator,3) Sam Pitroda; Innovator,,,,,,,,"Innovator, 3) Sam Pitroda;",none,,,,,speaker,"3) Sam Pitroda; Innovator, Entrepreneur and Policy-Maker; U.S./India: ""The Need to Redesign the World""",yt-segmentation,1,1,added by reconcile from video-segmentation,merge:sam-pitroda,mk
5-chen-xiaohan,5) Chen Xiaohan,,,,,,,,"Xiaohan, 5) Chen",none,,,,,speaker,"5) Chen Xiaohan, Chinese People's Association for Peace and Disarmament: ""Shared Future of Mankind""",yt-segmentation,1,1,added by reconcile from video-segmentation,merge:chen-xiaohan,mk
5-fraydique-gaitan,5) Fraydique Gaitán,,,,,,,,"Gaitán, 5) Fraydique",none,,,,,speaker,"5) Fraydique Gaitán, President of the CTU USCTRAB Workers Confederation of Colombia; and Pedro Rubio, President of the A",yt-segmentation,1,1,added by reconcile from video-segmentation,merge:fraydique-alexander-gaitan,mk
7-p-s-raghavan,7) P.S. Raghavan,,,,,,,,"Raghavan, 7) P.S.",none,,,,,speaker,"7) P.S. Raghavan, Former Indian Ambassador to Russia: ""The Indian Perspective""",yt-segmentation,1,1,added by reconcile from video-segmentation,merge:p-s-raghavan,mk
a-pac-ee,Али Растбеен,,,,,,,"Али Растбеен, основатель и президент Парижской академии геополитики, Париж, Франция","Растбеен, Али",none,,,,,speaker,"Али Растбеен, основатель и президент Парижской академии геополитики, Париж, Франция",yt-segmentation,1,1,added by reconcile from video-segmentation,merge:ali-rastbeen,mk
abbey-makoe,Abbey Makoe,,Founder & Editor of the Global South Media Network,South Africa,,,,,"Makoe, Abbey",agenda:accept,Founder & Editor of the Global South Media Network,,"Abbey Makoe is Founder & Editor of the Global South Media Network, in South Africa. Abbey Makoe spoke at the Schiller Institute conference ""Man Is Not a Wolf to Man - For a New Paradigm in International Relations!"" in July 2025.",generated,speaker,Abbey Makoe,yt-segmentation,1,1,added by reconcile from video-segmentation,accept,mk
academy-of-social-sciences,Academy of Social Sciences (CASS),,,,,,,,"(CASS), Academy of Social Sciences",none,,,,,speaker,"Academy of Social Sciences (CASS), China",yt-segmentation,1,1,added by reconcile from video-segmentation,drop,mk
achim-bonatz,Achim Bonatz,,,,,,,,"Bonatz, Achim",none,,,"Achim Bonatz spoke at the Schiller Institute conference ""Man Is Not a Wolf to Man - For a New Paradigm in International Relations!"" in July 2025.",generated,speaker,Achim Bonatz,yt-segmentation,1,1,added by reconcile from video-segmentation,accept,mk
address-by-antonino-galloni,Address by Antonino Galloni,,,,,,,,"Galloni, Address by Antonino",none,,,,,speaker,"Address by Antonino Galloni, Economist, Statutory Auditor of Istituto Nazionale Previdenza Sociale (INPS), Rome, Italy.",yt-segmentation,1,1,added by reconcile from video-segmentation,merge:antonino-galloni,mk
address-by-diogene-senny,Address by Diogène Senny,,,,,,,,"Senny, Address by Diogène",none,,,,,speaker,"Address by Diogène Senny, Secretary General of the Association LP Umoja, Panafrican League, Paris, France.",yt-segmentation,1,1,added by reconcile from video-segmentation,merge:diogene-senny,mk
address-by-natalia-vitrenko,Address by Natalia Vitrenko,,,,,,,,"Vitrenko, Address by Natalia",none,,,,,speaker,"Address by Natalia Vitrenko, Economist, Chairwoman of the Progressive Socialist Party of Ukraine, Kiev, Ukraine.",yt-segmentation,1,1,added by reconcile from video-segmentation,merge:natalia-vitrenko,mk
address-by-ray-mcgovern,Address by Ray McGovern,,,,,,,,"McGovern, Address by Ray",none,,,,,speaker,"Address by Ray McGovern, Veteran Intelligence Professionals for Sanity (VIPS), USA.",yt-segmentation,1,1,added by reconcile from video-segmentation,merge:raymond-mcgovern,mk
adrian-pearl,Adrian Pearl,,,United States,,,,,"Pearl, Adrian",none,,,"Adrian Pearl took part in the Schiller Institute conference programme from United States. Adrian Pearl spoke at the Schiller Institute conference ""A Beautiful Vision for Humanity in Times of Great Turbulence! - Memorial Day Weekend…"" in May 2025.",generated,speaker,Adrian Pearl (U.S.),yt-segmentation,1,1,added by reconcile from video-segmentation,accept,mk
alain-gachet-vorsitzender,Alain Gachet,,,,,,,,"Gachet, Alain",none,,,,,speaker,"Alain Gachet – Vorsitzender, Radar Technologies International, Frankreich",yt-segmentation,1,1,added by reconcile from video-segmentation,merge:alain-gachet,mk
alejandro-yaya,Alejandro Yaya,,Masters Degree in civil engineering and in national defense; Vice President of the Civil Institute of Space Technology; advisor in technical and innovation,Argentina,,,,,"Yaya, Alejandro",agenda:accept,Masters Degree in civil engineering and in national defense; Vice President of the Civil Institute of Space Technology; advisor in technical and innovation,,"Alejandro Yaya is with Masters Degree in civil engineering and in national defense, in Argentina. Alejandro Yaya spoke at the Schiller Institute conference ""WORLD AT A CROSSROAD: Two Months into the New Administration"" in March 2021.",generated,speaker,Alejandro Yaya (Argentina),yt-segmentation,1,1,added by reconcile from video-segmentation,accept,mk
alexander-demissie,(cand.) Alexander Demissie,Dr.,,,,,,,"Demissie, (cand.) Alexander",none,,,"(cand.) Alexander Demissie spoke at the Schiller Institute conference ""Fulfilling the Dream of Mankind"" in November 2017.",generated,speaker,Dr. (cand.) Alexander Demissie,yt-segmentation,1,1,added by reconcile from video-segmentation,accept,mk
alexander-hamilton,Alexander Hamilton,,,,,,,,"Hamilton, Alexander",none,,,,,speaker,"Alexander Hamilton, LaRouche, and the Credit System",yt-segmentation,1,1,added by reconcile from video-segmentation,drop,mk
alexander-k-bobrov,Alexander K. Bobrov,,,Russia,,,,,"Bobrov, Alexander K.",none,,,"Alexander K. Bobrov took part in the Schiller Institute conference programme from Russia. Alexander K. Bobrov spoke at the Schiller Institute conference ""In the Spirit of Schiller and Beethoven: All Men Become Brethren!"" in December 2024.",generated,speaker,"Alexander K. Bobrov (Russia), Associate Professor at the Department of Diplomacy, MGIMO University, Moscow",yt-segmentation,1,1,added by reconcile from video-segmentation; built during File 3 review: presents on 3cEmeoenoaA,accept,mk
alexey-boguslavskiy,Alexey Boguslavskiy,Mr.,"First Secretary, Russian Federation Mission to the United Nations",Russia,,,,,"Boguslavskiy, Alexey",agenda:accept,"First Secretary, Russian Federation Mission to the United Nations",,"Mr. Alexey Boguslavskiy is First Secretary, Russian Federation Mission to the United Nations. Alexey Boguslavskiy spoke at the Schiller Institute conference ""WORLD AT A CROSSROAD: Two Months into the New Administration"" in March 2021.",generated,speaker,Mr. Alexey Boguslavskiy,yt-segmentation,1,1,added by reconcile from video-segmentation,accept,mk
alf-schmidt,Alf Schmidt,,,Germany,,,,,"Schmidt, Alf",none,,,"Alf Schmidt took part in the Schiller Institute conference programme from Germany. Alf Schmidt spoke at the Schiller Institute conference ""Mankind Must Be the Immortal Species"" in November 2021.",generated,speaker,"Alf Schmidt (Germany), Independent farmer, Leader of Farmers Demonstrations in Berlin",yt-segmentation,1,1,added by reconcile from video-segmentation,accept,mk
ameling,Ameling,Prof.,,,,,,,Ameling,none,,,,,speaker,Prof. Ameling: The Energy Shift in Germany Will Lead to Deindustrialization,yt-segmentation,1,1,added by reconcile from video-segmentation,merge:dieter-ameling,mk
american-president-donald-trump,American President Donald Trump,,,,,,,,"Trump, American President Donald",none,,,,,speaker,"American President Donald Trump, Chinese President Xi Jinping, and Russian President Vladimir Putin could together, in t",yt-segmentation,1,1,added by reconcile from video-segmentation,drop,mk
amna-malik,Amna Malik,Mrs.,,Pakistan,,,,,"Malik, Amna",none,,,"Mrs. Amna Malik took part in the Schiller Institute conference programme from Pakistan. Amna Malik spoke at the Schiller Institute conference ""Mankind Must Be the Immortal Species"" in November 2021.",generated,speaker,"Mrs. Amna Malik (Pakistan), president, Center of Pakistan and International Relations (COPAIR)",yt-segmentation,1,1,added by reconcile from video-segmentation,accept,mk
amzat-boukari-yabara,Amzat Boukari-Yabara,,,,,,,,"Boukari-Yabara, Amzat",none,,,Amzat Boukari-Yabara spoke at a Schiller Institute conference in June 2018.,generated,speaker,"Amzat Boukari-Yabara, African Historian, General Secretary of the Panafrican League Umoja",yt-segmentation,1,1,added by reconcile from video-segmentation,accept,mk
anastasia-battle,Anastasia Battle,,"Editor,&nbsp",United States,,,,,"Battle, Anastasia",agenda:accept,"Editor,&nbsp",,"Anastasia Battle is Editor,&nbsp, in United States. Anastasia Battle spoke at 4 Schiller Institute conferences between 2021 and 2025.",generated,speaker,Anastasia Battle (U.S.),yt-segmentation,1,1,added by reconcile from video-segmentation,accept,mk
anatoly-antonov,Anatoly Antonov,H.E. Ambassador,,,,,,,"Antonov, Anatoly",none,,,"Anatoly Antonov spoke at the Schiller Institute conference ""For a Conference to Establish a New Security and Development Architecture for All Nations"" in April 2022.",generated,speaker,"H.E. Ambassador Anatoly Antonov, Ambassador of The Russian Federation to the United States, expresses his appreciation o",yt-segmentation,1,1,added by reconcile from video-segmentation,accept,mk
anika-telmanyi-lylloff,Anika Telmányi Lylloff,,,,,,,,"Lylloff, Anika Telmányi",none,,,"Anika Telmányi Lylloff spoke at the Schiller Institute conference ""Rescuing Civilization from the Brink"" in July 2013.",generated,speaker,"Anika Telmányi Lylloff, violin",yt-segmentation,1,1,added by reconcile from video-segmentation,accept,mk
anna-evstigneeva,Anna Evstigneeva,Amb.,,Russia,,,,,"Evstigneeva, Anna",none,,,"Amb. Anna Evstigneeva took part in the Schiller Institute conference programme from Russia. Anna Evstigneeva spoke at the Schiller Institute conference ""Mankind Must Be the Immortal Species"" in November 2021.",generated,speaker,"Ambassador Anna Evstigneeva (Russia), Deputy Permanent Representative, the Russian Federation Mission to the UN",yt-segmentation,1,1,added by reconcile from video-segmentation,accept,mk
antonella-banaudi,Antonella Banaudi,,,,,,,,"Banaudi, Antonella",none,,,Antonella Banaudi spoke at 3 Schiller Institute conferences between 2013 and 2019.,generated,speaker,"Antonella Banaudi, Soprano and singing teacher, expert on Verdi tuning , LaRouche and the unity of art and science",yt-segmentation,1,1,added by reconcile from video-segmentation,accept,mk
antonio-vivaldi,Antonio Vivaldi,,,,,,,,"Vivaldi, Antonio",none,,,,,speaker,Antonio Vivaldi: Concerto in A-major RV 158,yt-segmentation,1,1,added by reconcile from video-segmentation,drop,mk
areej-atef,Areej Atef,,,,,,,,"Atef, Areej",none,,,"Areej Atef spoke at the Schiller Institute conference ""Will Humanity Prosper, or Perish?"" in June 2020.",generated,speaker,"Areej Atef, Education Committee Vice President of BRICS Youth Parliament, Sana'a, Yemen: ""Youth of the World Face Two Wo",yt-segmentation,1,1,added by reconcile from video-segmentation,accept,mk
arise-arise-arise,Arise! Arise! Arise!,,,,,,,,"Arise!, Arise! Arise!",none,,,,,speaker,Arise! Arise! Arise!,yt-segmentation,1,1,added by reconcile from video-segmentation,drop,mk
armin-azima,Armin Azima,Dr.,,,,,,,"Azima, Armin",none,,,Armin Azima spoke at a Schiller Institute conference in June 2018.,generated,speaker,"Dr. Armin Azima, University of Hamburg",yt-segmentation,1,1,added by reconcile from video-segmentation,accept,mk
ashley-tran,Ashley Tran,,,United States,,,,,"Tran, Ashley",none,,,Ashley Tran took part in the Schiller Institute conference programme from United States. Ashley Tran spoke at 2 Schiller Institute conferences in 2025.,generated,speaker,Ashley Tran (US),yt-segmentation,1,1,added by reconcile from video-segmentation,accept,mk
attaining-freedom-through-necessity,Attaining Freedom Through Necessity,,,,,,,,"Necessity, Attaining Freedom Through",none,,,,,speaker,Attaining Freedom Through Necessity:,yt-segmentation,1,1,added by reconcile from video-segmentation,drop,mk
atul-aneja,Atul Aneja,,,,,,,,"Aneja, Atul",none,,,Atul Aneja spoke at a Schiller Institute conference in June 2021.,generated,speaker,Atul Aneja,yt-segmentation,1,1,added by reconcile from video-segmentation,accept,mk
augustinus-berkhout,Augustinus Berkhout,Prof.,,,,,,,"Berkhout, Augustinus",none,,,Augustinus Berkhout spoke at 2 Schiller Institute conferences in 2021.,generated,speaker,Prof. Augustinus Berkhout,yt-segmentation,1,1,added by reconcile from video-segmentation,accept,mk
benjamin-lylloff,Benjamin Lylloff,,,,,,,,"Lylloff, Benjamin",none,,,"Benjamin Lylloff spoke at the Schiller Institute conference ""Create a New Epoch for Mankind - Presidents' Day National Conference"" in February 2019.",generated,speaker,"Benjamin Lylloff, arr: ""Mo Li Hua"" (""Jasmine Flower"")",yt-segmentation,1,1,added by reconcile from video-segmentation,accept,mk
bill-bullard,Bill Bullard,,"(Montana), CEO of R-CALF USA, (Ranchers-Cattlemen Action Legal Fund United Stockgrowers of America",United States,,,,,"Bullard, Bill",agenda:accept,"(Montana), CEO of R-CALF USA, (Ranchers-Cattlemen Action Legal Fund United Stockgrowers of America",,"Bill Bullard is (Montana), CEO of R-CALF USA, (Ranchers-Cattlemen Action Legal Fund United Stockgrowers of America, in United States. Bill Bullard spoke at the Schiller Institute conference ""WORLD AT A CROSSROAD: Two Months into the New Administration"" in March 2021.",generated,speaker,Bill Bullard,yt-segmentation,1,1,added by reconcile from video-segmentation,accept,mk
bill-bullard-montana,Bill Bullard; Montana,,,,,,,,"Montana, Bill Bullard;",none,,,,,speaker,"Bill Bullard; Montana, CEO R-CALF USA,",yt-segmentation,1,1,added by reconcile from video-segmentation,merge:bill-bullard,mk
billy-anders-estime,Billy Anders Estimé,,,Haiti,,,,,"Estimé, Billy Anders",none,,,"Billy Anders Estimé took part in the Schiller Institute conference programme from Haiti. Billy Anders Estimé spoke at the Schiller Institute conference ""Mankind Must Be the Immortal Species"" in November 2021.",generated,speaker,"Billy Anders Estimé (Haiti), Co-Founder, CAFÉ DIPLO HAÏTI",yt-segmentation,1,1,added by reconcile from video-segmentation,accept,mk
bob-baker,Bob Baker,,"Schiller Institute Agricultural Liaison, “Stand Together for Food, Health and the Future.”",United States,,,,,"Baker, Bob",agenda:accept,"Schiller Institute Agricultural Liaison, “Stand Together for Food, Health and the Future.”",,,,speaker,"Bob Baker (U.S.), Schiller Institute and U.S. Farm leaders (U.S.)",yt-segmentation,1,1,added by reconcile from video-segmentation,merge:robert-l-baker,mk
boris-meshchanov,Boris Meshchanov,,,,,,,,"Meshchanov, Boris",none,,,Boris Meshchanov spoke at a Schiller Institute conference in June 2021.,generated,speaker,Boris Meshchanov,yt-segmentation,1,1,added by reconcile from video-segmentation,accept,mk
bradley-blankenship,Bradley Blankenship,,Journalist,United States,,,,,"Blankenship, Bradley",agenda:accept,Journalist,,"Bradley Blankenship is Journalist, in United States. Bradley Blankenship spoke at the Schiller Institute conference ""Inspiring Humanity to Survive the Greatest Crisis in World History"" in September 2022.",generated,speaker,"Bradley Blankenship (U.S.), Journalist",yt-segmentation,1,1,added by reconcile from video-segmentation,accept,mk
breno-hermann,Breno Hermann,Hon.,,,,,,,"Hermann, Breno",none,,,Breno Hermann spoke at a Schiller Institute conference in December 2014.,generated,speaker,"Hon. Breno Hermann, Consul, Cultural Department, Consulate of Brasil in Boston - What is the BRICS and where is it headi",yt-segmentation,1,1,added by reconcile from video-segmentation,accept,mk
brian-harvey,Brian Harvey,,,Ireland,,,,,"Harvey, Brian",none,,,"Brian Harvey took part in the Schiller Institute conference programme from Ireland. Brian Harvey spoke at the Schiller Institute conference ""In the Spirit of Schiller and Beethoven: All Men Become Brethren!"" in December 2024.",generated,speaker,"Brian Harvey (Ireland), Space Historian",yt-segmentation,1,1,added by reconcile from video-segmentation,accept,mk
bruce-director,Bruce Director,,,,,,,,"Director, Bruce",none,,,"Bruce Director spoke at the Schiller Institute conference ""Create a New Epoch for Mankind - Presidents' Day National Conference"" in February 2019.",generated,speaker,"Bruce Director, Secretary-Treasurer, US Schiller Institute",yt-segmentation,1,1,added by reconcile from video-segmentation,accept,mk
carolina-dominguez,Carolina Domínguez,,“How to Address the Crisis in Education,Mexico,,,,,"Domínguez, Carolina",agenda:review,“How to Address the Crisis in Education,,,,speaker,"Carolina Domínguez (Mexico), Schiller Institute",yt-segmentation,1,1,added by reconcile from video-segmentation,merge:carolina-dominguez-cisneros,mk
carolina-dominguez-cisneros,Carolina Domínguez Cisneros,,,,,,,,"Cisneros, Carolina Domínguez",none,,,"Carolina Domínguez Cisneros spoke at the Schiller Institute conference ""Will Humanity Prosper, or Perish?"" in June 2020.",generated,speaker,"Carolina Domínguez Cisneros, Mexico; Sebastián Debernardi, Peru; Andrés Carpintero, Colombia; Daniel Dufreine Arévalo, M",yt-segmentation,1,1,added by reconcile from video-segmentation,accept,mk
celeste-saenz-de-miera,Celeste Sáenz de Miera,,,Mexico,,,,,"de Miera, Celeste Sáenz",none,,,"Celeste Sáenz de Miera took part in the Schiller Institute conference programme from Mexico. Celeste Sáenz de Miera spoke at the Schiller Institute conference ""The Age of Reason or the Annihilation of Humanity?"" in February 2023.",generated,speaker,"Celeste Sáenz de Miera (Mexico), Secretary General, Mexico Journalists Club",yt-segmentation,1,1,added by reconcile from video-segmentation,accept,mk
chen-xiaohan,Chen Xiaohan,Ms.,,China,,,,,"Xiaohan, Chen",none,,,Ms. Chen Xiaohan took part in the Schiller Institute conference programme from China. Chen Xiaohan spoke at 2 Schiller Institute conferences between 2021 and 2022.,generated,speaker,"Ms. Chen Xiaohan (China), Deputy Secretary General, The Chinese People's Association for Peace and Disarmament (CPAPD)",yt-segmentation,1,1,added by reconcile from video-segmentation,accept,mk
cherine-sultan,Chérine Sultan,,,,,,,,"Sultan, Chérine",none,,,Chérine Sultan spoke at 2 Schiller Institute conferences between 2020 and 2025.,generated,speaker,"Chérine Sultan, Institut Schiller, Paris, France",yt-segmentation,1,1,added by reconcile from video-segmentation,accept,mk
chinese-academy-of-social-science,Chinese Academy of Social Science,,,,,,,,"Science, Chinese Academy of Social",none,,,,,speaker,"Chinese Academy of Social Science, Director of African Studies, Professor He Wenping's presentation to the Schiller Inst",yt-segmentation,1,1,added by reconcile from video-segmentation,drop,mk
chinese-economist,Chinese Economist,,,China,,,,,"Economist, Chinese",none,,,,,speaker,Chinese Economist (China),yt-segmentation,1,1,added by reconcile from video-segmentation,drop,mk
chinese-expert,Chinese Expert,,,China,,,,,"Expert, Chinese",none,,,,,speaker,Chinese Expert (China),yt-segmentation,1,1,added by reconcile from video-segmentation,drop,mk
christen-sorensen,Christen Sørensen,,,,,,,,"Sørensen, Christen",none,,,"Christen Sørensen spoke at the Schiller Institute conference ""Rescuing Civilization from the Brink"" in July 2013.",generated,speaker,"Christen Sørensen, former Chairman of the Economic Council of Denmark",yt-segmentation,1,1,added by reconcile from video-segmentation,accept,mk
claudio-giudici,Claudio Giudici,,,,,,,,"Giudici, Claudio",none,,,Claudio Giudici spoke at a Schiller Institute conference in November 2019.,generated,speaker,"Claudio Giudici, Chairman, Uritaxi (National Taxi Trade-Union), Florence, Italy",yt-segmentation,1,1,added by reconcile from video-segmentation,accept,mk
concert,Concert: A Dialogue of Classical Cultures,,,,,,,,"Cultures, Concert: A Dialogue of Classical",none,,,,,speaker,Concert: A Dialogue of Classical Cultures,yt-segmentation,1,1,added by reconcile from video-segmentation,drop,mk
conductor-ingo-bathow,Ingo Bathow,,,,,,,,"Bathow, Ingo",none,,Conductor,"Ingo Bathow spoke at the Schiller Institute conference ""A Musical Dialogue of Cultures"" in June 2016.",generated,speaker,Conductor: Ingo Bathow,yt-segmentation,1,1,added by reconcile from video-segmentation,accept,mk
conductor-irina-freitag,Irina Freitag,,,,,,,,"Freitag, Irina",none,,Conductor,"Irina Freitag spoke at the Schiller Institute conference ""A Musical Dialogue of Cultures"" in June 2016.",generated,speaker,Conductor: Irina Freitag,yt-segmentation,1,1,added by reconcile from video-segmentation,accept,mk
cornelia-pretorius,Cornelia Pretorius,,Mothers Against War Berlin-Brandenburg,Germany,,,,,"Pretorius, Cornelia",agenda:review,Mothers Against War Berlin-Brandenburg,,"Cornelia Pretorius is with Mothers Against War Berlin-Brandenburg, in Germany. Cornelia Pretorius spoke at the Schiller Institute conference ""Man Is Not a Wolf to Man - For a New Paradigm in International Relations!"" in July 2025.",generated,speaker,Cornelia Pretorius,yt-segmentation,1,1,added by reconcile from video-segmentation,accept,mk
costas-tsourakis,Costas Tsourakis,,,,,,,,"Tsourakis, Costas",none,,,Costas Tsourakis spoke at a Schiller Institute conference in April 2020.,generated,speaker,"Costas Tsourakis, Bass",yt-segmentation,1,1,added by reconcile from video-segmentation,accept,mk
daniel-marmolejo,Daniel Marmolejo,,"Investigative journalist; winner of the National Journalism Award; covers the Mexican Presidency; producer of the “Hybrid Warfare” documentary series, and the",Mexico,,,,,"Marmolejo, Daniel",agenda:accept,"Investigative journalist; winner of the National Journalism Award; covers the Mexican Presidency; producer of the “Hybrid Warfare” documentary series, and the",,"Daniel Marmolejo is Investigative journalist; winner of the National Journalism Award; covers the Mexican Presidency, in Mexico. Daniel Marmolejo spoke at the Schiller Institute conference ""WORLD AT A CROSSROAD: Two Months into the New Administration"" in March 2021.",generated,speaker,Daniel Marmolejo (Mexico),yt-segmentation,1,1,added by reconcile from video-segmentation,accept,mk
daqi-fan,Daqi Fan,,Vice President of the Academy of Contemporary China and World Studies (ACCWS),China,,,,,Daqi Fan,agenda:accept,Vice President of the Academy of Contemporary China and World Studies (ACCWS),,"Daqi Fan is Vice President of the Academy of Contemporary China and World Studies (ACCWS). Daqi Fan spoke at the Schiller Institute conference ""Man Is Not a Wolf to Man - For a New Paradigm in International Relations!"" in July 2025.",generated,speaker,Daqi Fan,yt-segmentation,1,1,added by reconcile from video-segmentation,accept,mk
das-phonix-projekt-aleppo,Das Phönix-Projekt – Aleppo,,,,,,,,"Aleppo, Das Phönix-Projekt –",none,,,,,speaker,"Das Phönix-Projekt – Aleppo, die ewige Stadt",yt-segmentation,1,1,added by reconcile from video-segmentation,drop,mk
david-t-pyne,David T. Pyne,,Deputy Director of National Operations for the EMP Task Force on National and Homeland Security,United States,,,,,"Pyne, David T.",agenda:accept,Deputy Director of National Operations for the EMP Task Force on National and Homeland Security,,"David T. Pyne is Deputy Director of National Operations for the EMP Task Force on National and Homeland Security, in United States. David T. Pyne spoke at the Schiller Institute conference ""Inspiring Humanity to Survive the Greatest Crisis in World History"" in September 2022.",generated,speaker,"David T. Pyne (U.S.), Deputy Director of National Operations for the EMP Task Force on National and Homeland Security",yt-segmentation,1,1,added by reconcile from video-segmentation,accept,mk
denise-rainey,Denise Rainey,,,United States,,,,,"Rainey, Denise",none,,,"Denise Rainey took part in the Schiller Institute conference programme from United States. Denise Rainey spoke at the Schiller Institute conference ""Mankind Must Be the Immortal Species"" in November 2021.",generated,speaker,"Denise Rainey (U.S.), retired educator and principal, Rochester, N.Y.",yt-segmentation,1,1,added by reconcile from video-segmentation,accept,mk
dennis-speed,Dennis Speed,,The Schiller Institute,,,,,,"Speed, Dennis",agenda:accept,The Schiller Institute,,Dennis Speed is with The Schiller Institute. Dennis Speed spoke at 4 Schiller Institute conferences between 2021 and 2023.,generated,speaker,"Dennis Speed, Schiller Institute (USA)",yt-segmentation,1,1,added by reconcile from video-segmentation,accept,mk
ding-yifan,Ding Yifan,,"Deputy Director, Research Institute of World Development, China Development Research Center",China,,,,,Ding Yifan,agenda:accept,"Deputy Director, Research Institute of World Development, China Development Research Center",,"Ding Yifan is Deputy Director, Research Institute of World Development, China Development Research Center. Ding Yifan spoke at 2 Schiller Institute conferences between 2013 and 2022.",generated,speaker,Ding Yifan (China),yt-segmentation,1,1,added by reconcile from video-segmentation,accept,mk
discours-par-ali-rastbeen,Discours par Ali Rastbeen,,,,,,,,"Rastbeen, Discours par Ali",none,,,,,speaker,"Discours par Ali Rastbeen, Fondateur et Président de l'Académie de Géopolitique de Paris, Paris, France.",yt-segmentation,1,1,added by reconcile from video-segmentation,merge:ali-rastbeen,mk
discours-par-jayshree-sengupta,Discours par Jayshree Sengupta,,,,,,,,"Sengupta, Discours par Jayshree",none,,,,,speaker,"Discours par Jayshree Sengupta, Membre Honoraire, Observer Research Foundation, New Delhi, Inde.",yt-segmentation,1,1,added by reconcile from video-segmentation,merge:jayshree-sengupta,mk
discours-par-natalia-vitrenko,Discours par Natalia Vitrenko,,,,,,,,"Vitrenko, Discours par Natalia",none,,,,,speaker,"Discours par Natalia Vitrenko, Économiste, Présidente du Parti Socialiste Progressiste d'Ukraine, Kiev, Ukraine.",yt-segmentation,1,1,added by reconcile from video-segmentation,merge:natalia-vitrenko,mk
dmitri-trenin,Dmitri Trenin,Prof.,Academic Director of the Institute for Military World Economy and Strategy at the Higher School of Economics University in Moscow,Russia,,,,,"Trenin, Dmitri",agenda:accept,Academic Director of the Institute for Military World Economy and Strategy at the Higher School of Economics University in Moscow,,"Prof. Dmitri Trenin is Academic Director of the Institute for Military World Economy and Strategy at the Higher School of Economics U, in Russia. Dmitri Trenin spoke at 3 Schiller Institute conferences between 2024 and 2025.",generated,speaker,Prof. Dmitri Trenin,yt-segmentation,1,1,added by reconcile from video-segmentation,accept,mk
dmitriy-polyanskiy,Dmitriy Polyanskiy,,,,,,,,"Polyanskiy, Dmitriy",none,,,Dmitriy Polyanskiy spoke at a Schiller Institute conference in April 2020.,generated,speaker,"— Dmitriy Polyanskiy, 1st Deputy Permanent Representative",yt-segmentation,1,1,added by reconcile from video-segmentation,accept,mk
domingo-reyes,Domingo Reyes (Dominican Republic),,,,,,,,"Republic), Domingo Reyes (Dominican",none,,,"Domingo Reyes (Dominican Republic) spoke at the Schiller Institute conference ""Mankind Must Be the Immortal Species"" in November 2021.",generated,speaker,"Domingo Reyes (Dominican Republic), former professor of Economics, Masters Degree in Higher Education",yt-segmentation,1,1,added by reconcile from video-segmentation,accept,mk
dr-william-happer,Dr.William Happer,,,,,,,,"Happer, Dr.William",none,,,,,speaker,"Dr.William Happer, Professor Emeritus of Princeton University (who had been brought on to the National Security Council ",yt-segmentation,1,1,added by reconcile from video-segmentation,merge:william-happer,mk
dusko-dimitrijevic,Duško Dimitrijević,,,,,,,,"Dimitrijević, Duško",none,,,Duško Dimitrijević spoke at a Schiller Institute conference in June 2018.,generated,speaker,"Duško Dimitrijević, Ph.D., Professorial Fellow, Institute of International Politics and Economics, Serbia",yt-segmentation,1,1,added by reconcile from video-segmentation,accept,mk
e-p-ce-y-a,Джейшри Сенгупта,,,,,,,"Джейшри Сенгупта, старший научный сотрудник, Аналитический исследовательский фонд, Нью-Дели, Индия","Сенгупта, Джейшри",none,,,,,speaker,"Джейшри Сенгупта, старший научный сотрудник, Аналитический исследовательский фонд, Нью-Дели, Индия",yt-segmentation,1,1,added by reconcile from video-segmentation,merge:jayshree-sengupta,mk
earl-rasmussen,Earl Rasmussen,,,United States,,,,,"Rasmussen, Earl",none,,,"Earl Rasmussen took part in the Schiller Institute conference programme from United States. Earl Rasmussen spoke at the Schiller Institute conference ""Mankind Must Be the Immortal Species"" in November 2021.",generated,speaker,"Earl Rasmussen (U.S.), The Eurasia Center",yt-segmentation,1,1,added by reconcile from video-segmentation,accept,mk
economic-cooperation-organisation,Economic Cooperation Organisation (BSEC),,,,,,,,"(BSEC), Economic Cooperation Organisation",none,,,,,speaker,Economic Cooperation Organisation (BSEC),yt-segmentation,1,1,added by reconcile from video-segmentation,drop,mk
ed-calabrese,Ed Calabrese,Dr.,,,,,,,"Calabrese, Ed",none,,,"Ed Calabrese spoke at the Schiller Institute conference ""There Can Be No Peace Without the Bankruptcy Reorganization of the Dying Trans-Atlantic…"" in June 2022.",generated,speaker,Dr. Ed Calabrese,yt-segmentation,1,1,added by reconcile from video-segmentation,accept,mk
egbert-drews-international-networking-in-the-economy,Egbert Drews,,,,,,,,"Drews, Egbert",none,,,,,speaker,Egbert Drews – International networking in the economy: Practical experience,yt-segmentation,1,1,added by reconcile from video-segmentation,merge:egbert-drews,mk
elisabeth-murray,Elisabeth Murray,,former Deputy National Intelligence Officer,United States,,,,,"Murray, Elisabeth",agenda:accept,former Deputy National Intelligence Officer,,"Elisabeth Murray is former Deputy National Intelligence Officer, in United States. Elisabeth Murray spoke at the Schiller Institute conference ""Man Is Not a Wolf to Man - For a New Paradigm in International Relations!"" in July 2025.",generated,speaker,Elisabeth Murray,yt-segmentation,1,1,added by reconcile from video-segmentation,accept,mk
elison-karuhanga,Elison Karuhanga,,,Uganda,,,,,"Karuhanga, Elison",none,,,"Elison Karuhanga took part in the Schiller Institute conference programme from Uganda. Elison Karuhanga spoke at the Schiller Institute conference ""The Age of Reason or the Annihilation of Humanity?"" in February 2023.",generated,speaker,"Elison Karuhanga (Uganda), Attorney; Expert in Energy Law; former State Attorney, Directorate of Civil Litigation, Attor",yt-segmentation,1,1,added by reconcile from video-segmentation,accept,mk
elvira-green,Elvira Green,,,,,,,,"Green, Elvira",none,,,,,speaker,"Elvira Green, Mezzo-soprano, 30-year member of the Metropolitan Opera, Founder of the Spiritual Renaissance Singers of G",yt-segmentation,1,1,added by reconcile from video-segmentation,merge:elvira-o-green,mk
emanuel-hohener,Emanuel Höhener,,,,,,,,"Höhener, Emanuel",none,,,Emanuel Höhener spoke at a Schiller Institute conference in June 2021.,generated,speaker,Emanuel Höhener,yt-segmentation,1,1,added by reconcile from video-segmentation,accept,mk
english-translation,English Translation,,,,,,,,"Translation, English",none,,,,,speaker,English Translation:,yt-segmentation,1,1,added by reconcile from video-segmentation,drop,mk
eric-walcott-director,Eric Walcott – Director,,,,,,,,"Director, Eric Walcott –",none,,,"Eric Walcott – Director spoke at the Schiller Institute conference ""Mankind Must Be the Immortal Species"" in November 2021.",generated,speaker,"Eric Walcott – Director, Strategic Partnerships at Institute of Caribbean Studies, Washington, D.C",yt-segmentation,1,1,added by reconcile from video-segmentation,accept,mk
ernest-johnson,Ernest Johnson,Dr.,,United States,,,,,"Johnson, Ernest",none,,,"Dr. Ernest Johnson took part in the Schiller Institute conference programme from United States. Ernest Johnson spoke at the Schiller Institute conference ""Mankind Must Be the Immortal Species"" in November 2021.",generated,speaker,"Dr. Ernest Johnson (U.S.) , President Emeritus Louisiana NAACP, attorney, professor of law Southern University Law Cente",yt-segmentation,1,1,added by reconcile from video-segmentation,accept,mk
eugene-simpson,Eugene Simpson,,,,,,,,"Simpson, Eugene",none,,,,,speaker,"Eugene Simpson: “Hall Johnson and the Dvorak Dream: From Spiritual to Art Song""",yt-segmentation,1,1,"added by reconcile from video-segmentation; merge direction flipped during File 3 review: the surviving canonical_name had a talk title bleeding into it, and canonical_name is not reviewer-editable",merge:eugene-thamon-simpson,mk
eugene-thamon-simpson,Eugene Thamon Simpson,,,,,,,,"Simpson, Eugene Thamon",none,,,Eugene Thamon Simpson spoke at a Schiller Institute conference in April 2020.,generated,speaker,"Eugene Thamon Simpson, bass",yt-segmentation,1,1,"added by reconcile from video-segmentation; merge direction flipped during File 3 review: the surviving canonical_name had a talk title bleeding into it, and canonical_name is not reviewer-editable",accept,mk
everett-suttle,Everett Suttle,,,,,,,,"Suttle, Everett",none,,,Everett Suttle spoke at 2 Schiller Institute conferences between 2020 and 2025.,generated,speaker,"Everett Suttle, Tenor",yt-segmentation,1,1,added by reconcile from video-segmentation,accept,mk
faiyaz-murshid-kazi,Faiyaz Murshid Kazi,Mr.,,,,,,,"Kazi, Faiyaz Murshid",none,,,"Faiyaz Murshid Kazi spoke at the Schiller Institute conference ""US-China Cooperation on the Belt and Road Initiative"" in April 2017.",generated,speaker,"Mr. Faiyaz Murshid Kazi, Counsellor, the Permanent Mission of Bangladesh to the United Nations addresses the Schiller In",yt-segmentation,1,1,added by reconcile from video-segmentation,accept,mk
felix-mendelssohn-elijah,Felix Mendelssohn: Elijah,,,,,,,,"Elijah, Felix Mendelssohn:",none,,,,,speaker,"Felix Mendelssohn: Elijah, No. 14- Lord God of Abraham, Isaac and Israel",yt-segmentation,1,1,added by reconcile from video-segmentation,drop,mk
folker-hellmeyer,Folker Hellmeyer,,,,,,,,"Hellmeyer, Folker",none,,,Folker Hellmeyer spoke at a Schiller Institute conference in June 2018.,generated,speaker,"Folker Hellmeyer, Economist , Germany",yt-segmentation,1,1,added by reconcile from video-segmentation,accept,mk
food-producers-roundtable,Food Producers Roundtable,,,,,,,,"Roundtable, Food Producers",none,,,,,speaker,Food Producers Roundtable,yt-segmentation,1,1,added by reconcile from video-segmentation,drop,mk
foreign-director-for-bonifica-s-p-a,Foreign Director for Bonifica S.p.A,,,,,,,,"S.p.A, Foreign Director for Bonifica",none,,,,,speaker,"Foreign Director for Bonifica S.p.A, Italy, Franco Persio Bocchetto's address to the Schiller Institute's conference, ""F",yt-segmentation,1,1,added by reconcile from video-segmentation,drop,mk
founder-and-artistic-director,Founder and Artistic Director,,,,,,,,"Director, Founder and Artistic",none,,,,,speaker,"Founder and Artistic Director, Harlem Opera Theater.",yt-segmentation,1,1,added by reconcile from video-segmentation,drop,mk
founder-and-chairman,Founder and Chairman,,,,,,,,"Chairman, Founder and",none,,,,,speaker,"Founder and Chairman, Schiller Institute",yt-segmentation,1,1,added by reconcile from video-segmentation,drop,mk
francesco-battaglia,Francesco Battaglia,,,,,,,,"Battaglia, Francesco",none,,,,,speaker,Francesco Battaglia,yt-segmentation,1,1,added by reconcile from video-segmentation,merge:franco-battaglia,mk
frank-endres-california,Frank Endres; California,,,,,,,,"California, Frank Endres;",none,,,,,speaker,"Frank Endres; California, member of the National Farmers Organization for 63 years,",yt-segmentation,1,1,added by reconcile from video-segmentation,merge:frank-endres,mk
frank-mathis-performs-glinka-s,"Frank Mathis performs Glinka's ""I Remember a Wondrous Moment",,,,,,,,"Moment, Frank Mathis performs Glinka's ""I Remember a Wondrous",none,,,,,speaker,"Frank Mathis performs Glinka's ""I Remember a Wondrous Moment""",yt-segmentation,1,1,added by reconcile from video-segmentation,drop,mk
franklin-mireri,Franklin Mireri,,,,,,,,"Mireri, Franklin",none,,,"Franklin Mireri spoke at the Schiller Institute conference ""Will Humanity Prosper, or Perish?"" in June 2020.",generated,speaker,"Franklin Mireri, YouLead Partnerships Coordinator, Tanzania: ""The Greatest Want of the World is for True Leaders.""",yt-segmentation,1,1,added by reconcile from video-segmentation,accept,mk
fred-m-membe,Fred M'membe,Dr.,,,,,,,"M'membe, Fred",none,,,"Fred M'membe spoke at the Schiller Institute conference ""The Age of Reason or the Annihilation of Humanity?"" in February 2023.",generated,speaker,"Dr. Fred M'membe, (Zambia), President of the Socialist Party of Zambia; former editor, Zambia Post; former Presidential ",yt-segmentation,1,1,added by reconcile from video-segmentation,accept,mk
friedrich-schiller-birthday-celebration-concert,Friedrich Schiller Birthday Celebration Concert,,,,,,,,"Concert, Friedrich Schiller Birthday Celebration",none,,,,,speaker,"Friedrich Schiller Birthday Celebration Concert, Part Two",yt-segmentation,1,1,added by reconcile from video-segmentation,drop,mk
geoff-young,Geoff Young,,,,,,,,"Young, Geoff",none,,,"Geoff Young spoke at the Schiller Institute conference ""There Can Be No Peace Without the Bankruptcy Reorganization of the Dying Trans-Atlantic…"" in June 2022.",generated,speaker,Geoff Young,yt-segmentation,1,1,added by reconcile from video-segmentation,accept,mk
george-koo,George Koo,,"Retired Business Consultant; Chairman, Burlingame Foundation",,,,,,"Koo, George",agenda:accept,"Retired Business Consultant; Chairman, Burlingame Foundation",,"George Koo is Retired Business Consultant; Chairman, Burlingame Foundation. George Koo spoke at 4 Schiller Institute conferences between 2021 and 2022.",generated,speaker,"George Koo, Retired Business Consultant; Chairman, Burlingame Foundation",yt-segmentation,1,1,added by reconcile from video-segmentation,accept,mk
german-economist,German Economist,,,Germany,,,,,"Economist, German",none,,,,,speaker,German Economist (Germany),yt-segmentation,1,1,added by reconcile from video-segmentation,drop,mk
gian-marco-sanna-geigenvirtuose,Gian Marco Sanna,,,,,,,,"Sanna, Gian Marco",none,,,,,speaker,"Gian Marco Sanna – Geigenvirtuose, Gründer und künstlerischer Leiter des Camerata-Projekts, London",yt-segmentation,1,1,added by reconcile from video-segmentation,merge:gian-marco-sanna,mk
gian-marco-sanna-violinist,Gian Marco Sanna – Violinist,,,,,,,,"Violinist, Gian Marco Sanna –",none,,,,,speaker,"Gian Marco Sanna – Violinist, Founder and artistic director of The Geminiani Project, London",yt-segmentation,1,1,added by reconcile from video-segmentation,merge:gian-marco-sanna,mk
glenn-diesen,Glenn Diesen,,,Norway,,,,,"Diesen, Glenn",none,,,"Glenn Diesen took part in the Schiller Institute conference programme from Norway. Glenn Diesen spoke at the Schiller Institute conference ""In the Spirit of Schiller and Beethoven: All Men Become Brethren!"" in December 2024.",generated,speaker,"Glenn Diesen (Norway), Professor and Author",yt-segmentation,1,1,added by reconcile from video-segmentation,accept,mk
gretchen-small,Gretchen Small,,"President, LaRouche Legacy Foundation",United States,,,,,"Small, Gretchen",agenda:accept,"President, LaRouche Legacy Foundation",,"Gretchen Small is President, LaRouche Legacy Foundation, in United States. Gretchen Small spoke at the Schiller Institute conference ""Inspiring Humanity to Survive the Greatest Crisis in World History"" in September 2022.",generated,speaker,"Gretchen Small (U.S.), Executive Intelligence Review",yt-segmentation,1,1,added by reconcile from video-segmentation,accept,mk
grusswort-von-helga-zepp-larouche,Grußwort von Helga Zepp-LaRouche,,,,,,,,"Zepp-LaRouche, Grußwort von Helga",none,,,,,speaker,"Grußwort von Helga Zepp-LaRouche, Präsidentin des Schiller-Institutes",yt-segmentation,1,1,added by reconcile from video-segmentation,merge:helga-zepp-larouche,mk
grussworte-von-lynne-speed,Grußworte von Lynne Speed,,,,,,,,"Speed, Grußworte von Lynne",none,,,"Grußworte von Lynne Speed spoke at the Schiller Institute conference ""Die Neue Seidenstraße"" in March 2015.",generated,speaker,"Grußworte von Lynne Speed, LaRouche Political Action Committee in New York City.",yt-segmentation,1,1,added by reconcile from video-segmentation,accept,mk
h-t-burleigh,H.T. Burleigh,,,,,,,,"Burleigh, H.T.",none,,,,,speaker,"H.T. Burleigh, arr: ""Deep River""",yt-segmentation,1,1,added by reconcile from video-segmentation,drop,mk
ha-b-pe-o,Натлья Витренко,,,,,,,"Натлья Витренко, экономист, председатель Прогрессивной социалистической партии Украины, Киев","Витренко, Натлья",none,,,"Натлья Витренко spoke at the Schiller Institute conference ""30th Anniversary of Schiller Institute - The New Silk Road and China's Lunar Program"" in October 2014.",generated,speaker,"Натлья Витренко, экономист, председатель Прогрессивной социалистической партии Украины, Киев",yt-segmentation,1,1,added by reconcile from video-segmentation,accept,mk
haidar-al-fuadi-al-atabe,Haidar Al-Fuadi Al-Atabe,,"Member, Council of Representatives, “The Importance of China-Iraq Cooperation for The Reconstruction of Iraq”.",Iraq,,,,,"Al-Atabe, Haidar Al-Fuadi",agenda:accept,"Member, Council of Representatives, “The Importance of China-Iraq Cooperation for The Reconstruction of Iraq”.",,"Haidar Al-Fuadi Al-Atabe is Member, Council of Representatives, “The Importance of China-Iraq Cooperation for The Reconstruction of Iraq”. Haidar Al-Fuadi Al-Atabe spoke at the Schiller Institute conference ""WORLD AT A CROSSROAD: Two Months into the New Administration"" in March 2021.",generated,speaker,Haidar Al-Fuadi Al-Atabe,yt-segmentation,1,1,added by reconcile from video-segmentation,accept,mk
hal-cooper-jr,Hal Cooper Jr.,Dr.,,,,,,,"Cooper Jr., Hal",none,,,,,speaker,"Dr. Hal Cooper Jr., Chairman, Seattle Freight Transport Advisory Board; expert on the proposed Bering Strait railroad tu",yt-segmentation,1,1,added by reconcile from video-segmentation,merge:hal-cooper,mk
hans-christof-von-sponeck,Hans-Christof von Sponeck,,former UN Humanitarian Coordinator in Iraq,Germany,,,,,"von Sponeck, Hans-Christof",agenda:accept,former UN Humanitarian Coordinator in Iraq,,"Hans-Christof von Sponeck is former UN Humanitarian Coordinator in Iraq, in Germany. Hans-Christof von Sponeck spoke at the Schiller Institute conference ""Man Is Not a Wolf to Man - For a New Paradigm in International Relations!"" in July 2025.",generated,speaker,Hans-Christof von Sponeck,yt-segmentation,1,1,added by reconcile from video-segmentation,accept,mk
hans-kochler,Hans Köchler,Prof.,,,,,,,"Köchler, Hans",none,,,Hans Köchler spoke at a Schiller Institute conference in June 2018.,generated,speaker,"Prof Hans Köchler, President of I.P.O.",yt-segmentation,1,1,added by reconcile from video-segmentation,accept,mk
hans-von-helldorff,Hans von Helldorff,,,,,,,,"von Helldorff, Hans",none,,,Hans von Helldorff spoke at a Schiller Institute conference in June 2018.,generated,speaker,"Hans von Helldorff, Spokesman, Federal Association of the German Silk Road Initiative",yt-segmentation,1,1,added by reconcile from video-segmentation,accept,mk
helga-zepp-larouche-in-paris,Helga Zepp-LaRouche in Paris,,,,,,,,"Paris, Helga Zepp-LaRouche in",none,,,,,speaker,"Helga Zepp-LaRouche in Paris: ""It's now or never for the New Silk Road""",yt-segmentation,1,1,added by reconcile from video-segmentation,merge:helga-zepp-larouche,mk
hisham-sharaf,Hisham Sharaf,,"Minister of Foreign Affairs, “Our Goal",Yemen,,,,,"Sharaf, Hisham",agenda:accept,"Minister of Foreign Affairs, “Our Goal",,"Hisham Sharaf is Minister of Foreign Affairs, “Our Goal, in Yemen. Hisham Sharaf spoke at the Schiller Institute conference ""WORLD AT A CROSSROAD: Two Months into the New Administration"" in March 2021.",generated,speaker,Hisham Sharaf,yt-segmentation,1,1,added by reconcile from video-segmentation,accept,mk
horst-joachim-ludecke,Horst-Joachim Lüdecke,Prof.,,,,,,,"Lüdecke, Horst-Joachim",none,,,Horst-Joachim Lüdecke spoke at a Schiller Institute conference in June 2021.,generated,speaker,Prof. Horst-Joachim Lüdecke,yt-segmentation,1,1,added by reconcile from video-segmentation,accept,mk
hossein-mousavian,Hossein Mousavian,Amb.,,Iran,,,,,"Mousavian, Hossein",none,,,"Amb. Hossein Mousavian took part in the Schiller Institute conference programme from Iran. Hossein Mousavian spoke at the Schiller Institute conference ""In the Spirit of Schiller and Beethoven: All Men Become Brethren!"" in December 2024.",generated,speaker,"Amb. Hossein Mousavian (Iran), former ambassador from Iran to Germany",yt-segmentation,1,1,added by reconcile from video-segmentation,accept,mk
huang-ping,Huang Ping,H.E. Ambassador,,,,,,,"Ping, Huang",none,,,Huang Ping spoke at a Schiller Institute conference in April 2020.,generated,speaker,—H.E. Ambassador Huang Ping,yt-segmentation,1,1,added by reconcile from video-segmentation,accept,mk
i-allegro,I. Allegro,,,,,,,,"Allegro, I.",none,,,,,speaker,I. Allegro,yt-segmentation,1,1,added by reconcile from video-segmentation,drop,mk
i-plenary-session,I. PLENARY SESSION (9:00 a.m. EDT),,,,,,,,"EDT), I. PLENARY SESSION (9:00 a.m.",none,,,,,speaker,I. PLENARY SESSION (9:00 a.m. EDT),yt-segmentation,1,1,added by reconcile from video-segmentation,drop,mk
if-brazil-resists,If Brazil resists,,,,,,,,"resists, If Brazil",none,,,,,speaker,"If Brazil resists, and does not submit, it could survive. If the average interest rate could kept below 10% in Brazil, a",yt-segmentation,1,1,added by reconcile from video-segmentation,drop,mk
ii-economy,II. ECONOMY (11:00 a.m. EDT),,,,,,,,"EDT), II. ECONOMY (11:00 a.m.",none,,,,,speaker,II. ECONOMY (11:00 a.m. EDT),yt-segmentation,1,1,added by reconcile from video-segmentation,drop,mk
iii-security,III. SECURITY (90 min.),,,,,,,,"min.), III. SECURITY (90",none,,,,,speaker,III. SECURITY (90 min.),yt-segmentation,1,1,added by reconcile from video-segmentation,drop,mk
iliad-alexander-terra,Iliad Alexander Terra,,,,,,,,"Terra, Iliad Alexander",none,,,"Iliad Alexander Terra spoke at the Schiller Institute conference ""Mankind Must Be the Immortal Species"" in November 2021.",generated,speaker,"Iliad Alexander Terra, (U.S.) Founder and President, Council on Global Relations",yt-segmentation,1,1,added by reconcile from video-segmentation,accept,mk
in-south-america,In South America,,,,,,,,"America, In South",none,,,,,speaker,"In South America, we see that Argentina has been destroyed, especially since 1982. We see that Bolivia is now in danger ",yt-segmentation,1,1,added by reconcile from video-segmentation,drop,mk
indiana-grain-and-livestock-farmer,Indiana Grain and Livestock Farmer,,,,,,,,"Farmer, Indiana Grain and Livestock",none,,,,,speaker,"Indiana Grain and Livestock Farmer, State President of Indiana Farmers Union",yt-segmentation,1,1,added by reconcile from video-segmentation,drop,mk
indira-mahajan,Indira Mahajan,,,,,,,,"Mahajan, Indira",none,,,Indira Mahajan spoke at a Schiller Institute conference in April 2020.,generated,speaker,"Indira Mahajan, Soprano",yt-segmentation,1,1,added by reconcile from video-segmentation,accept,mk
international-schiller-institute-conference,International Schiller Institute conference,,,,,,,,"conference, International Schiller Institute",none,,,,,speaker,International Schiller Institute conference,yt-segmentation,1,1,added by reconcile from video-segmentation,drop,mk
internationale-konferenz,Internationale Konferenz,,,,,,,,"Konferenz, Internationale",none,,,,,speaker,Internationale Konferenz:,yt-segmentation,1,1,added by reconcile from video-segmentation,drop,mk
intervention-d-helga-zepp-larouche,Intervention d'Helga Zepp-LaRouche,,,,,,,,"Zepp-LaRouche, Intervention d'Helga",none,,,,,speaker,"Intervention d'Helga Zepp-LaRouche, présidente de l'Institut Schiller International, lors de la conférence de l'Institut",yt-segmentation,1,1,added by reconcile from video-segmentation,merge:helga-zepp-larouche,mk
intervention-de-leonid-kadyshev,Intervention de Leonid Kadyshev,,,,,,,,"Kadyshev, Intervention de Leonid",none,,,,,speaker,"Intervention de Leonid Kadyshev, ministre-conseiller de l'Ambassade de Russie en France, lors de la conférence internati",yt-segmentation,1,1,added by reconcile from video-segmentation,merge:leonid-kadyshev,mk
iv-development,IV. DEVELOPMENT (90 min.),,,,,,,,"min.), IV. DEVELOPMENT (90",none,,,,,speaker,IV. DEVELOPMENT (90 min.),yt-segmentation,1,1,added by reconcile from video-segmentation,drop,mk
ivo-christov,Ivo Christov,Prof.,,,,,,,"Christov, Ivo",none,,,Ivo Christov spoke at a Schiller Institute conference in June 2018.,generated,speaker,"Prof. Ivo Christov, Member of Bulgarian Parliament",yt-segmentation,1,1,added by reconcile from video-segmentation,accept,mk
jacques-cheminade-l-identite-de-l-europe,Jacques Cheminade - L'identité de l'Europe,,,,,,,,"de l'Europe, Jacques Cheminade - L'identité",none,,,,,speaker,Jacques Cheminade - L'identité de l'Europe : l'avantage d'autrui dans le nouveau paradigme,yt-segmentation,1,1,added by reconcile from video-segmentation,merge:jacques-cheminade,mk
jacques-cheminade-president,Jacques Cheminade (France) President,,,,,,,,"President, Jacques Cheminade (France)",none,,,,,speaker,"Jacques Cheminade (France) President, Solidarite et Progres",yt-segmentation,1,1,added by reconcile from video-segmentation,merge:jacques-cheminade,mk
jacques-hogard,Jacques Hogard,Col.,former officer in the Foreign Legion and the,France,,,,,"Hogard, Jacques",agenda:accept,former officer in the Foreign Legion and the,,"Col. Jacques Hogard is former officer in the Foreign Legion and the, in France. Jacques Hogard spoke at the Schiller Institute conference ""Man Is Not a Wolf to Man - For a New Paradigm in International Relations!"" in July 2025.",generated,speaker,Colonel Jacques Hogard,yt-segmentation,1,1,added by reconcile from video-segmentation,accept,mk
james-george-jatras,James George Jatras,,,,,,,,"Jatras, James George",none,,,James George Jatras spoke at a Schiller Institute conference in September 2018.,generated,speaker,"James George Jatras, former U.S. diplomat and former advisor to the Republican Senate leadership.",yt-segmentation,1,1,added by reconcile from video-segmentation,accept,mk
james-jatras,James Jatras,,"former diplomat, former Advisor, U.S. Senate Republican Leadership",United States,,,,,"Jatras, James",agenda:accept,"former diplomat, former Advisor, U.S. Senate Republican Leadership",,,,speaker,"James Jatras (U.S.), former diplomat, former Advisor, U.S. Senate Republican Leadership",yt-segmentation,1,1,added by reconcile from video-segmentation,merge:james-george-jatras,mk
jan-carnogursky,Ján Čarnogurský (Slovakia),H.E.,,,,,,,"(Slovakia), Ján Čarnogurský",none,,,"Ján Čarnogurský (Slovakia) spoke at the Schiller Institute conference ""In the Spirit of Schiller and Beethoven: All Men Become Brethren!"" in December 2024.",generated,speaker,"H.E. Ján Čarnogurský (Slovakia), former Prime Minister of Slovakia",yt-segmentation,1,1,added by reconcile from video-segmentation,accept,mk
jay-naidoo,Jay Naidoo,,,,,,,,"Naidoo, Jay",none,,,"Jay Naidoo spoke at the Schiller Institute conference ""For a Conference to Establish a New Security and Development Architecture for All Nations"" in April 2022.",generated,speaker,"Jay Naidoo, cabinet minister under President Nelson Mandela, stresses the urgent need for NATO and Russia to negotiate a",yt-segmentation,1,1,added by reconcile from video-segmentation; built during File 3 review: presents on VLpRK_XU6hE,accept,mk
jerome-ravenet,Jérôme Ravenet,Dr.,"Professor of Philosophy, Sinologist",France,,,,,"Ravenet, Jérôme",agenda:accept,"Professor of Philosophy, Sinologist",,"Dr. Jérôme Ravenet is Professor of Philosophy, Sinologist, in France. Jérôme Ravenet spoke at the Schiller Institute conference ""Man Is Not a Wolf to Man - For a New Paradigm in International Relations!"" in July 2025.",generated,speaker,Dr. Jérôme Ravenet,yt-segmentation,1,1,added by reconcile from video-segmentation,accept,mk
jhonny-estor,Jhonny Estor,,,Haiti,,,,,"Estor, Jhonny",none,,,"Jhonny Estor took part in the Schiller Institute conference programme from Haiti. Jhonny Estor spoke at the Schiller Institute conference ""Mankind Must Be the Immortal Species"" in November 2021.",generated,speaker,"Jhonny Estor (Haiti), Founder, ""Renaissance Haiti""",yt-segmentation,1,1,added by reconcile from video-segmentation,accept,mk
jim-benham,Jim Benham,,,,,,,,"Benham, Jim",none,,,,,speaker,"Jim Benham, Indiana; State Pres. of Indiana Farmers Union, 20 Yr. National Board member, National Farmers Union,",yt-segmentation,1,1,added by reconcile from video-segmentation,merge:james-benham,mk
joe-maxwell,Joe Maxwell,,,,,,,,"Maxwell, Joe",none,,,Joe Maxwell spoke at a Schiller Institute conference in April 2020.,generated,speaker,"Joe Maxwell, Missouri; former Missouri Lt. Governor, co-founder of Family Farm Action Alliance,",yt-segmentation,1,1,added by reconcile from video-segmentation,accept,mk
johannes-brahms,Johannes Brahms,,,,,,,,"Brahms, Johannes",none,,,,,speaker,"Johannes Brahms, Von ewiger Liebe, Op. 43 No. 1",yt-segmentation,1,1,added by reconcile from video-segmentation,drop,mk
john-gong,John Gong,,,,,,,,"Gong, John",none,,,"John Gong spoke at the Schiller Institute conference ""Create a New Epoch for Mankind - Presidents' Day National Conference"" in February 2019.",generated,speaker,"John Gong, Professor of Economics at the University of International Business and Economics, Beijing — ""Chinese Investme",yt-segmentation,1,1,added by reconcile from video-segmentation,accept,mk
john-sigerson,John Sigerson,,"Advisory Committee, LaRouche Legacy Foundation",United States,,,,,"Sigerson, John",agenda:accept,"Advisory Committee, LaRouche Legacy Foundation",,"John Sigerson is with Advisory Committee, LaRouche Legacy Foundation, in United States. John Sigerson spoke at 8 Schiller Institute conferences between 2013 and 2025.",generated,speaker,"John Sigerson (U.S.), Musical Director, Schiller Institute",yt-segmentation,1,1,added by reconcile from video-segmentation,accept,mk
join-the-schiller-institute-https-bit-ly-join-si,JOIN THE SCHILLER INSTITUTE! https://bit.ly/join-si,,,,,,,,"https://bit.ly/join-si, JOIN THE SCHILLER INSTITUTE!",none,,,,,speaker,JOIN THE SCHILLER INSTITUTE! https://bit.ly/join-si,yt-segmentation,1,1,added by reconcile from video-segmentation,drop,mk
jose-vega,Jose Vega,,,United States,,,,,"Vega, Jose",none,,,Jose Vega took part in the Schiller Institute conference programme from United States. Jose Vega spoke at 2 Schiller Institute conferences between 2020 and 2025.,generated,speaker,"Jose Vega (U.S.), LaRouche Youth Movement Leader, Independent Congressional Candidate, Bronx, New York",yt-segmentation,1,1,added by reconcile from video-segmentation,accept,mk
josef-miklosko,Josef Miklosko,,,,,,,,"Miklosko, Josef",none,,,,,speaker,"Josef Miklosko, Former vice Prime Minister of Czechoslovakia",yt-segmentation,1,1,added by reconcile from video-segmentation,merge:jozef-miklosko,mk
jozef-miklosko,Jozef Mikloško (Slovak Republic),,"former Vice Premier, Czechoslovakia",,,,,,"Republic), Jozef Mikloško (Slovak",agenda:accept,"former Vice Premier, Czechoslovakia",,"Jozef Mikloško (Slovak Republic) is former Vice Premier, Czechoslovakia. Jozef Mikloško (Slovak Republic) spoke at 2 Schiller Institute conferences between 2020 and 2022.",generated,speaker,Jozef Mikloško (Slovak Republic),yt-segmentation,1,1,added by reconcile from video-segmentation,accept,mk
julio-de-vido,Julio De Vido,,,Argentina,,,,,"De Vido, Julio",none,,,"Julio De Vido took part in the Schiller Institute conference programme from Argentina. Julio De Vido spoke at the Schiller Institute conference ""The Age of Reason or the Annihilation of Humanity?"" in February 2023.",generated,speaker,"Julio De Vido (Argentina), former Minister of Planning and Public Investment, former member of Congress: ""BRICS-Plus: Br",yt-segmentation,1,1,added by reconcile from video-segmentation,accept,mk
jurgen-schottle,Jürgen Schöttle,,,Germany,,,,,"Schöttle, Jürgen",none,,,"Jürgen Schöttle took part in the Schiller Institute conference programme from Germany. Jürgen Schöttle spoke at the Schiller Institute conference ""In the Spirit of Schiller and Beethoven: All Men Become Brethren!"" in December 2024.",generated,speaker,"Jürgen Schöttle (Germany), Master in Engineering, Power Plant Construction",yt-segmentation,1,1,added by reconcile from video-segmentation,accept,mk
kevin-thompson,Kevin Thompson,,,,,,,,"Thompson, Kevin",none,,,"Kevin Thompson spoke at the Schiller Institute conference ""Mankind Must Be the Immortal Species"" in November 2021.",generated,speaker,"Kevin Thompson, Bass; Dura Jun, piano",yt-segmentation,1,1,added by reconcile from video-segmentation,accept,mk
khadijah-lang,Khadijah Lang,Dr.,"Chairman, National Medical Association (NMA) Council on International Affairs; President, Golden State Medical Association",United States,,,,,"Lang, Khadijah",agenda:accept,"Chairman, National Medical Association (NMA) Council on International Affairs; President, Golden State Medical Association",,"Dr. Khadijah Lang is Chairman, National Medical Association (NMA) Council on International Affairs, in United States. Khadijah Lang spoke at 3 Schiller Institute conferences in 2021.",generated,speaker,"Dr. Khadijah Lang (U.S.), Chairman, National Medical Association (NMA) Council on International Affairs; President, Gold",yt-segmentation,1,1,added by reconcile from video-segmentation,accept,mk
king-became,King became,Dr.,,,,,,,"became, King",none,,,,,speaker,"Dr. King became, in the last year of his life, and in the face of clear personal risk, an uncompromising opponent, not o",yt-segmentation,1,1,added by reconcile from video-segmentation,drop,mk
king-s-formulation,King's formulation,Dr.,,,,,,,"formulation, King's",none,,,,,speaker,"Dr. King's formulation, that ""the choice is no longer between violence and non-violence; the choice is now between non-v",yt-segmentation,1,1,added by reconcile from video-segmentation,drop,mk
kirk-wiebe,Kirk Wiebe,,,United States,,,,,"Wiebe, Kirk",none,,,"Kirk Wiebe took part in the Schiller Institute conference programme from United States. Kirk Wiebe spoke at the Schiller Institute conference ""Mankind Must Be the Immortal Species"" in November 2021.",generated,speaker,"Kirk Wiebe (U.S.), Senior Analyst (Ret.), U.S. National Security Agency (NSA), member, Veteran Intelligence Professional",yt-segmentation,1,1,added by reconcile from video-segmentation,accept,mk
kwame-cole,Kwame Cole,,,,,,,,"Cole, Kwame",none,,,"Kwame Cole spoke at the Schiller Institute conference ""Rescuing Civilization from the Brink"" in July 2013.",generated,speaker,"Kwame Cole, viola",yt-segmentation,1,1,added by reconcile from video-segmentation,accept,mk
kynan-thistlethwaite,Kynan Thistlethwaite,,,United States,,,,,"Thistlethwaite, Kynan",none,,,Kynan Thistlethwaite took part in the Schiller Institute conference programme from United States. Kynan Thistlethwaite spoke at 2 Schiller Institute conferences in 2025.,generated,speaker,Kynan Thistlethwaite (U.S.),yt-segmentation,1,1,added by reconcile from video-segmentation,accept,mk
l-beethoven,L. Beethoven,,,,,,,,"Beethoven, L.",none,,,,,speaker,"L. Beethoven: Sonata for Cello and Piano No. 4 in C Major, Op. 102, No. 1",yt-segmentation,1,1,added by reconcile from video-segmentation,drop,mk
larouche-collected-works,LaRouche Collected Works,,,,,,,,"Works, LaRouche Collected",none,,,,,speaker,"LaRouche Collected Works, Volume I—Two for $75 https://bit.ly/llf-special",yt-segmentation,1,1,added by reconcile from video-segmentation,drop,mk
larry-wilkerson,(ret.) Larry Wilkerson,Col.,,,,,,,"Wilkerson, (ret.) Larry",none,,,,,speaker,"Col. (ret.) Larry Wilkerson, (U.S.) former chief of staff to the US Secretary of State",yt-segmentation,1,1,added by reconcile from video-segmentation,merge:lawrence-wilkerson,mk
leevke-hinrichs,Leevke Hinrichs,,,,,,,,"Hinrichs, Leevke",none,,,"Leevke Hinrichs spoke at the Schiller Institute conference ""Rescuing Civilization from the Brink"" in July 2013.",generated,speaker,"Leevke Hinrichs, flute",yt-segmentation,1,1,added by reconcile from video-segmentation,accept,mk
liliana-gorini,Liliana Gorini,,,Italy,,,,,"Gorini, Liliana",none,,,Liliana Gorini took part in the Schiller Institute conference programme from Italy. Liliana Gorini spoke at 3 Schiller Institute conferences between 2013 and 2024.,generated,speaker,"Liliana Gorini (Italy), Chairwoman of Movisol, and Sebastiano Brusco (Italy), Pianist",yt-segmentation,1,1,added by reconcile from video-segmentation,accept,mk
linda-childs,Linda Childs,,,,,,,,"Childs, Linda",none,,,Linda Childs spoke at a Schiller Institute conference in April 2020.,generated,speaker,"Linda Childs, Alto",yt-segmentation,1,1,added by reconcile from video-segmentation,accept,mk
lisa-bryce,Lisa Bryce,,,,,,,,"Bryce, Lisa",none,,,"Lisa Bryce spoke at the Schiller Institute conference ""Mankind Must Be the Immortal Species"" in November 2021.",generated,speaker,"Lisa Bryce, Soprano; Dura Jun, piano",yt-segmentation,1,1,added by reconcile from video-segmentation,accept,mk
lissie-brobjerg,Lissie Brobjerg,,,,,,,,"Brobjerg, Lissie",none,,,"Lissie Brobjerg spoke at the Schiller Institute conference ""Will Humanity Prosper, or Perish?"" in June 2020.",generated,speaker,"Lissie Brobjerg, Schiller Institute, United States: ""Are You a Large-Scale Geological Force?""",yt-segmentation,1,1,added by reconcile from video-segmentation,accept,mk
liu-haifang,Liu Haifang,Prof.,,China,,,,,"Haifang, Liu",none,,,"Prof. Liu Haifang took part in the Schiller Institute conference programme from China. Liu Haifang spoke at the Schiller Institute conference ""The Age of Reason or the Annihilation of Humanity?"" in February 2023.",generated,speaker,"Prof. Liu Haifang (China), Beijing University: ""EU-China-Africa Relations and the New Architecture""",yt-segmentation,1,1,added by reconcile from video-segmentation,accept,mk
liu-qiang,Liu Qiang,Dr.,,,,,,,"Qiang, Liu",none,,,"Liu Qiang spoke at the Schiller Institute conference ""US-China Cooperation on the Belt and Road Initiative"" in April 2017.",generated,speaker,"Dr. Liu Qiang, Director of Energy Economics Division, Inst. of Quantitative & Technical Economics at Chinese Academy of ",yt-segmentation,1,1,added by reconcile from video-segmentation,accept,mk
ludwig-van-beethoven,Ludwig van Beethoven,,,,,,,,"van Beethoven, Ludwig",none,,,,,speaker,"Ludwig van Beethoven: ""An die ferne Geliebte,"" Op. 98 Poem by Ludwig Rellstab (1799–1860)",yt-segmentation,1,1,added by reconcile from video-segmentation,drop,mk
ludwig-van-beethoven-choral-fantasia,Ludwig van Beethoven,,,,,,,,"van Beethoven, Ludwig",none,,,,,speaker,"Ludwig van Beethoven: Choral Fantasia, Op. 80",yt-segmentation,1,1,added by reconcile from video-segmentation,drop,mk
madison-tang,Madison Tang,,,United States,,,,,"Tang, Madison",none,,,"Madison Tang took part in the Schiller Institute conference programme from United States. Madison Tang spoke at the Schiller Institute conference ""Mankind Must Be the Immortal Species"" in November 2021.",generated,speaker,"Madison Tang (U.S.), CODEPINK,",yt-segmentation,1,1,added by reconcile from video-segmentation,accept,mk
major-florian-d-pfaff,Major Florian D. Pfaff,,"spokesperson, ""Darmstadt Signal"" working group",Germany,,,,,"Pfaff, Major Florian D.",agenda:accept,"spokesperson, ""Darmstadt Signal"" working group",,"Major Florian D. Pfaff is with spokesperson, ""Darmstadt Signal"" working group, in Germany. Major Florian D. Pfaff spoke at the Schiller Institute conference ""Man Is Not a Wolf to Man - For a New Paradigm in International Relations!"" in July 2025.",generated,speaker,Major Florian D. Pfaff,yt-segmentation,1,1,added by reconcile from video-segmentation,accept,mk
major-general-peter-clegg,Major General (ret.) Peter Clegg,,,,,,,,"Clegg, Major General (ret.) Peter",none,,,Major General (ret.) Peter Clegg spoke at a Schiller Institute conference in June 2021.,generated,speaker,Major General (ret.) Peter Clegg,yt-segmentation,1,1,added by reconcile from video-segmentation,accept,mk
manuel-hassassian,Manuel Hassassian,H.E. Prof. Dr.,,Palestine,,,,,"Hassassian, Manuel",none,,,"H.E. Prof. Dr. Manuel Hassassian took part in the Schiller Institute conference programme from Palestine. Manuel Hassassian spoke at the Schiller Institute conference ""In the Spirit of Schiller and Beethoven: All Men Become Brethren!"" in December 2024.",generated,speaker,"H.E. Prof. Dr. Manuel Hassassian (Palestine), Palestinian Ambassador to Denmark",yt-segmentation,1,1,added by reconcile from video-segmentation; built during File 3 review: presents on 3cEmeoenoaA,accept,mk
marcelo-munoz,Marcelo Muñoz,,,Spain,,,,,"Muñoz, Marcelo",none,,,Marcelo Muñoz took part in the Schiller Institute conference programme from Spain. Marcelo Muñoz spoke at 2 Schiller Institute conferences between 2020 and 2023.,generated,speaker,"Marcelo Muñoz (Spain), Founder and President Emeritus of Cátedra China think tank, ""If Europe Decouples from China, It W",yt-segmentation,1,1,added by reconcile from video-segmentation,accept,mk
mariana-tian,Mariana TIAN,Prof.,,,,,,,"TIAN, Mariana",none,,,"Mariana TIAN spoke at the Schiller Institute conference ""Fulfilling the Dream of Mankind"" in November 2017.",generated,speaker,Prof. Mariana TIAN,yt-segmentation,1,1,added by reconcile from video-segmentation,accept,mk
mass-in-c-major,Mass in C Major,,,,,,,,"Major, Mass in C",none,,,,,speaker,"Mass in C Major, Op. 86, Schiller Institute NYC Chorus and Orchestra, John Sigerson, conductor",yt-segmentation,1,1,added by reconcile from video-segmentation,drop,mk
megan-beets-and-jason-ross,Megan Beets and Jason Ross,,,,,,,,"Ross, Megan Beets and Jason",none,,,,,speaker,"Megan Beets and Jason Ross, the ""Basement Team"" of Lyndon LaRouche",yt-segmentation,1,1,added by reconcile from video-segmentation,drop,mk
megan-dobrodt,Megan Dobrodt,,"U.S. President, The Schiller Institute",United States,,,,,"Dobrodt, Megan",agenda:accept,"U.S. President, The Schiller Institute",,"Megan Dobrodt is with U.S, in United States. Megan Dobrodt spoke at 4 Schiller Institute conferences between 2021 and 2025.",generated,speaker,"Megan Dobrodt (U.S.), President, Schiller Institute",yt-segmentation,1,1,added by reconcile from video-segmentation,accept,mk
meifang-zhang,Meifang Zhang,Ms.,,,,,,,"Zhang, Meifang",none,,,"Meifang Zhang spoke at the Schiller Institute conference ""US-China Cooperation on the Belt and Road Initiative"" in April 2017.",generated,speaker,"Ms. Meifang Zhang, Deputy Consul General, the Consulate General of the People's Republic of China in New York, address t",yt-segmentation,1,1,added by reconcile from video-segmentation,accept,mk
michael-grundler,Michael Gründler,,,,,,,,"Gründler, Michael",none,,,"Michael Gründler spoke at the Schiller Institute conference ""Attaining Freedom through Necessity - The Last Chance for Humanity"" in April 2013.",generated,speaker,"Michael Gründler, piano",yt-segmentation,1,1,added by reconcile from video-segmentation,accept,mk
michael-limburg,Michael Limburg,,,Germany,,,,,"Limburg, Michael",none,,,"Michael Limburg took part in the Schiller Institute conference programme from Germany. Michael Limburg spoke at the Schiller Institute conference ""In the Spirit of Schiller and Beethoven: All Men Become Brethren!"" in December 2024.",generated,speaker,"Michael Limburg (Germany), Master in Engineering, Vice President EIKE (European Institute for Climate and Energy)",yt-segmentation,1,1,added by reconcile from video-segmentation; built during File 3 review: presents on 3cEmeoenoaA,accept,mk
michele-geraci,Michele Geraci,,,Italy,,,,,"Geraci, Michele",none,,,Michele Geraci took part in the Schiller Institute conference programme from Italy. Michele Geraci spoke at 2 Schiller Institute conferences between 2020 and 2024.,generated,speaker,"Michele Geraci (Italy), Former Under Secretary of State, Ministry of Economic Development",yt-segmentation,1,1,added by reconcile from video-segmentation,accept,mk
mike-callicrate,Mike Callicrate,,"(Colorado), Cattleman, Founder of Ranch Foods Direct, policy advocate,operator of Mike’s “No Bull” Blog",,,,,,"Callicrate, Mike",agenda:accept,"(Colorado), Cattleman, Founder of Ranch Foods Direct, policy advocate,operator of Mike’s “No Bull” Blog",,"Mike Callicrate is (Colorado), Cattleman, Founder of Ranch Foods Direct, policy advocate,operator of Mike’s “No Bull” Blog. Mike Callicrate spoke at 5 Schiller Institute conferences between 2020 and 2022.",generated,speaker,Mike Callicrate,yt-segmentation,1,1,added by reconcile from video-segmentation,accept,mk
mike-campbell,Mike Campbell,,,United States,,,,,"Campbell, Mike",none,,,"Mike Campbell took part in the Schiller Institute conference programme from United States. Mike Campbell spoke at the Schiller Institute conference ""A Beautiful Vision for Humanity in Times of Great Turbulence! - Memorial Day Weekend…"" in May 2025.",generated,speaker,Mike Campbell (U.S.),yt-segmentation,1,1,added by reconcile from video-segmentation,accept,mk
mike-robinson,Mike Robinson,,,,,,,,"Robinson, Mike",none,,,"Mike Robinson spoke at the Schiller Institute conference ""There Can Be No Peace Without the Bankruptcy Reorganization of the Dying Trans-Atlantic…"" in June 2022.",generated,speaker,Mike Robinson,yt-segmentation,1,1,added by reconcile from video-segmentation,accept,mk
moderator-claudio-celani,Claudio Celani,,,Italy,,,,,"Celani, Claudio",none,,Moderator,"Claudio Celani took part in the Schiller Institute conference programme from Italy. Claudio Celani spoke at the Schiller Institute conference ""Mankind Must Be the Immortal Species"" in November 2021.",generated,speaker,"Moderator: Claudio Celani (Italy), Executive Intelligence Review",yt-segmentation,1,1,added by reconcile from video-segmentation,accept,mk
moderator-daniel-burke,Daniel Burke,,,United States,,,,,"Burke, Daniel",none,,Moderator,,,speaker,"Moderator: Daniel Burke (U.S.), The Schiller Institute",yt-segmentation,1,1,added by reconcile from video-segmentation,merge:daniel-burke,mk
moderator-dennis-small,Dennis Small,,,United States,,,,,"Small, Dennis",none,,Moderator,,,speaker,"Moderator: Dennis Small (U.S.), LaRouche Legacy Foundation",yt-segmentation,1,1,added by reconcile from video-segmentation,merge:dennis-small,mk
moderator-dennis-speed,Dennis Speed,,,United States,,,,,"Speed, Dennis",none,,Moderator,,,speaker,"Moderator: Dennis Speed (U.S.), The Schiller Institute",yt-segmentation,1,1,added by reconcile from video-segmentation,merge:dennis-speed,mk
moderator-jason-ross,Jason Ross,,,United States,,,,,"Ross, Jason",none,,Moderator,,,speaker,"Moderator: Jason Ross (U.S.), Science Advisor to the Schiller Institute: Welcome and Introduction",yt-segmentation,1,1,added by reconcile from video-segmentation,merge:jason-ross,mk
moderator-stephan-ossenkopp,Stephan Ossenkopp,,,Germany,,,,,"Ossenkopp, Stephan",none,,Moderator,"Stephan Ossenkopp took part in the Schiller Institute conference programme from Germany. Stephan Ossenkopp spoke at the Schiller Institute conference ""In the Spirit of Schiller and Beethoven: All Men Become Brethren!"" in December 2024.",generated,speaker,"Moderator: Stephan Ossenkopp (Germany), Schiller Institute: Welcome and Introduction",yt-segmentation,1,1,added by reconcile from video-segmentation,accept,mk
mohammed-bila,Mohammed Bila,,,,,,,,"Bila, Mohammed",none,,,Mohammed Bila spoke at a Schiller Institute conference in June 2018.,generated,speaker,"Mohammed Bila, Expert Modeler, Lake Chad Basin Observatory, Lake Chad Basin Commission",yt-segmentation,1,1,added by reconcile from video-segmentation,accept,mk
my-hoa-steger,My-Hoa Steger,,,,,,,,"Steger, My-Hoa",none,,,"My-Hoa Steger spoke at the Schiller Institute conference ""Create a New Epoch for Mankind - Presidents' Day National Conference"" in February 2019.",generated,speaker,"My-Hoa Steger, piano",yt-segmentation,1,1,added by reconcile from video-segmentation,accept,mk
nader-majd,Nader Majd,,,Iran,,,,,"Majd, Nader",none,,,"Nader Majd took part in the Schiller Institute conference programme from Iran. Nader Majd spoke at the Schiller Institute conference ""In the Spirit of Schiller and Beethoven: All Men Become Brethren!"" in December 2024.",generated,speaker,"Nader Majd (Iran/U.S.), President and Director, Center for Persian Classical Music, Vienna, VA",yt-segmentation,1,1,added by reconcile from video-segmentation,accept,mk
naledi-pandor,Naledi Pandor,Dr.,former Minister of International Relations and Cooperation of the Republic of South Africa,South Africa,,,,,"Pandor, Naledi",agenda:accept,former Minister of International Relations and Cooperation of the Republic of South Africa,,Dr. Naledi Pandor is former Minister of International Relations and Cooperation of the Republic of South Africa. Naledi Pandor spoke at 3 Schiller Institute conferences between 2024 and 2025.,generated,speaker,Dr. Naledi Pandor,yt-segmentation,1,1,added by reconcile from video-segmentation,accept,mk
new-paradigm-conference-sterling,New Paradigm Conference · Sterling,,,,,,,,"Sterling, New Paradigm Conference ·",none,,,,,speaker,"New Paradigm Conference · Sterling, Virginia, USA",yt-segmentation,1,1,added by reconcile from video-segmentation,drop,mk
new-silk-road,New Silk Road,,,,,,,,"Road, New Silk",none,,,,,speaker,New Silk Road: Discussion Period 2,yt-segmentation,1,1,added by reconcile from video-segmentation,drop,mk
nicola-scafetta,Nicola Scafetta,Prof.,,,,,,,"Scafetta, Nicola",none,,,Nicola Scafetta spoke at a Schiller Institute conference in June 2021.,generated,speaker,Prof. Nicola Scafetta,yt-segmentation,1,1,added by reconcile from video-segmentation,accept,mk
nicole-phrang,Nicole Phrang,,"Kansas Cattle Rancher, Secretary-Treasurer, Kansas Cattlemen’s Association",,,,,,"Phrang, Nicole",agenda:accept,"Kansas Cattle Rancher, Secretary-Treasurer, Kansas Cattlemen’s Association",,"Nicole Phrang is Kansas Cattle Rancher, Secretary-Treasurer, Kansas Cattlemen’s Association. Nicole Phrang spoke at the Schiller Institute conference ""WORLD AT A CROSSROAD: Two Months into the New Administration"" in March 2021.",generated,speaker,Nicole Phrang,yt-segmentation,1,1,added by reconcile from video-segmentation,accept,mk
nie-lei,Nie Lei,Prof.,,,,,,,"Lei, Nie",none,,,"Nie Lei spoke at the Schiller Institute conference ""US-China Cooperation on the Belt and Road Initiative"" in April 2017.",generated,speaker,"Prof. Nie Lei, Dean, School of Traffic and Transportation, Beijing Jiaotong University addresses the Schiller Institute'",yt-segmentation,1,1,added by reconcile from video-segmentation,accept,mk
nikolay-megits,Nikolay Megits,Dr.,,United States,,,,,"Megits, Nikolay",none,,,"Dr. Nikolay Megits took part in the Schiller Institute conference programme from United States. Nikolay Megits spoke at the Schiller Institute conference ""Mankind Must Be the Immortal Species"" in November 2021.",generated,speaker,"Dr. Nikolay Megits (U.S.), President of Institute of Eastern Europe and Central Asia",yt-segmentation,1,1,added by reconcile from video-segmentation,accept,mk
nuraly-bekturganov,Nuraly Bekturganov,Prof.,,,,,,,"Bekturganov, Nuraly",none,,,Nuraly Bekturganov spoke at a Schiller Institute conference in June 2018.,generated,speaker,"Professor Nuraly Bekturganov, Vice President of Academy of Natural Sciences of Kazakhstan",yt-segmentation,1,1,added by reconcile from video-segmentation,accept,mk
of-global-development,of Global Development,,,,,,,,"Development, of Global",none,,,,,speaker,of Global Development,yt-segmentation,1,1,added by reconcile from video-segmentation,drop,mk
on-june-3,On June 3,,,,,,,,"3, On June",none,,,,,speaker,"On June 3, the U.S. State Department prevented U.S. citizen Scott Ritter from boarding his flight to St. Petersburg, Rus",yt-segmentation,1,1,added by reconcile from video-segmentation,drop,mk
on-june-30,On June 30,,,,,,,,"30, On June",none,,,,,speaker,"On June 30, 2017, singers, teachers and other lovers of wisdom gathered in the New York Public Library's Bruno Walter Au",yt-segmentation,1,1,added by reconcile from video-segmentation,drop,mk
on-saturday,On Saturday,,,,,,,,"Saturday, On",none,,,,,speaker,"On Saturday, April 7, Schiller institute founder Helga Zepp-LaRouche will keynote this conference to rally Americans to ",yt-segmentation,1,1,added by reconcile from video-segmentation,drop,mk
on-the-ground-interview,On the Ground Interview,,,,,,,,"Interview, On the Ground",none,,,,,speaker,On the Ground Interview: Can US-Russia Cooperation be Developed?,yt-segmentation,1,1,added by reconcile from video-segmentation,drop,mk
on-wednesday,On Wednesday,,,,,,,,"Wednesday, On",none,,,,,speaker,"On Wednesday, June 12 at the National Press Club in Washington, D.C., a distinguished panel of four experts will each ma",yt-segmentation,1,1,added by reconcile from video-segmentation,drop,mk
original-german,Original German,,,,,,,,"German, Original",none,,,,,speaker,Original German:,yt-segmentation,1,1,added by reconcile from video-segmentation,drop,mk
otl-a-d-ulrich-scholz-krieg,OTL a.D. Ulrich Scholz,,,,,,,,"Scholz, OTL a.D. Ulrich",none,,,,,speaker,OTL a.D. Ulrich Scholz – Krieg: eine Pathologie des Westens,yt-segmentation,1,1,added by reconcile from video-segmentation,merge:ulrich-scholz,mk
p-a-e-xa-e,Д-р Фатиме Хашеми,,,,,,,"Д-р Фатиме Хашеми, президент Ассоциации солидарности женщин Ирана, Тегеран, Исламская республика Иран","Хашеми, Д-р Фатиме",none,,,"Д-р Фатиме Хашеми spoke at the Schiller Institute conference ""30th Anniversary of Schiller Institute - The New Silk Road and China's Lunar Program"" in October 2014.",generated,speaker,"Д-р Фатиме Хашеми, президент Ассоциации солидарности женщин Ирана, Тегеран, Исламская республика Иран",yt-segmentation,1,1,added by reconcile from video-segmentation,accept,mk
p-bo-a-e,Д-р Вольфганг Лилльге,,,,,,,"Д-р Вольфганг Лилльге, главный редактор журнала ""Фузион"", Берлин, Германия","Лилльге, Д-р Вольфганг",none,,,,,speaker,"Д-р Вольфганг Лилльге, главный редактор журнала ""Фузион"", Берлин, Германия",yt-segmentation,1,1,added by reconcile from video-segmentation,merge:wolfgang-lillge,mk
pakdee-tanapura,Pakdee Tanapura,,,,,,,,"Tanapura, Pakdee",none,,,Pakdee Tanapura spoke at 2 Schiller Institute conferences between 2013 and 2017.,generated,speaker,Pakdee Tanapura: Contribution from Thailand,yt-segmentation,1,1,added by reconcile from video-segmentation,accept,mk
panel-2-diplomatic-dialogue,Panel 2 Diplomatic Dialogue,,,,,,,,"Dialogue, Panel 2 Diplomatic",none,,,,,speaker,Panel 2 Diplomatic Dialogue: Peace through Development and Cooperation or Annihilation?,yt-segmentation,1,1,added by reconcile from video-segmentation,drop,mk
par-jean-christophe-vautrin,par Jean-Christophe Vautrin,,,,,,,,"Vautrin, par Jean-Christophe",none,,,,,speaker,"par Jean-Christophe Vautrin, Président du Club Chine EMLyon Forever",yt-segmentation,1,1,added by reconcile from video-segmentation,merge:jean-christophe-vautrin,mk
par-jean-francois-di-meglio,Par Jean-François Di Meglio,,,,,,,,"Di Meglio, Par Jean-François",none,,,,,speaker,"Par Jean-François Di Meglio, président d'ASIA Centre.",yt-segmentation,1,1,added by reconcile from video-segmentation,merge:jean-francois-di-meglio,mk
par-marco-zanni,par Marco Zanni,,,,,,,,"Zanni, par Marco",none,,,,,speaker,"par Marco Zanni, député européen.",yt-segmentation,1,1,added by reconcile from video-segmentation,merge:marco-zanni,mk
par-moni-abdullah,par Moni Abdullah,,,,,,,,"Abdullah, par Moni",none,,,"par Moni Abdullah spoke at the Schiller Institute conference ""Fulfilling the Dream of Mankind"" in November 2017.",generated,speaker,par Moni Abdullah,yt-segmentation,1,1,added by reconcile from video-segmentation,accept,mk
paul-driessen,Paul Driessen,,,,,,,,"Driessen, Paul",none,,,Paul Driessen spoke at a Schiller Institute conference in June 2021.,generated,speaker,Paul Driessen,yt-segmentation,1,1,added by reconcile from video-segmentation,accept,mk
pe-ma-o-ep,Рей Макговерн,,,,,,,"Рей Макговерн, организация ""Ветераны-профессионалы разведки за здравый смысл"", США","Макговерн, Рей",none,,,,,speaker,"Рей Макговерн, организация ""Ветераны-профессионалы разведки за здравый смысл"", США",yt-segmentation,1,1,added by reconcile from video-segmentation,merge:raymond-mcgovern,mk
pedro-pinho,Pedro Pinho,,,Brazil,,,,,"Pinho, Pedro",none,,,"Pedro Pinho took part in the Schiller Institute conference programme from Brazil. Pedro Pinho spoke at the Schiller Institute conference ""The Age of Reason or the Annihilation of Humanity?"" in February 2023.",generated,speaker,"Pedro Pinho (Brazil), President, Association of Petrobras Engineers (AEPET): ""Brazil Must Back its BRICS Partners to End",yt-segmentation,1,1,added by reconcile from video-segmentation,accept,mk
pedro-rubio,Pedro Rubio,,,,,,,,"Rubio, Pedro",none,,,Pedro Rubio spoke at 2 Schiller Institute conferences between 2021 and 2022.,generated,speaker,Pedro Rubio,yt-segmentation,1,1,added by reconcile from video-segmentation,accept,mk
performed-november-18,Performed November 18,,,,,,,,"18, Performed November",none,,,,,speaker,"Performed November 18, 2018 at St. Bartholomew's Church, NYC",yt-segmentation,1,1,added by reconcile from video-segmentation,drop,mk
performer-russian-children-s-chorus,Performer: Russian Children's Chorus,,,,,,,,"Chorus, Performer: Russian Children's",none,,,,,speaker,"Performer: Russian Children's Chorus, Schostakowitsch-Musikschule Berlin-Lichtenberg",yt-segmentation,1,1,added by reconcile from video-segmentation,drop,mk
performer-schiller-institute-chorus,Performer: Schiller Institute Chorus,,,,,,,,"Chorus, Performer: Schiller Institute",none,,,,,speaker,"Performer: Schiller Institute Chorus, Camerata Geminiani Orchester and Friends",yt-segmentation,1,1,added by reconcile from video-segmentation,drop,mk
performer-the-schiller-institute-chorus,Performer: The Schiller Institute Chorus,,,,,,,,"Chorus, Performer: The Schiller Institute",none,,,,,speaker,"Performer: The Schiller Institute Chorus, Camerata Geminiani, Russian Children's Chorus and the audiences.",yt-segmentation,1,1,added by reconcile from video-segmentation,drop,mk
phil-rubenstein,Phil Rubenstein,,,,,,,,"Rubenstein, Phil",none,,,,,speaker,"Phil Rubenstein, a long time scientific collaborator of American Statesman and economist Lyndon LaRouche, delivers a str",yt-segmentation,1,1,added by reconcile from video-segmentation,merge:phil-rubinstein,mk
piano-accompaniment-by-brent-bedford,Piano Accompaniment by Brent Bedford,,,,,,,,"Bedford, Piano Accompaniment by Brent",none,,,,,speaker,Piano Accompaniment by Brent Bedford,yt-segmentation,1,1,added by reconcile from video-segmentation,drop,mk
ping-huang,Ping Huang,Amb.,Consul General of the Consulate General of the People’s Republic of China in New York,China,,,,,"Huang, Ping",agenda:accept,Consul General of the Consulate General of the People’s Republic of China in New York,,,,speaker,Ambassador Ping Huang,yt-segmentation,1,1,added by reconcile from video-segmentation,merge:huang-ping,mk
pino-arlacchi,Pino Arlacchi,,,Italy,,,,,"Arlacchi, Pino",none,,,"Pino Arlacchi took part in the Schiller Institute conference programme from Italy. Pino Arlacchi spoke at the Schiller Institute conference ""Mankind Must Be the Immortal Species"" in November 2021.",generated,speaker,"Pino Arlacchi (Italy), Sociology Professor at Sassari University, Former Executive Director of the UN Office for Drug Co",yt-segmentation,1,1,added by reconcile from video-segmentation,accept,mk
plo-lumumba,PLO Lumumba,Prof.,former Director and Executive Director of the Kenya School of Law,Kenya,,,,,"Lumumba, PLO",agenda:accept,former Director and Executive Director of the Kenya School of Law,,"Prof. PLO Lumumba is former Director and Executive Director of the Kenya School of Law. PLO Lumumba spoke at the Schiller Institute conference ""Man Is Not a Wolf to Man - For a New Paradigm in International Relations!"" in July 2025.",generated,speaker,Prof. PLO Lumumba,yt-segmentation,1,1,added by reconcile from video-segmentation,accept,mk
po-o-c-epo,Проф. Эндзо Сивьеро,,,,,,,"Проф. Эндзо Сивьеро, член Итальянского национального совета университетов, Венеция, Италия","Сивьеро, Проф. Эндзо",none,,,,,speaker,"Проф. Эндзо Сивьеро, член Итальянского национального совета университетов, Венеция, Италия",yt-segmentation,1,1,added by reconcile from video-segmentation,merge:enzo-siviero,mk
po-p-ba-co,Проф. д-р У Вансо,,,,,,,"Проф. д-р У Вансо, декан факультета ядерной науки и техники, Университет Ланьчжоу, Китай","Вансо, Проф. д-р У",none,,,,,speaker,"Проф. д-р У Вансо, декан факультета ядерной науки и техники, Университет Ланьчжоу, Китай",yt-segmentation,1,1,added by reconcile from video-segmentation,merge:проф-д-р-у-вансо,mk
pr-carl-otto-weiss,Pr Carl-Otto Weiss,,,,,,,,"Weiss, Pr Carl-Otto",none,,,,,speaker,"Pr Carl-Otto Weiss, consultant à l'Institut européen pour le climat et l'énergie, ancien président de l'Agence nationale",yt-segmentation,1,1,added by reconcile from video-segmentation,merge:carl-otto-weiss,mk
pr-safieeldin-mohamed-metwally,Pr Safieeldin Mohamed Metwally,,,,,,,,"Metwally, Pr Safieeldin Mohamed",none,,,,,speaker,"Pr Safieeldin Mohamed Metwally, Centre national de recherche sur les déserts, Le Caire, Egypte.",yt-segmentation,1,1,added by reconcile from video-segmentation,merge:safieeldin-mohamed-metwally,mk
presentation-by-richard-trifan,Presentation by Richard Trifan,,,,,,,,"Trifan, Presentation by Richard",none,,,,,speaker,"Presentation by Richard Trifan, VP of the Eurasia Center, to the ""New Silk Road: A Global Engineering Renaissance"" confe",yt-segmentation,1,1,added by reconcile from video-segmentation,merge:richard-trifan,mk
professeur-enzo-siviero,Professeur Enzo Siviero,,,,,,,,"Siviero, Professeur Enzo",none,,,,,speaker,"Professeur Enzo Siviero, Membre du Conseil National Italien des Universités, Venise, Italie",yt-segmentation,1,1,added by reconcile from video-segmentation,merge:enzo-siviero,mk
project-phoenix-aleppo,Project Phoenix—Aleppo,,,,,,,,"Phoenix—Aleppo, Project",none,,,,,speaker,Project Phoenix—Aleppo: The Eternal City,yt-segmentation,1,1,added by reconcile from video-segmentation,drop,mk
rachel-brinkley,Rachel Brinkley,,,,,,,,"Brinkley, Rachel",none,,,Rachel Brinkley spoke at a Schiller Institute conference in December 2014.,generated,speaker,"Rachel Brinkley, Former Congressional Candidate. Presentation on the danger of world war and colored revolution, and the",yt-segmentation,1,1,added by reconcile from video-segmentation,accept,mk
rainer-sandau-technical-director,Rainer Sandau,,,,,,,,"Sandau, Rainer",none,,,,,speaker,"Rainer Sandau – Technical Director, Satellites and Space Applications of the International Academy of Astronautics (IAA)",yt-segmentation,1,1,added by reconcile from video-segmentation,merge:rainer-sandau,mk
reading-from-friedrich-schiller,Reading from Friedrich Schiller,,,,,,,,"Schiller, Reading from Friedrich",none,,,,,speaker,"Reading from Friedrich Schiller, Dikran Tulaine",yt-segmentation,1,1,added by reconcile from video-segmentation,drop,mk
recorded-june-13,Recorded June 13,,,,,,,,"13, Recorded June",none,,,,,speaker,"Recorded June 13, 2022",yt-segmentation,1,1,added by reconcile from video-segmentation,drop,mk
rede-von-dr-hermann-schwiesau,Rede von Dr. Hermann Schwiesau,,,,,,,,"Schwiesau, Rede von Dr. Hermann",none,,,"Rede von Dr. Hermann Schwiesau spoke at the Schiller Institute conference ""Die Neue Seidenstraße"" in March 2015.",generated,speaker,"Rede von Dr. Hermann Schwiesau, Botschafter a.D.",yt-segmentation,1,1,added by reconcile from video-segmentation,accept,mk
rede-von-jacques-cheminade,Rede von Jacques Cheminade,,,,,,,,"Cheminade, Rede von Jacques",none,,,,,speaker,"Rede von Jacques Cheminade, Präsident von Solidarité et Progrès, Paris, Frankreich.",yt-segmentation,1,1,added by reconcile from video-segmentation,merge:jacques-cheminade,mk
rede-von-jayshree-sengupta,Rede von Jayshree Sengupta,,,,,,,,"Sengupta, Rede von Jayshree",none,,,,,speaker,"Rede von Jayshree Sengupta, Senior Fellow, Observer Research Foundation, Neu Delhi, Indien.",yt-segmentation,1,1,added by reconcile from video-segmentation,merge:jayshree-sengupta,mk
rede-von-rainer-apel,Rede von Rainer Apel,,,,,,,,"Apel, Rede von Rainer",none,,,"Rede von Rainer Apel spoke at the Schiller Institute conference ""Die Neue Seidenstraße"" in March 2015.",generated,speaker,"Rede von Rainer Apel, Mitglied des Vorstandes des Schiller-Institutes",yt-segmentation,1,1,added by reconcile from video-segmentation,accept,mk
rede-von-robert-barwick,Rede von Robert Barwick,,,,,,,,"Barwick, Rede von Robert",none,,,,,speaker,"Rede von Robert Barwick, Citizens Electoral Council CEC, Australien.",yt-segmentation,1,1,added by reconcile from video-segmentation,merge:robert-barwick,mk
reginald-bouknight,Reginald Bouknight,,,,,,,,"Bouknight, Reginald",none,,,"Reginald Bouknight spoke at the Schiller Institute conference ""Symposium: The Aesthetic Education of Humanity Through Music - Concluding Event of Two…"" in June 2017.",generated,speaker,"Reginald Bouknight, Tenor, performs ""Auf dem Hügel sitz ich spähend"" from Beethoven's ""An die ferne Geliebte"", Op. 98.",yt-segmentation,1,1,added by reconcile from video-segmentation,accept,mk
rep-walter-jones,Walter Jones,Rep.,,,,,,,"Jones, Walter",none,,,,,speaker,Rep. Walter Jones: Act Now on Two Bills to Save the United States,yt-segmentation,1,1,added by reconcile from video-segmentation,merge:walter-jones,mk
richard-freeman,Richard Freeman,,"Executive Intelligence Review, “The Global Reset",,,,,,"Freeman, Richard",agenda:accept,"Executive Intelligence Review, “The Global Reset",,"Richard Freeman is with Executive Intelligence Review, “The Global Reset. Richard Freeman spoke at 2 Schiller Institute conferences in 2021.",generated,speaker,"Richard Freeman, (U.S.), Executive Intelligence Review and co-author of Schiller Institute Plan to Develop Haiti.",yt-segmentation,1,1,added by reconcile from video-segmentation,accept,mk
richard-trifan,Richard Trifan,,,,,,,,"Trifan, Richard",none,,,"Richard Trifan spoke at the Schiller Institute conference ""US-China Cooperation on the Belt and Road Initiative"" in April 2017.",generated,speaker,"Richard Trifan, Vice President, Government Relations and Trade, The Eurasia Center, Washington, D.C. addresses the Schil",yt-segmentation,1,1,added by reconcile from video-segmentation,accept,mk
riverside-church,Riverside Church,,,,,,,,"Church, Riverside",none,,,,,speaker,"Riverside Church, New York City · January 26, 2013",yt-segmentation,1,1,added by reconcile from video-segmentation,drop,mk
robert-baker,Robert Baker,,,United States,,,,,"Baker, Robert",none,,,,,speaker,"Robert Baker (U.S.), Schiller Institute Agriculture Advisor",yt-segmentation,1,1,added by reconcile from video-segmentation,merge:robert-l-baker,mk
robert-castle,Robert Castle,,,United States,,,,,"Castle, Robert",none,,,"Robert Castle took part in the Schiller Institute conference programme from United States. Robert Castle spoke at the Schiller Institute conference ""A Beautiful Vision for Humanity in Times of Great Turbulence! - Memorial Day Weekend…"" in May 2025.",generated,speaker,Robert Castle (U.S.),yt-segmentation,1,1,added by reconcile from video-segmentation,accept,mk
robert-schumann,Robert Schumann: Träumerei,,,,,,,,"Träumerei, Robert Schumann:",none,,,,,speaker,Robert Schumann: Träumerei,yt-segmentation,1,1,added by reconcile from video-segmentation,drop,mk
roger-stone,Roger Stone,,,,,,,,"Stone, Roger",none,,,Roger Stone spoke at 2 Schiller Institute conferences in 2018.,generated,speaker,"Roger Stone: It's a Fight for the Republic, Not the Two-Party Duopoly",yt-segmentation,1,1,added by reconcile from video-segmentation,accept,mk
s-e-bouthaina-shabaan,S. E. Bouthaina Shabaan,,,,,,,,"Shabaan, S. E. Bouthaina",none,,,,,speaker,"S. E. Bouthaina Shabaan, présidence syrienne.",yt-segmentation,1,1,added by reconcile from video-segmentation,merge:bouthaina-shaaban,mk
saad-mohamed-mahmoud-elgioshy,Saad Mohamed Mahmoud Elgioshy,Dr.,,,,,,,"Elgioshy, Saad Mohamed Mahmoud",none,,,"Saad Mohamed Mahmoud Elgioshy spoke at the Schiller Institute conference ""Fulfilling the Dream of Mankind"" in November 2017.",generated,speaker,"Dr. Saad Mohamed Mahmoud Elgioshy, Former Transport Minister, Egypt, presents an inspiring vision for Egypt's future in ",yt-segmentation,1,1,added by reconcile from video-segmentation,accept,mk
sarah-fahim,Sarah Fahim,,,,,,,,"Fahim, Sarah",none,,,"Sarah Fahim spoke at the Schiller Institute conference ""Will Humanity Prosper, or Perish?"" in June 2020.",generated,speaker,"Sarah Fahim, Student from Morocco Studying in Paris, France",yt-segmentation,1,1,added by reconcile from video-segmentation,accept,mk
schiller-institute,Schiller Institute,,,,,,,,"Institute, Schiller",none,,,,,speaker,Schiller Institute,yt-segmentation,1,1,added by reconcile from video-segmentation,drop,mk
schiller-institute-chorus,Schiller Institute Chorus,,,,,,,,"Chorus, Schiller Institute",none,,,,,speaker,Schiller Institute Chorus,yt-segmentation,1,1,added by reconcile from video-segmentation,drop,mk
schiller-institute-conference,Schiller Institute Conference,,,,,,,,"Conference, Schiller Institute",none,,,,,speaker,Schiller Institute Conference,yt-segmentation,1,1,added by reconcile from video-segmentation,drop,mk
schiller-institute-orchestra,Schiller Institute Orchestra,,,,,,,,"Orchestra, Schiller Institute",none,,,,,speaker,Schiller Institute Orchestra,yt-segmentation,1,1,added by reconcile from video-segmentation,drop,mk
sebastien-drochon-space-policy-director,Sébastien Drochon,,,,,,,,"Drochon, Sébastien",none,,,,,speaker,"Sébastien Drochon: Space Policy Director, French Schiller Institute",yt-segmentation,1,1,added by reconcile from video-segmentation,merge:sebastien-drochon,mk
sergei-pulinets,Sergei Pulinets,Prof.,,,,,,,"Pulinets, Sergei",none,,,,,speaker,Prof. Sergei Pulinets,yt-segmentation,1,1,added by reconcile from video-segmentation,merge:sergey-pulinets,mk
sergey-pulinets,Sergey Pulinets,,,Russia,,,,,"Pulinets, Sergey",none,,,Sergey Pulinets took part in the Schiller Institute conference programme from Russia. Sergey Pulinets spoke at 2 Schiller Institute conferences between 2013 and 2024.,generated,speaker,"Sergey Pulinets (Russia), Principal Research Scientist, Space Research Institute, Russian Academy of Sciences, Moscow",yt-segmentation,1,1,added by reconcile from video-segmentation,accept,mk
shah-mehrabi,Shah Mehrabi,Dr.,,Afghanistan,,,,,"Mehrabi, Shah",none,,,"Dr. Shah Mehrabi took part in the Schiller Institute conference programme from Afghanistan. Shah Mehrabi spoke at the Schiller Institute conference ""Mankind Must Be the Immortal Species"" in November 2021.",generated,speaker,"Dr. Shah Mehrabi (Afghanistan), Member of Board of Governors of Central Bank of Afghanistan and Chairman of Audit Commit",yt-segmentation,1,1,added by reconcile from video-segmentation,accept,mk
shakeel-ahmad-ramay,Shakeel Ahmad Ramay,,,Pakistan,,,,,"Ramay, Shakeel Ahmad",none,,,Shakeel Ahmad Ramay took part in the Schiller Institute conference programme from Pakistan. Shakeel Ahmad Ramay spoke at 2 Schiller Institute conferences between 2021 and 2023.,generated,speaker,"Shakeel Ahmad Ramay (Pakistan), CEO, Asian Institute of Eco-Civilization Research and Development: ""Sustainable Peace th",yt-segmentation,1,1,added by reconcile from video-segmentation,accept,mk
shirley-evers-manley,Shirley Evers-Manley,Dr.,"Interim Dean, Alcorn University School of Nursing, Mississippi, USA; Chairman, Global Health Committee, National Black Nurses Association",,,,,,"Evers-Manley, Shirley",agenda:accept,"Interim Dean, Alcorn University School of Nursing, Mississippi, USA; Chairman, Global Health Committee, National Black Nurses Association",,"Dr. Shirley Evers-Manley is with Interim Dean, Alcorn University School of Nursing, Mississippi, USA. Shirley Evers-Manley spoke at the Schiller Institute conference ""WORLD AT A CROSSROAD: Two Months into the New Administration"" in March 2021.",generated,speaker,Dr. Shirley Evers-Manley,yt-segmentation,1,1,added by reconcile from video-segmentation,accept,mk
simon-estes,Simon Estes,,,,,,,,"Estes, Simon",none,,,"Simon Estes spoke at the Schiller Institute conference ""Symposium: The Aesthetic Education of Humanity Through Music - Concluding Event of Two…"" in June 2017.",generated,speaker,"Simon Estes, baritone, talks about his history as an African American opera singer and the necessity of love and forgive",yt-segmentation,1,1,added by reconcile from video-segmentation,accept,mk
simon-levy,Simon Levy,,"Founder of China-Mexico Lecture and Fellowship, National Autonomous University of Mexico (UNAM); Undersecretary for Planning and Tourism Policy of Mexico",Mexico,,,,,"Levy, Simon",agenda:accept,"Founder of China-Mexico Lecture and Fellowship, National Autonomous University of Mexico (UNAM); Undersecretary for Planning and Tourism Policy of Mexico",,"Simon Levy is Founder of China-Mexico Lecture and Fellowship, National Autonomous University of Mexico (UNAM). Simon Levy spoke at the Schiller Institute conference ""WORLD AT A CROSSROAD: Two Months into the New Administration"" in March 2021.",generated,speaker,Simon Levy (Mexico),yt-segmentation,1,1,added by reconcile from video-segmentation,accept,mk
soloists-gregor-kitzis,Gregor Kitzis,,,,,,,,"Kitzis, Gregor",none,,Soloists,"Gregor Kitzis spoke at the Schiller Institute conference ""Create a New Epoch for Mankind - Presidents' Day National Conference"" in February 2019.",generated,speaker,"Soloists: Gregor Kitzis, violin; Laura Thompson, flute; My-Hoa Steger, piano",yt-segmentation,1,1,added by reconcile from video-segmentation,accept,mk
space-historian,Space Historian (Europe),,,,,,,,"(Europe), Space Historian",none,,,,,speaker,Space Historian (Europe),yt-segmentation,1,1,added by reconcile from video-segmentation,drop,mk
speakers-harley-schlanger,Speakers: Harley Schlanger,,,,,,,,"Schlanger, Speakers: Harley",none,,,,,speaker,"Speakers: Harley Schlanger, spokesman, The LaRouche Organization",yt-segmentation,1,1,added by reconcile from video-segmentation,merge:harley-schlanger,mk
speakers-include-jason-ross,Speakers include: Jason Ross,,,,,,,,"Ross, Speakers include: Jason",none,,,,,speaker,"Speakers include: Jason Ross, Dr. Augustinus Berkhout, Prof. Carl Otto Weiss, State Senator Mike Thompson, Adrian Badesc",yt-segmentation,1,1,"Multi-speaker list → drop; ""Adrian Badesc…"" (name truncated in source) has no person row — recover at video-segmentation stage",drop,mk
speaking-from-yemen,Speaking from Yemen,,,,,,,,"Yemen, Speaking from",none,,,,,speaker,"Speaking from Yemen, he opened the taped video message, telling the audience gathered in Germany, ""With a great deal of ",yt-segmentation,1,1,added by reconcile from video-segmentation,drop,mk
speech-by-daniel-heydt,Speech by Daniel Heydt,,,,,,,,"Heydt, Speech by Daniel",none,,,"Speech by Daniel Heydt spoke at the Schiller Institute conference ""Rescuing Civilization from the Brink"" in July 2013.",generated,speaker,"Speech by Daniel Heydt, Mayor of Bellange, Moselle, France, at the international Schiller Institute conference in Rüssel",yt-segmentation,1,1,added by reconcile from video-segmentation,accept,mk
speech-by-eric-verhaeghe,Speech by Eric Verhaeghe,,,,,,,,"Verhaeghe, Speech by Eric",none,,,"Speech by Eric Verhaeghe spoke at the Schiller Institute conference ""Rescuing Civilization from the Brink"" in July 2013.",generated,speaker,"Speech by Eric Verhaeghe, Former Executive of the French Employers' Association, at the international Schiller Institute",yt-segmentation,1,1,added by reconcile from video-segmentation,accept,mk
speech-by-erwin-schopges,Speech by Erwin Schöpges,,,,,,,,"Schöpges, Speech by Erwin",none,,,"Speech by Erwin Schöpges spoke at the Schiller Institute conference ""Rescuing Civilization from the Brink"" in July 2013.",generated,speaker,"Speech by Erwin Schöpges, President of the Belgian Dairy Farmers Association MIG, at the international Schiller Institut",yt-segmentation,1,1,added by reconcile from video-segmentation,accept,mk
speech-by-jacques-cheminade,Speech by Jacques Cheminade,,,,,,,,"Cheminade, Speech by Jacques",none,,,,,speaker,"Speech by Jacques Cheminade, Presidential Candidate in France, at the international Schiller Institute conference in Rüs",yt-segmentation,1,1,added by reconcile from video-segmentation,merge:jacques-cheminade,mk
speech-by-lyndon-larouche,Speech by Lyndon LaRouche,,,,,,,,"LaRouche, Speech by Lyndon",none,,,,,speaker,"Speech by Lyndon LaRouche, U.S. Economist and Statesman, at the International Schiller Institute conference in Rüsselshe",yt-segmentation,1,1,added by reconcile from video-segmentation,merge:lyndon-h-larouche-jr,mk
state-senator-richard-h-black,(former) Richard H. Black,State Sen.,“The Truth about the Syrian Crisis.”,United States,,,,,"Black, (former) Richard H.",agenda:review,“The Truth about the Syrian Crisis.”,,,,speaker,State Senator (former) Richard H. Black (U.S.),yt-segmentation,1,1,added by reconcile from video-segmentation,merge:richard-black,mk
statement-by-lyndon-larouche,Statement by Lyndon LaRouche,,,,,,,,"LaRouche, Statement by Lyndon",none,,,,,speaker,Statement by Lyndon LaRouche: From SDI to SDE — The Next Step,yt-segmentation,1,1,added by reconcile from video-segmentation,merge:lyndon-h-larouche-jr,mk
sultan-m-hali,Sultan M. Hali,,"retired Colonel, Pakistani Air Force; journalist, “The New Silk Road and Pakistan”",Pakistan,,,,,"Hali, Sultan M.",agenda:accept,"retired Colonel, Pakistani Air Force; journalist, “The New Silk Road and Pakistan”",,"Sultan M. Hali is retired Colonel, Pakistani Air Force; journalist, “The New Silk Road and Pakistan”. Sultan M. Hali spoke at the Schiller Institute conference ""WORLD AT A CROSSROAD: Two Months into the New Administration"" in March 2021.",generated,speaker,Sultan M. Hali (Pakistan),yt-segmentation,1,1,added by reconcile from video-segmentation,accept,mk
symposium-participants-simon-estes,Symposium participants Simon Estes (bass-baritone),,,,,,,,"(bass-baritone), Symposium participants Simon Estes",none,,,,,speaker,"Symposium participants Simon Estes (bass-baritone), Elvira Green (mezzo-soprano), Gregory Hopkins (tenor, conductor), Os",yt-segmentation,1,1,"Symposium roster -> drop (multi-person, not one person). Members: Simon Estes (bass-baritone) & Elvira Green (mezzo-soprano) both have rows - Elvira Green is duplicated 3x (elvira-green / elvira-o-green / elvira-green-mezzosoprano), merge to one survivor; Gregory Hopkins (tenor, conductor) has NO row; final participant truncated in source (""Os...""). Recover full roster machine-side at video-segmentation stage.",drop,mk
the-last-chance-for-humanity,THE LAST CHANCE FOR HUMANITY,,,,,,,,"HUMANITY, THE LAST CHANCE FOR",none,,,,,speaker,THE LAST CHANCE FOR HUMANITY,yt-segmentation,1,1,added by reconcile from video-segmentation,drop,mk
the-schiller-institute,The Schiller Institute,,,,,,,,"Institute, The Schiller",none,,,,,speaker,"The Schiller Institute, in accordance with its campaign to promote discussion about the principles necessary for the est",yt-segmentation,1,1,added by reconcile from video-segmentation,drop,mk
theo-mitchell,Theo Mitchell,,,,,,,,"Mitchell, Theo",none,,,Theo Mitchell spoke at a Schiller Institute conference in November 2019.,generated,speaker,"Theo Mitchell, former State Senator of South Carolina",yt-segmentation,1,1,added by reconcile from video-segmentation,accept,mk
theodore-postol,Theodore Postol,,,United States,,,,,"Postol, Theodore",none,,,"Theodore Postol took part in the Schiller Institute conference programme from United States. Theodore Postol spoke at the Schiller Institute conference ""In the Spirit of Schiller and Beethoven: All Men Become Brethren!"" in December 2024.",generated,speaker,"Theodore Postol (U.S.), Professor Emeritus of Science, Technology and National Security at the Massachusetts Institute o",yt-segmentation,1,1,added by reconcile from video-segmentation,accept,mk
think-like-beethoven,Think Like Beethoven!,,,,,,,,"Beethoven!, Think Like",none,,,,,speaker,Think Like Beethoven!,yt-segmentation,1,1,added by reconcile from video-segmentation,drop,mk
tyler-dupy,Tyler Dupy,,CEO of Kansas Cattleman,,,,,,"Dupy, Tyler",agenda:accept,CEO of Kansas Cattleman,,Tyler Dupy is CEO of Kansas Cattleman. Tyler Dupy spoke at a Schiller Institute conference in April 2020.,generated,speaker,"Tyler Dupy, Kansas; Executive Director of the Kansas Cattlemen's Association,",yt-segmentation,1,1,added by reconcile from video-segmentation,accept,mk
u-s-china-cooperation-2017,U.S.-China Cooperation,,,,,,,,"Cooperation, U.S.-China",none,,,,,speaker,"U.S.-China Cooperation, 2017: Helga LaRouche Keynote",yt-segmentation,1,1,added by reconcile from video-segmentation,drop,mk
une-ceinture-une-route,Une Ceinture,,,,,,,,"Ceinture, Une",none,,,,,speaker,"Une Ceinture, une Route : la géostratégie chinoise",yt-segmentation,1,1,added by reconcile from video-segmentation,drop,mk
uschik-choi,Uschik Choi,,,,,,,,"Choi, Uschik",none,,,"Uschik Choi spoke at the Schiller Institute conference ""Rescuing Civilization from the Brink"" in July 2013.",generated,speaker,"Uschik Choi, cello",yt-segmentation,1,1,added by reconcile from video-segmentation,accept,mk
uwe-behrens,Uwe Behrens,Dr.,,,,,,,"Behrens, Uwe",none,,,"Uwe Behrens spoke at the Schiller Institute conference ""There Can Be No Peace Without the Bankruptcy Reorganization of the Dying Trans-Atlantic…"" in June 2022.",generated,speaker,Dr. Uwe Behrens,yt-segmentation,1,1,added by reconcile from video-segmentation,accept,mk
vassily-a-nebenzia,Vassily A. Nebenzia,H.E. Ambassador,,,,,,,"Nebenzia, Vassily A.",none,,,"Vassily A. Nebenzia spoke at the Schiller Institute conference ""Create a New Epoch for Mankind - Presidents' Day National Conference"" in February 2019.",generated,speaker,"H.E. Ambassador Vassily A. Nebenzia, Ambassador and Permanent Representative of The Russian Federation to the United Nat",yt-segmentation,1,1,added by reconcile from video-segmentation,accept,mk
von-alain-corvez,Von Alain Corvez,,,,,,,,"Corvez, Von Alain",none,,,,,speaker,"Von Alain Corvez, Oberst a.D., ehemaliger Berader des Kommandierenden Generals von UNIFIL, Paris, Frankreich",yt-segmentation,1,1,added by reconcile from video-segmentation,merge:alain-corvez,mk
von-jason-ross,Von Jason Ross,,,,,,,,"Ross, Von Jason",none,,,,,speaker,"Von Jason Ross, Basement-Wissenschaftsteam des LaRouche-Aktionskomitees, Washington DC, USA",yt-segmentation,1,1,added by reconcile from video-segmentation,merge:jason-ross,mk
walter-faggett,Walter Faggett,Dr.,,United States,,,,,"Faggett, Walter",none,,,Dr. Walter Faggett took part in the Schiller Institute conference programme from United States. Walter Faggett spoke at 2 Schiller Institute conferences in 2021.,generated,speaker,"Dr. Walter Faggett (U.S.), Former Chief Medical Officer, Washington D.C. Dept of Health, co-chair D.C. Ward 8 Health Cou",yt-segmentation,1,1,added by reconcile from video-segmentation,accept,mk
wang-hao,Wang Hao,,,,,,,,"Hao, Wang",none,,,Wang Hao spoke at a Schiller Institute conference in June 2018.,generated,speaker,"Wang Hao, Embassy of the People's Republic of China to the Federal Republic of Germany, 1st Secretary for Economy and Tr",yt-segmentation,1,1,added by reconcile from video-segmentation,accept,mk
wang-wen,Wang Wen,Dr.,,,,,,,Wang Wen,none,,,"Wang Wen spoke at the Schiller Institute conference ""There Can Be No Peace Without the Bankruptcy Reorganization of the Dying Trans-Atlantic…"" in June 2022.",generated,speaker,Dr. Wang Wen,yt-segmentation,1,1,added by reconcile from video-segmentation,accept,mk
watch-part-one-https-youtu-be-mdlpfbx921q,Watch Part One https://youtu.be/MDLPfbX921Q,,,,,,,,"https://youtu.be/MDLPfbX921Q, Watch Part One",none,,,,,speaker,Watch Part One https://youtu.be/MDLPfbX921Q,yt-segmentation,1,1,added by reconcile from video-segmentation,drop,mk
west-side-of-sacramento-valley,West Side of Sacramento Valley,,,,,,,,"Valley, West Side of Sacramento",none,,,,,speaker,"West Side of Sacramento Valley, CA, Wheat and Cattle Rancher, National Farmers Organization, NFO, Member for 63 years. B",yt-segmentation,1,1,added by reconcile from video-segmentation,drop,mk
william-binney,William Binney,,,,,,,,"Binney, William",none,,,"William Binney spoke at the Schiller Institute conference ""Create a New Epoch for Mankind - Presidents' Day National Conference"" in February 2019.",generated,speaker,"William Binney, Former Technical Director, National Security Agency (NSA), USA",yt-segmentation,1,1,added by reconcile from video-segmentation,accept,mk
william-ferguson,William Ferguson,,,United States,,,,,"Ferguson, William",none,,,"William Ferguson took part in the Schiller Institute conference programme from United States. William Ferguson spoke at the Schiller Institute conference ""In the Spirit of Schiller and Beethoven: All Men Become Brethren!"" in December 2024.",generated,speaker,"William Ferguson (U.S.), Schiller Institute",yt-segmentation,1,1,added by reconcile from video-segmentation,accept,mk
william-happer,William Happer,Dr.,"Professor Emeritus, Princeton University (atomic physics), former Member US National Security Council (NSC), US Dept. of Energy, Office of Science",,,,,,"Happer, William",agenda:accept,"Professor Emeritus, Princeton University (atomic physics), former Member US National Security Council (NSC), US Dept. of Energy, Office of Science",,"Dr. William Happer is Professor Emeritus, Princeton University (atomic physics), former Member US National Security Council (NSC). William Happer spoke at the Schiller Institute conference ""WORLD AT A CROSSROAD: Two Months into the New Administration"" in March 2021.",generated,speaker,Dr. William Happer,yt-segmentation,1,1,added by reconcile from video-segmentation,accept,mk
william-l-dawson,William L. Dawson,,,,,,,,"Dawson, William L.",none,,,"William L. Dawson spoke at the Schiller Institute conference ""Create a New Epoch for Mankind - Presidents' Day National Conference"" in February 2019.",generated,speaker,"William L. Dawson, arr: ""Ev'ry Time I Feel the Spirit""",yt-segmentation,1,1,added by reconcile from video-segmentation,accept,mk
wolfgang-bittner,Wolfgang Bittner,Dr.,,,,,,,"Bittner, Wolfgang",none,,,"Wolfgang Bittner spoke at the Schiller Institute conference ""There Can Be No Peace Without the Bankruptcy Reorganization of the Dying Trans-Atlantic…"" in June 2022.",generated,speaker,Dr. Wolfgang Bittner,yt-segmentation,1,1,added by reconcile from video-segmentation,accept,mk
wolfgang-effenberger,Wolfgang Effenberger,,"retired Bundeswehr officer, author of",Germany,,,,,"Effenberger, Wolfgang",agenda:accept,"retired Bundeswehr officer, author of",,"Wolfgang Effenberger is retired Bundeswehr officer, author of, in Germany. Wolfgang Effenberger spoke at the Schiller Institute conference ""Man Is Not a Wolf to Man - For a New Paradigm in International Relations!"" in July 2025.",generated,speaker,Wolfgang Effenberger,yt-segmentation,1,1,added by reconcile from video-segmentation,accept,mk
wovon-italiens-zukunft-abhangt,Wovon Italiens Zukunft abhängt,,,,,,,,"abhängt, Wovon Italiens Zukunft",none,,,,,speaker,Wovon Italiens Zukunft abhängt,yt-segmentation,1,1,added by reconcile from video-segmentation,drop,mk
xu-wang,Xu Wang,,,China,,,,,"Wang, Xu",none,,,"Xu Wang took part in the Schiller Institute conference programme from China. Xu Wang spoke at the Schiller Institute conference ""Mankind Must Be the Immortal Species"" in November 2021.",generated,speaker,"Xu Wang (China), Executive Dean of Boao Culture and Creativity Institute",yt-segmentation,1,1,added by reconcile from video-segmentation,accept,mk
xu-wenhong,Xu Wenhong,Dr.,,,,,,,"Wenhong, Xu",none,,,Xu Wenhong spoke at a Schiller Institute conference in September 2018.,generated,speaker,Dr. Xu Wenhong,yt-segmentation,1,1,added by reconcile from video-segmentation,accept,mk
yoro-diallo,Yoro Diallo,Prof.,,,,,,,"Diallo, Yoro",none,,,"Yoro Diallo spoke at the Schiller Institute conference ""The Age of Reason or the Annihilation of Humanity?"" in February 2023.",generated,speaker,"Prof. Yoro Diallo, (Mali/China), Executive Director, Center for Francophone Studies, Director, African Museum, Institute",yt-segmentation,1,1,added by reconcile from video-segmentation,accept,mk
yusuf-maitama-tuggar,Yusuf Maitama Tuggar,H.E.,,,,,,,"Tuggar, Yusuf Maitama",none,,,Yusuf Maitama Tuggar spoke at a Schiller Institute conference in June 2018.,generated,speaker,"H.E. Yusuf Maitama Tuggar, Ambassador of the Federal Republic of Nigeria to Germany",yt-segmentation,1,1,added by reconcile from video-segmentation,accept,mk
zaher-wahab,Zaher Wahab,Prof.,"Dr. Zaher Wahab, Emeritus Professor of Education, Former advisor to Afghan Ministry of Higher Education, Taught at American University of",Afghanistan,,,,,"Wahab, Zaher",agenda:accept,"Dr. Zaher Wahab, Emeritus Professor of Education, Former advisor to Afghan Ministry of Higher Education, Taught at American University of",,"Prof. Zaher Wahab is with Dr, in Afghanistan. Zaher Wahab spoke at 2 Schiller Institute conferences between 2021 and 2022.",generated,speaker,"Prof. Zaher Wahab (Afghanistan), Professor Emeritus of Education; Former Advisor to the Afghanistan Minister of Higher E",yt-segmentation,1,1,added by reconcile from video-segmentation; built on review: presenter on LxM9omHPMV4,accept,mk
zaid-ayoub-arbache,Zaid Ayoub Arbache,,"Assistant Professor, Dr. Faculty of Economics, Damascus University",,,,,,"Arbache, Zaid Ayoub",agenda:accept,"Assistant Professor, Dr. Faculty of Economics, Damascus University",,"Zaid Ayoub Arbache is Assistant Professor, Dr. Zaid Ayoub Arbache spoke at the Schiller Institute conference ""WORLD AT A CROSSROAD: Two Months into the New Administration"" in March 2021.",generated,speaker,Zaid Ayoub Arbache,yt-segmentation,1,1,added by reconcile from video-segmentation,accept,mk
zepp-larouche-keynote,Zepp-LaRouche Keynote,,,,,,,,"Keynote, Zepp-LaRouche",none,,,,,speaker,"Zepp-LaRouche Keynote: The Coincidence of Opposites, the World of Tomorrow",yt-segmentation,1,1,added by reconcile from video-segmentation,merge:helga-zepp-larouche,mk
zepp-larouche-well,ZEPP-LAROUCHE: Well,,,,,,,,"Well, ZEPP-LAROUCHE:",none,,,,,speaker,"ZEPP-LAROUCHE: Well, I think that the conference topics will be extremely hot, and given the fact that you have this esc",yt-segmentation,1,1,added by reconcile from video-segmentation,merge:helga-zepp-larouche,mk
zhang-weiwei,Zhang Weiwei,Prof.,Fudan University,China,,,,,Zhang Weiwei,agenda:accept,Fudan University,,"Prof. Zhang Weiwei is with Fudan University, in China. Zhang Weiwei spoke at 3 Schiller Institute conferences between 2024 and 2025.",generated,speaker,"Prof. Zhang Weiwei, professor of international relations at Fudan-University, China, speaking in Berlin at a conference ",yt-segmentation,1,1,added by reconcile from video-segmentation,accept,mk
a-new-perspective-for-iran,A New Perspective For Iran,,,,,,,,"Iran, A New Perspective For",none,,,,,speaker,A New Perspective For Iran,yt-segmentation,1,1,added by reconcile from video-segmentation,drop,mk
a-oc-ka-e-oc,Панос Камменос,,,,,,,"Панос Камменос, председатель Партии независимых греков, член парламента Греции, Афины, Греция","Камменос, Панос",none,,,,,speaker,"Панос Камменос, председатель Партии независимых греков, член парламента Греции, Афины, Греция",yt-segmentation,1,1,added by reconcile from video-segmentation,merge:panos-kammenos,mk
address-by-ali-rastbeen,Address by Ali Rastbeen,,,,,,,,"Rastbeen, Address by Ali",none,,,,,speaker,"Address by Ali Rastbeen, Founder and President of Paris Academy of Geopolitics, Paris, France.",yt-segmentation,1,1,added by reconcile from video-segmentation,merge:ali-rastbeen,mk
address-by-col-alain-corvez,Address by Col. (ret.) Alain Corvez,,,,,,,,"Corvez, Address by Col. (ret.) Alain",none,,,,,speaker,"Address by Col. (ret.) Alain Corvez, Former Advisor to the General‑in‑Command of UNIFIL, Paris, France.",yt-segmentation,1,1,added by reconcile from video-segmentation,merge:alain-corvez,mk
address-by-jacques-cheminade,Address by Jacques Cheminade,,,,,,,,"Cheminade, Address by Jacques",none,,,,,speaker,"Address by Jacques Cheminade, President of Solidarité et Progrès, Paris, France.",yt-segmentation,1,1,added by reconcile from video-segmentation,merge:jacques-cheminade,mk
address-by-jayshree-sengupta,Address by Jayshree Sengupta,,,,,,,,"Sengupta, Address by Jayshree",none,,,,,speaker,"Address by Jayshree Sengupta, Senior Fellow, Observer Research Foundation, New Delhi, India.",yt-segmentation,1,1,added by reconcile from video-segmentation,merge:jayshree-sengupta,mk
address-by-panos-kammenos,Address by Panos Kammenos,,,,,,,,"Kammenos, Address by Panos",none,,,,,speaker,"Address by Panos Kammenos, Chairman of the Independent Greeks, Member of Hellenic Parliament, Athens, Greece",yt-segmentation,1,1,added by reconcile from video-segmentation,merge:panos-kammenos,mk
address-by-prof-shi-ze,Address by Prof. Shi Ze,,,,,,,,"Ze, Address by Prof. Shi",none,,,,,speaker,"Address by Prof. Shi Ze, China Institute of International Studies, Bejing, China.",yt-segmentation,1,1,added by reconcile from video-segmentation,merge:shi-ze,mk
alessia-ruggeri,Alessia Ruggeri,,,Italy,,,,,"Ruggeri, Alessia",none,,,"Alessia Ruggeri took part in the Schiller Institute conference programme from Italy. Alessia Ruggeri spoke at the Schiller Institute conference ""For a Conference to Establish a New Security and Development Architecture for All Nations"" in April 2022.",generated,speaker,"Alessia Ruggeri (Italy), Spokeswoman of the Comitato per le Repubblica, trade unionist: ""For a Europe of the Fatherlands",yt-segmentation,1,1,added by reconcile from video-segmentation; built during File 3 review: presents on VLpRK_XU6hE,accept,mk
alicia-diaz-brown,Alicia Díaz Brown,,,,,,,,"Brown, Alicia Díaz",none,,,"Alicia Díaz Brown spoke at the Schiller Institute conference ""Will Humanity Prosper, or Perish?"" in June 2020.",generated,speaker,"Alicia Díaz Brown, Citizens Movement for Water, Sonora, Mexico: ""Let Us Return to the Best Moments of the U.S.–Mexico Re",yt-segmentation,1,1,added by reconcile from video-segmentation,accept,mk
alto-mayumi-nakamura-japan,Mayumi Nakamura - Japan,,,,,,,,"Japan, Mayumi Nakamura -",none,,Alto,"Mayumi Nakamura - Japan spoke at the Schiller Institute conference ""A Musical Dialogue of Cultures"" in June 2016.",generated,speaker,Alto: Mayumi Nakamura - Japan,yt-segmentation,1,1,added by reconcile from video-segmentation,accept,mk
antonino-galloni-enrico-mattei,Antonino Galloni,,,,,,,,"Galloni, Antonino",none,,,,,speaker,"Antonino Galloni – Enrico Mattei, eine Singularität oder ein Modell bis heute ?",yt-segmentation,1,1,added by reconcile from video-segmentation,merge:antonino-galloni,mk
ave-verum-corpus-by-mozart,Ave Verum Corpus by Mozart,,,,,,,,"Mozart, Ave Verum Corpus by",none,,,,,speaker,Ave Verum Corpus by Mozart,yt-segmentation,1,1,added by reconcile from video-segmentation,drop,mk
baifeng-sun,Baifeng Sun,,,,,,,,"Sun, Baifeng",none,,,Baifeng Sun spoke at a Schiller Institute conference in December 2014.,generated,speaker,"Baifeng Sun, Confucius Institute, UMASS Boston. On developing cultural relations between the United States and China",yt-segmentation,1,1,added by reconcile from video-segmentation,accept,mk
bass-chanyoung-lee-korea,Baß: Chanyoung Lee - Korea,,,,,,,,"Korea, Baß: Chanyoung Lee -",none,,,"Baß: Chanyoung Lee - Korea spoke at the Schiller Institute conference ""A Musical Dialogue of Cultures"" in June 2016.",generated,speaker,Baß: Chanyoung Lee - Korea,yt-segmentation,1,1,added by reconcile from video-segmentation,accept,mk
benjamin-telmanyi-lylloff,Benjamin Telmányi Lylloff,,,,,,,,"Lylloff, Benjamin Telmányi",none,,,,,speaker,"Benjamin Telmányi Lylloff, piano",yt-segmentation,1,1,added by reconcile from video-segmentation,merge:benjamin-lylloff,mk
black,Black,Col.,,,,,,,Black,none,,,,,speaker,"Col. Black: U.S. Nuclear Policy is No Longer Defensive, but OFFENSIVE",yt-segmentation,1,1,added by reconcile from video-segmentation,merge:richard-black,mk
butch-valdes,Butch Valdes,,,,,,,,"Valdes, Butch",none,,,"Butch Valdes spoke at the Schiller Institute conference ""The Second American Revolution - Developing the Pacific and Ending the Grip of Empire"" in November 2013.",generated,speaker,Butch Valdes: Pacific Contribution from the Philippines,yt-segmentation,1,1,added by reconcile from video-segmentation,accept,mk
caleb-maupin,Caleb Maupin,,,United States,,,,,"Maupin, Caleb",none,,,"Caleb Maupin took part in the Schiller Institute conference programme from United States. Caleb Maupin spoke at the Schiller Institute conference ""For a Conference to Establish a New Security and Development Architecture for All Nations"" in April 2022.",generated,speaker,"Caleb Maupin (U.S.), Founder and Director, Center for Political Innovation: ""Security Effects of Unilateral Sanctions by",yt-segmentation,1,1,added by reconcile from video-segmentation; built during File 3 review: presents on _9k2RlLGkMc,accept,mk
chas-freeman-things-fall-apart,Chas Freeman,,,,,,,,"Freeman, Chas",none,,,,,speaker,"Chas Freeman – Things Fall Apart: America, Europe, and Asia in the New World Disorder",yt-segmentation,1,1,added by reconcile from video-segmentation,merge:chas-freeman,mk
covid-19-triage,COVID-19 & Triage,,,,,,,,"Triage, COVID-19 &",none,,,,,speaker,COVID-19 & Triage: A Slippery Slope,yt-segmentation,1,1,added by reconcile from video-segmentation,drop,mk
daisuke-kotegawa-canon-institute,Daisuke Kotegawa,,,,,,,,"Kotegawa, Daisuke",none,,,,,speaker,"Daisuke Kotegawa – Canon Institute, Japan, ehem. Vertreter Japan",yt-segmentation,1,1,added by reconcile from video-segmentation,merge:daisuke-kotegawa,mk
daniel-burke,Daniel Burke,,,,,,,,"Burke, Daniel",none,,,"Daniel Burke spoke at the Schiller Institute conference ""Man Is Not a Wolf to Man - For a New Paradigm in International Relations!"" in July 2025.",generated,speaker,"Daniel Burke, Schiller Institute, USA",yt-segmentation,1,1,added by reconcile from video-segmentation,accept,mk
die-losung-fur-griechenland-euro-austritt,Die Lösung für Griechenland,,,,,,,,"Griechenland, Die Lösung für",none,,,,,speaker,"Die Lösung für Griechenland: Euro-Austritt, Schuldenschnitt, staatliche Investitionen und wirtschaftliches Wachstum",yt-segmentation,1,1,added by reconcile from video-segmentation,drop,mk
discours-par-robert-barwick,Discours par Robert Barwick,,,,,,,,"Barwick, Discours par Robert",none,,,,,speaker,"Discours par Robert Barwick, Citizens Electoral Council CEC, Australie.",yt-segmentation,1,1,added by reconcile from video-segmentation,merge:robert-barwick,mk
doctor-of-economics,of Economics,Dr.,,,,,,,"Economics, of",none,,,,,speaker,"Doctor of Economics, MP (1994-2002) and Chairwoman of the Progressive Socialist Party of Ukraine, Dr. Natalia Vitrenko's",yt-segmentation,1,1,added by reconcile from video-segmentation,drop,mk
eiffel-valdecoa,Eiffel Valdecoa,,,,,,,,"Valdecoa, Eiffel",none,,,"Eiffel Valdecoa spoke at the Schiller Institute conference ""A Musical Dialogue of Cultures"" in June 2016.",generated,speaker,Eiffel Valdecoa,yt-segmentation,1,1,added by reconcile from video-segmentation,accept,mk
elvira-green-mezzosoprano,Elvira Green (U.S.) Mezzosoprano,,,,,,,,"Mezzosoprano, Elvira Green (U.S.)",none,,,,,speaker,"Elvira Green (U.S.) Mezzosoprano, formerly with the New York Metropolitan Opera",yt-segmentation,1,1,added by reconcile from video-segmentation,merge:elvira-o-green,mk
emmanuel-dupuy,Emmanuel Dupuy,Prof.,,France,,,,,"Dupuy, Emmanuel",none,,,"Prof. Emmanuel Dupuy took part in the Schiller Institute conference programme from France. Emmanuel Dupuy spoke at the Schiller Institute conference ""The World after the U.S. Election Creating A World Based on Reason"" in December 2020.",generated,speaker,"Prof. Emmanuel Dupuy (France), Founder and President, Institute of European Prospective and Security (IPSE): ""What is at",yt-segmentation,1,1,added by reconcile from video-segmentation,accept,mk
eric-de-keuleneer,Eric De Keuleneer,,,,,,,,"De Keuleneer, Eric",none,,,"Eric De Keuleneer spoke at the Schiller Institute conference ""Rescuing Civilization from the Brink"" in July 2013.",generated,speaker,"Eric De Keuleneer, Economics Professor at Solvay Business School, former Member of the Belgian Surveillance Board of the",yt-segmentation,1,1,added by reconcile from video-segmentation,accept,mk
ewert,Ewert,Prof.,,,,,,,Ewert,none,,,"Ewert spoke at the Schiller Institute conference ""Rescuing Civilization from the Brink"" in July 2013.",generated,speaker,Prof. Ewert: The Anthropogenic Climate Change Swindle,yt-segmentation,1,1,added by reconcile from video-segmentation,accept,mk
feride-istogu-soprano,Feride Istogu Soprano,,,,,,,,"Soprano, Feride Istogu",none,,,"Feride Istogu Soprano spoke at the Schiller Institute conference ""A Beautiful Vision for Humanity in Times of Great Turbulence! - Memorial Day Weekend…"" in May 2025.",generated,speaker,"Feride Istogu Soprano, Schiller Institute and Founder of Lola Gjoka Project, ""Little Halit"" and ""Sara"" (Albanian folk so",yt-segmentation,1,1,added by reconcile from video-segmentation,accept,mk
former-u-s-state-department-official,Former U.S. State Department Official,,,United States,,,,,"Official, Former U.S. State Department",none,,,,,speaker,Former U.S. State Department Official (U.S.),yt-segmentation,1,1,added by reconcile from video-segmentation,drop,mk
fraydique-alexander-gaitan,Fraydique Alexander Gaitán,,,Colombia,,,,,"Gaitán, Fraydique Alexander",none,,,"Fraydique Alexander Gaitán took part in the Schiller Institute conference programme from Colombia. Fraydique Alexander Gaitán spoke at the Schiller Institute conference ""For a Conference to Establish a New Security and Development Architecture for All Nations"" in April 2022.",generated,speaker,"Fraydique Alexander Gaitán (Colombia), President of USCTRAB Trade Union Confederation of Colombia, and Pedro Rubio, Colo",yt-segmentation,1,1,added by reconcile from video-segmentation,accept,mk
george-hillman,George Hillman,,,,,,,,"Hillman, George",none,,,George Hillman spoke at a Schiller Institute conference in December 2014.,generated,speaker,"George Hillman, American Entrepreneur, on why the big pharmaceutical companies are not delivering on infectious disease ",yt-segmentation,1,1,added by reconcile from video-segmentation,accept,mk
gian-marco-sanna,Gian Marco Sanna,,,,,,,,"Sanna, Gian Marco",none,,,Gian Marco Sanna spoke at 2 Schiller Institute conferences in 2016.,generated,speaker,Gian Marco Sanna,yt-segmentation,1,1,added by reconcile from video-segmentation,accept,mk
guangxi-li,Guangxi Li,,,,,,,,"Li, Guangxi",none,,,Guangxi Li spoke at a Schiller Institute conference in April 2020.,generated,speaker,"Guangxi Li, MD, PhD · Chinese Academy of Medical Sciences, Beijing · ""Chinese Medicine Treatment of COVID-19""",yt-segmentation,1,1,added by reconcile from video-segmentation,accept,mk
guo-wentao,GUO Wentao,,,,,,,,"Wentao, GUO",none,,,"GUO Wentao spoke at the Schiller Institute conference ""Fulfilling the Dream of Mankind"" in November 2017.",generated,speaker,GUO Wentao,yt-segmentation,1,1,added by reconcile from video-segmentation,accept,mk
helena-chang,Helena Chang,,,,,,,,"Chang, Helena",none,,,"Helena Chang spoke at the Schiller Institute conference ""Man Is Not a Wolf to Man - For a New Paradigm in International Relations!"" in July 2025.",generated,speaker,"Helena Chang, Columnist, China/Austria",yt-segmentation,1,1,added by reconcile from video-segmentation,accept,mk
hussein-askary-beauty-of-the-islamic-renaissance,Hussein Askary,,,,,,,,"Askary, Hussein",none,,,,,speaker,Hussein Askary – Beauty of the Islamic Renaissance: the elephant clock,yt-segmentation,1,1,added by reconcile from video-segmentation,merge:hussein-askary,mk
igor-lopatonok,Igor Lopatonok,,Director and Author of documentary&nbsp,United States,,,,,"Lopatonok, Igor",agenda:accept,Director and Author of documentary&nbsp,,"Igor Lopatonok is Director and Author of documentary&nbsp, in United States. Igor Lopatonok spoke at the Schiller Institute conference ""Inspiring Humanity to Survive the Greatest Crisis in World History"" in September 2022.",generated,speaker,Igor Lopatonok (U.S.),yt-segmentation,1,1,added by reconcile from video-segmentation,accept,mk
j-s-bach,J.S. Bach,,,,,,,,"Bach, J.S.",none,,,,,speaker,J.S. Bach: Magnificat (BWV 243),yt-segmentation,1,1,added by reconcile from video-segmentation,drop,mk
jacques-cheminade-keynote,Jacques Cheminade,,,,,,,,"Cheminade, Jacques",none,,,,,speaker,Jacques Cheminade – Keynote: The LaRouche method of physical economy,yt-segmentation,1,1,added by reconcile from video-segmentation,merge:jacques-cheminade,mk
jean-pierre-luminet,Jean-Pierre Luminet,,,,,,,,"Luminet, Jean-Pierre",none,,,Jean-Pierre Luminet spoke at a Schiller Institute conference in April 2020.,generated,speaker,"Jean-Pierre Luminet, PhD · Astrophysicist; emeritus researcher at National Center of Scientific Research · ""The Role of ",yt-segmentation,1,1,added by reconcile from video-segmentation,accept,mk
jochen-heibertshausen,Jochen Heibertshausen (guest artist),,,,,,,,"artist), Jochen Heibertshausen (guest",none,,,"Jochen Heibertshausen (guest artist) spoke at the Schiller Institute conference ""A Musical Dialogue of Cultures"" in June 2016.",generated,speaker,Jochen Heibertshausen (guest artist),yt-segmentation,1,1,added by reconcile from video-segmentation,accept,mk
johann-sebastian-bach,Johann Sebastian Bach,,,,,,,,"Bach, Johann Sebastian",none,,,,,speaker,Johann Sebastian Bach: Double Violin Concerto in D minor for Two Violin BWV 1043,yt-segmentation,1,1,added by reconcile from video-segmentation,drop,mk
jur-wolfgang-bittner,Jur. Wolfgang Bittner,Dr.,,Germany,,,,,"Bittner, Jur. Wolfgang",none,,,,,speaker,"Dr. Jur. Wolfgang Bittner (Germany), Jurist, Author: ""We Are in War Mode""",yt-segmentation,1,1,added by reconcile from video-segmentation,merge:wolfgang-bittner,mk
justin-yifu-lin,Justin Yifu Lin,Prof.,,China,,,,,"Lin, Justin Yifu",none,,,"Prof. Justin Yifu Lin took part in the Schiller Institute conference programme from China. Justin Yifu Lin spoke at the Schiller Institute conference ""For a Conference to Establish a New Security and Development Architecture for All Nations"" in April 2022.",generated,speaker,"Prof. Justin Yifu Lin (China), Dean, Institute of New Structural Economics; Dean, Institute of South-South Cooperation a",yt-segmentation,1,1,added by reconcile from video-segmentation; built during File 3 review: presents on VLpRK_XU6hE,accept,mk
kildare-clarke,Kildare Clarke,,,,,,,,"Clarke, Kildare",none,,,Kildare Clarke spoke at a Schiller Institute conference in April 2020.,generated,speaker,"Kildare Clarke, MD · Physician in New York · ""Health Care as a Social Necessity""",yt-segmentation,1,1,added by reconcile from video-segmentation,accept,mk
kirk-meighoo,Kirk Meighoo,Dr.,,,,,,,"Meighoo, Kirk",none,,,"Kirk Meighoo spoke at the Schiller Institute conference ""Will Humanity Prosper, or Perish?"" in June 2020.",generated,speaker,"Dr. Kirk Meighoo, political economist, broadcaster, and former Senator, Trinidad & Tobago: ""The Caribbean's True Importa",yt-segmentation,1,1,added by reconcile from video-segmentation,accept,mk
larouche-legacy-foundation-www-larouchelegacyfoundation-org,LaRouche Legacy Foundation,,,,,,,,"Foundation, LaRouche Legacy",none,,,,,speaker,LaRouche Legacy Foundation: www.larouchelegacyfoundation.org,yt-segmentation,1,1,added by reconcile from video-segmentation,drop,mk
larry-bell,Larry Bell,,,,,,,,"Bell, Larry",none,,,"Larry Bell spoke at the Schiller Institute conference ""Create a New Epoch for Mankind - Presidents' Day National Conference"" in February 2019.",generated,speaker,"Larry Bell, Founder, Sasakawa International Center for Space Architecture, College of Engineering, University of Houston",yt-segmentation,1,1,added by reconcile from video-segmentation,accept,mk
leonidas-chrysantopoulos-die-globale-krise,Leonidas Chrysantopoulos,,,,,,,,"Chrysantopoulos, Leonidas",none,,,,,speaker,Leonidas Chrysantopoulos – Die globale Krise: Lösungsvorschläge,yt-segmentation,1,1,added by reconcile from video-segmentation,merge:leonidas-chrysantopoulos,mk
lt-col-ulrich-scholz,(ret.) Ulrich Scholz,Lt. Col.,,,,,,,"Scholz, (ret.) Ulrich",none,,,,,speaker,"Lt. Col. (ret.) Ulrich Scholz, former NATO planner",yt-segmentation,1,1,added by reconcile from video-segmentation,merge:ulrich-scholz,mk
lt-col-ulrich-scholz-war,(ret.) Ulrich Scholz,Lt. Col.,,,,,,,"Scholz, (ret.) Ulrich",none,,,,,speaker,Lt. Col. (ret.) Ulrich Scholz – War: a pathology of the West,yt-segmentation,1,1,added by reconcile from video-segmentation,merge:ulrich-scholz,mk
marc-gabriel-draghi,Marc-Gabriel Draghi,,,France,,,,,"Draghi, Marc-Gabriel",none,,,"Marc-Gabriel Draghi took part in the Schiller Institute conference programme from France. Marc-Gabriel Draghi spoke at the Schiller Institute conference ""The World after the U.S. Election Creating A World Based on Reason"" in December 2020.",generated,speaker,"Marc-Gabriel Draghi (France), Economist: ""Orderly Debt Cancellation: Historical Precedents and Present Relevance.""",yt-segmentation,1,1,added by reconcile from video-segmentation,accept,mk
marie-korsaga,Marie Korsaga,,,,,,,,"Korsaga, Marie",none,,,Marie Korsaga spoke at a Schiller Institute conference in April 2020.,generated,speaker,"Marie Korsaga, PhD · Astrophysicist, Burkina Faso · ""The Necessity of Science Education for African Youth""",yt-segmentation,1,1,added by reconcile from video-segmentation,accept,mk
marino-elsevyf,Marino Elsevyf,,,,,,,,"Elsevyf, Marino",none,,,"Marino Elsevyf spoke at the Schiller Institute conference ""The World Has a Choice: Extinction, or Era of LaRouche"" in September 2020.",generated,speaker,"Marino Elsevyf, Attorney-at-Law, Dominican Republic, Member of 1995 MLK Tribunal",yt-segmentation,1,1,added by reconcile from video-segmentation,accept,mk
mark-sweazy,Mark Sweazy,,,,,,,,"Sweazy, Mark",none,,,"Mark Sweazy spoke at the Schiller Institute conference ""Will Humanity Prosper, or Perish?"" in June 2020.",generated,speaker,"Mark Sweazy, former UAW trade union leader, United States: ""Returning the U.S. Work Force to a Culture of Scientific Pro",yt-segmentation,1,1,added by reconcile from video-segmentation,accept,mk
matthieu-fontana,Matthieu Fontana,,,,,,,,"Fontana, Matthieu",none,,,"Matthieu Fontana spoke at the Schiller Institute conference ""Rescuing Civilization from the Brink"" in July 2013.",generated,speaker,"Matthieu Fontana, cello",yt-segmentation,1,1,added by reconcile from video-segmentation,accept,mk
maurizio-abbate,Maurizio Abbate,,,,,,,,"Abbate, Maurizio",none,,,"Maurizio Abbate spoke at the Schiller Institute conference ""Man Is Not a Wolf to Man - For a New Paradigm in International Relations!"" in July 2025.",generated,speaker,"Maurizio Abbate, President of the National Institute for Cultural Activities (ENAC), Italy",yt-segmentation,1,1,added by reconcile from video-segmentation,accept,mk
megan-dobrodt-president,Megan Dobrodt (U.S.) President,,,,,,,,"President, Megan Dobrodt (U.S.)",none,,,,,speaker,"Megan Dobrodt (U.S.) President, Schiller Institute U.S.A.",yt-segmentation,1,1,added by reconcile from video-segmentation,merge:megan-dobrodt,mk
michelle-erin,Michelle Erin,,,,,,,,"Erin, Michelle",none,,,"Michelle Erin spoke at the Schiller Institute conference ""A Beautiful Vision for Humanity in Times of Great Turbulence! - Memorial Day Weekend…"" in May 2025.",generated,speaker,"Michelle Erin, soprano; Everett Suttle, tenor; Dura Jun, piano: Johannes Brahms: ""Schwesterlein"" (""Sister""), WoO 33, Vol",yt-segmentation,1,1,added by reconcile from video-segmentation,accept,mk
moderator-jen-pearl,Jen Pearl,,,United States,,,,,"Pearl, Jen",none,,Moderator,"Jen Pearl took part in the Schiller Institute conference programme from United States. Jen Pearl spoke at the Schiller Institute conference ""A Beautiful Vision for Humanity in Times of Great Turbulence! - Memorial Day Weekend…"" in May 2025.",generated,speaker,"Moderator: Jen Pearl (U.S.), The Schiller Institute",yt-segmentation,1,1,added by reconcile from video-segmentation,accept,mk
ole-doering,Ole Doering,,,,,,,,"Doering, Ole",none,,,"Ole Doering spoke at the Schiller Institute conference ""The World after the U.S. Election Creating A World Based on Reason"" in December 2020.",generated,speaker,"Ole Doering, PhD (Germany), Sinologist and Philosopher: ""A Salutogenic Symphony with Ancient Chinese Philosophy: Harmony",yt-segmentation,1,1,added by reconcile from video-segmentation,accept,mk
olesya-sablina,Olesya Sablina,,,,,,,,"Sablina, Olesya",none,,,"Olesya Sablina spoke at the Schiller Institute conference ""A Musical Dialogue of Cultures"" in June 2016.",generated,speaker,Olesya Sablina,yt-segmentation,1,1,added by reconcile from video-segmentation,accept,mk
on-july-4,On July 4,,,,,,,,"4, On July",none,,,,,speaker,"On July 4, 1776, America declared independence from a despotic British Imperial system. Today, How could we rescue the o",yt-segmentation,1,1,added by reconcile from video-segmentation,drop,mk
on-sunday,On Sunday,,,,,,,,"Sunday, On",none,,,,,speaker,"On Sunday, July 3, Helga Zepp-LaRouche will present the ""Lyndon LaRouche New Bretton Woods"" proposal as the core content",yt-segmentation,1,1,added by reconcile from video-segmentation,drop,mk
p-s-raghavan,P. S. Raghavan,Amb.,,India,,,,,"Raghavan, P. S.",none,,,"Amb. P. S. Raghavan took part in the Schiller Institute conference programme from India. P. S. Raghavan spoke at the Schiller Institute conference ""For a Conference to Establish a New Security and Development Architecture for All Nations"" in April 2022.",generated,speaker,"Amb. P. S. Raghavan (India), former Indian Ambassador to The Russian Federation: ""The Indian Perspective.""",yt-segmentation,1,1,added by reconcile from video-segmentation,accept,mk
par-dr-jasminka-simic,par Dr. Jasminka SIMIC,,,,,,,,"SIMIC, par Dr. Jasminka",none,,,"par Dr. Jasminka SIMIC spoke at the Schiller Institute conference ""Fulfilling the Dream of Mankind"" in November 2017.",generated,speaker,par Dr. Jasminka SIMIC,yt-segmentation,1,1,added by reconcile from video-segmentation,accept,mk
par-helga-zepp-larouche,Par Helga Zepp-LaRouche,,,,,,,,"Zepp-LaRouche, Par Helga",none,,,,,speaker,"Par Helga Zepp-LaRouche, présidente de l'Institut Schiller",yt-segmentation,1,1,added by reconcile from video-segmentation,merge:helga-zepp-larouche,mk
par-hussein-askary,par Hussein Askary,,,,,,,,"Askary, par Hussein",none,,,,,speaker,par Hussein Askary,yt-segmentation,1,1,added by reconcile from video-segmentation,merge:hussein-askary,mk
performed-by-jean-trebuchet,Performed by Jean Trébuchet.,,,,,,,,"Trébuchet., Performed by Jean",none,,,"Performed by Jean Trébuchet. spoke at the Schiller Institute conference ""Conférence de Paris"" in June 2015.",generated,speaker,Performed by Jean Trébuchet.,yt-segmentation,1,1,added by reconcile from video-segmentation,accept,mk
performer-camerata-geminiani,Performer: Camerata Geminiani,,,,,,,,"Geminiani, Performer: Camerata",none,,,,,speaker,Performer: Camerata Geminiani,yt-segmentation,1,1,added by reconcile from video-segmentation,drop,mk
plenary-session,Plenary Session,,,,,,,,"Session, Plenary",none,,,,,speaker,Plenary Session,yt-segmentation,1,1,added by reconcile from video-segmentation,drop,mk
po-ep-ap,Роберт Барвик,,,,,,,"Роберт Барвик, Совет граждан-избирателей, Австралия","Барвик, Роберт",none,,,"Роберт Барвик spoke at the Schiller Institute conference ""30th Anniversary of Schiller Institute - The New Silk Road and China's Lunar Program"" in October 2014.",generated,speaker,"Роберт Барвик, Совет граждан-избирателей, Австралия",yt-segmentation,1,1,added by reconcile from video-segmentation,accept,mk
po-p-ep-a-e,Проф. д-р Дитер Амелинг,,,,,,,"Проф. д-р Дитер Амелинг,президент Германской федерации производителей стали (до 2008 г.), Эссен, Германия","Амелинг, Проф. д-р Дитер",none,,,,,speaker,"Проф. д-р Дитер Амелинг,президент Германской федерации производителей стали (до 2008 г.), Эссен, Германия",yt-segmentation,1,1,added by reconcile from video-segmentation,merge:dieter-ameling,mk
pr-francois-gervais,Pr François Gervais,,,,,,,,"Gervais, Pr François",none,,,,,speaker,"Pr François Gervais, professeur émérite à l'Université François Rabelais de Tours, rapporteur critique auprès du GIEC – ",yt-segmentation,1,1,added by reconcile from video-segmentation,merge:francois-gervais,mk
pr-shi-ze,Pr Shi Ze,,,,,,,,"Ze, Pr Shi",none,,,,,speaker,"Pr Shi Ze, chercheur et directeur des études stratégiques internationales sur les questions énergétiques à l'Institut ch",yt-segmentation,1,1,added by reconcile from video-segmentation,merge:shi-ze,mk
princy-mthombeni,Princy Mthombeni,,,South Africa,,,,,"Mthombeni, Princy",none,,,"Princy Mthombeni took part in the Schiller Institute conference programme from South Africa. Princy Mthombeni spoke at the Schiller Institute conference ""For a Conference to Establish a New Security and Development Architecture for All Nations"" in April 2022.",generated,speaker,"Princy Mthombeni (South Africa), Communication Specialist, Founder, Africa4Nuclear: ""Energy Security for Africa""",yt-segmentation,1,1,added by reconcile from video-segmentation,accept,mk
r-thomas-buffenbarger,R. Thomas Buffenbarger,,,,,,,,"Buffenbarger, R. Thomas",none,,,"R. Thomas Buffenbarger spoke at the Schiller Institute conference ""Rescuing Civilization from the Brink"" in July 2013.",generated,speaker,"R. Thomas Buffenbarger,",yt-segmentation,1,1,added by reconcile from video-segmentation,accept,mk
rede-von-ali-rastbeen,Rede von Ali Rastbeen,,,,,,,,"Rastbeen, Rede von Ali",none,,,,,speaker,"Rede von Ali Rastbeen, Gründer und Präsident der Paris Academy",yt-segmentation,1,1,added by reconcile from video-segmentation,merge:ali-rastbeen,mk
rede-von-dr-natalja-witrenko,Rede von Dr. Natalja Witrenko,,,,,,,,"Witrenko, Rede von Dr. Natalja",none,,,,,speaker,"Rede von Dr. Natalja Witrenko, Wirtschaftswissenschaftlerin & Vorsitzende der Progressiven Sozialistischen Partei der Uk",yt-segmentation,1,1,added by reconcile from video-segmentation,merge:natalia-vitrenko,mk
religious-leaders,Religious Leaders,,,United States,,,,,"Leaders, Religious",none,,,,,speaker,Religious Leaders (United States),yt-segmentation,1,1,added by reconcile from video-segmentation,drop,mk
robert-l-baker,Robert L. Baker,,,,,,,,"Baker, Robert L.",none,,,Robert L. Baker spoke at 2 Schiller Institute conferences between 2020 and 2024.,generated,speaker,"Robert L. Baker, Schiller Institute, United States",yt-segmentation,1,1,added by reconcile from video-segmentation,accept,mk
robert-lechner-schobel,Robert Lechner-Schobel,,,,,,,,"Lechner-Schobel, Robert",none,,,"Robert Lechner-Schobel spoke at the Schiller Institute conference ""Man Is Not a Wolf to Man - For a New Paradigm in International Relations!"" in July 2025.",generated,speaker,"Robert Lechner-Schobel, Business Consultant, Germany",yt-segmentation,1,1,added by reconcile from video-segmentation,accept,mk
robert-mcferrin,Robert McFerrin,,,,,,,,"McFerrin, Robert",none,,,Robert McFerrin spoke at a Schiller Institute conference in April 2020.,generated,speaker,"Robert McFerrin, baritone, Raymond Jackson, piano",yt-segmentation,1,1,added by reconcile from video-segmentation,accept,mk
roberto-valdes,Roberto Valdes,,,,,,,,"Valdes, Roberto",none,,,"Roberto Valdes spoke at the Schiller Institute conference ""A Musical Dialogue of Cultures"" in June 2016.",generated,speaker,Roberto Valdes,yt-segmentation,1,1,added by reconcile from video-segmentation,accept,mk
ruijia-dong-mezzo-soprano-louis-arques,Ruijia Dong (China) mezzo-soprano; Louis Arques,,,,,,,,"Arques, Ruijia Dong (China) mezzo-soprano; Louis",none,,,,,speaker,"Ruijia Dong (China) mezzo-soprano; Louis Arques, clarinet; Dura Jun, piano. Wolfgang Amadeus Mozart, ""Parto, ma tu ben m",yt-segmentation,1,1,"THREE performers of a Mozart concert item — Ruijia Dong (mezzo-soprano), Louis Arques (clarinet), Dura Jun (piano). ""Wolfgang Amadeus Mozart"" in alias is the COMPOSER (subject, not a participant). canonical_name captured only first 2; alias truncated at 120 chars. Source yt-segmentation; none has a person row. Needs machine-side split into 3 performer records — recover full roster + piece at video-segmentation stage.",drop,mk
saeed-naqvi,Saeed Naqvi,,,India,,,,,"Naqvi, Saeed",none,,,"Saeed Naqvi took part in the Schiller Institute conference programme from India. Saeed Naqvi spoke at the Schiller Institute conference ""For a Conference to Establish a New Security and Development Architecture for All Nations"" in April 2022.",generated,speaker,"Saeed Naqvi (India), Indian journalist, television commentator and interviewer: ""Media Role and Responsibility""",yt-segmentation,1,1,added by reconcile from video-segmentation; built during File 3 review: presents on VLpRK_XU6hE,accept,mk
schiller-institute-conference-saturday,Schiller Institute conference Saturday,,,,,,,,"Saturday, Schiller Institute conference",none,,,,,speaker,"Schiller Institute conference Saturday, February 4: Two panels, 10 am-1 pm and 2 pm-5 pm EST",yt-segmentation,1,1,added by reconcile from video-segmentation,drop,mk
schiller-institute-covid-19-policy-https-schillerinstitute-com-blog-2020-04-11-larouches-apollo-mission-to-defeat-the-global-pandemic-build-a-world-health-system-now,Schiller Institute COVID-19 Policy,,,,,,,,"Policy, Schiller Institute COVID-19",none,,,,,speaker,Schiller Institute COVID-19 Policy: https://schillerinstitute.com/blog/2020/04/11/larouches-apollo-mission-to-defeat-the,yt-segmentation,1,1,added by reconcile from video-segmentation,drop,mk
schiller-institute-manhattan-conference,"Schiller Institute Manhattan Conference - ""Building a World ",,,,,,,,"World, Schiller Institute Manhattan Conference - ""Building a",none,,,,,speaker,"Schiller Institute Manhattan Conference - ""Building a World Land-Bridge: Realizing Mankind's True Humanity"" April 7, 201",yt-segmentation,1,1,added by reconcile from video-segmentation,drop,mk
simona-buineviciute,Simona Buineviciute,,,,,,,,"Buineviciute, Simona",none,,,"Simona Buineviciute spoke at the Schiller Institute conference ""A Musical Dialogue of Cultures"" in June 2016.",generated,speaker,Simona Buineviciute,yt-segmentation,1,1,added by reconcile from video-segmentation,accept,mk
sopran-sua-baek-korea,Sua Baek - Korea,,,,,,,,"Korea, Sua Baek -",none,,Sopran,"Sua Baek - Korea spoke at the Schiller Institute conference ""A Musical Dialogue of Cultures"" in June 2016.",generated,speaker,Sopran: Sua Baek - Korea,yt-segmentation,1,1,added by reconcile from video-segmentation,accept,mk
talal-moualla-repositioning-of-the-cultural-variable,Talal Moualla,,,,,,,,"Moualla, Talal",none,,,,,speaker,Talal Moualla – Repositioning of the cultural variable: Towards a new modern cultural approach,yt-segmentation,1,1,added by reconcile from video-segmentation,merge:talal-moualla,mk
the-poetic-principle,The Poetic Principle,,,,,,,,"Principle, The Poetic",none,,,,,speaker,The Poetic Principle: Why and How America Must Return to a Classical Culture,yt-segmentation,1,1,added by reconcile from video-segmentation,drop,mk
the-schiller-institute-chorus,The Schiller Institute Chorus,,,,,,,,"Chorus, The Schiller Institute",none,,,,,speaker,The Schiller Institute Chorus,yt-segmentation,1,1,added by reconcile from video-segmentation,drop,mk
the-true-interests-of-the-united-states,The True Interests of the United States,,,,,,,,"States, The True Interests of the United",none,,,,,speaker,The True Interests of the United States: Senator Black Addresses Schiller Conference,yt-segmentation,1,1,added by reconcile from video-segmentation,drop,mk
thomas-wysmuller,Thomas Wysmuller,,,,,,,,"Wysmuller, Thomas",none,,,"Thomas Wysmuller spoke at the Schiller Institute conference ""Create a New Epoch for Mankind - Presidents' Day National Conference"" in February 2019.",generated,speaker,"Thomas Wysmuller, Founding member of NASA The Right Climate Stuff — ""What NASA Has Done and Where NASA Is Going""",yt-segmentation,1,1,added by reconcile from video-segmentation,accept,mk
tom-buffenbarger,Tom Buffenbarger,,,,,,,,"Buffenbarger, Tom",none,,,,,speaker,"Tom Buffenbarger, the International President of the IAM, sent the following message of greeting to the July 2-3, 2011 S",yt-segmentation,1,1,added by reconcile from video-segmentation,merge:r-thomas-buffenbarger,mk
us-state-senator-richard-black,US State Senator Richard Black (video presentation),,,,,,,,"presentation), US State Senator Richard Black (video",none,,,,,speaker,US State Senator Richard Black (video presentation),yt-segmentation,1,1,added by reconcile from video-segmentation,merge:richard-black,mk
veronika-zukaite,Veronika Zukaite,,,,,,,,"Zukaite, Veronika",none,,,"Veronika Zukaite spoke at the Schiller Institute conference ""A Musical Dialogue of Cultures"" in June 2016.",generated,speaker,Veronika Zukaite,yt-segmentation,1,1,added by reconcile from video-segmentation,accept,mk
viktoriya-valdes,Viktoriya Valdes,,,,,,,,"Valdes, Viktoriya",none,,,"Viktoriya Valdes spoke at the Schiller Institute conference ""A Musical Dialogue of Cultures"" in June 2016.",generated,speaker,Viktoriya Valdes,yt-segmentation,1,1,added by reconcile from video-segmentation,accept,mk
vladimir-morozov,Vladimir Morozov,,,,,,,,"Morozov, Vladimir",none,,,Vladimir Morozov spoke at a Schiller Institute conference in June 2018.,generated,speaker,"Vladimir Morozov, Program Coordinator, Russian International Affairs Council, Moscow",yt-segmentation,1,1,added by reconcile from video-segmentation,accept,mk
von-panos-kammenos,Von Panos Kammenos ,,,,,,,,"Kammenos, Von Panos",none,,,,,speaker,"Von Panos Kammenos , Vorsitzender der Partei Unabhängige Griechen, Mitglied des Hellenischen Parlaments, Athen, Griechen",yt-segmentation,1,1,added by reconcile from video-segmentation,merge:panos-kammenos,mk
walter-formento,Walter Formento,,,,,,,,"Formento, Walter",none,,,"Walter Formento spoke at the Schiller Institute conference ""Will Humanity Prosper, or Perish?"" in June 2020.",generated,speaker,"Walter Formento, Director, Center for Political and Economic Research, Argentina; ""South America on the New Multipolar R",yt-segmentation,1,1,added by reconcile from video-segmentation,accept,mk
war-must-stop,War Must Stop,,,,,,,,"Stop, War Must",none,,,,,speaker,"War Must Stop: ""Get off this command and control architecture""",yt-segmentation,1,1,added by reconcile from video-segmentation,drop,mk
what-italy-s-future-depends-on,What Italy's Future Depends On,,,,,,,,"On, What Italy's Future Depends",none,,,,,speaker,What Italy's Future Depends On,yt-segmentation,1,1,added by reconcile from video-segmentation,drop,mk
will-happer,Will Happer,,,,,,,,"Happer, Will",none,,,,,speaker,"Will Happer, PhD · Professor Emeritus of Physics, Princeton University · ""The Inside Story of Contemporary Science""",yt-segmentation,1,1,added by reconcile from video-segmentation,merge:william-happer,mk
wolfgang-amadeus-mozart,Wolfgang Amadeus Mozart,,,,,,,,"Mozart, Wolfgang Amadeus",none,,,"Wolfgang Amadeus Mozart spoke at the Schiller Institute conference ""A Beautiful Vision for Humanity in Times of Great Turbulence! - Memorial Day Weekend…"" in May 2025.",generated,speaker,"Wolfgang Amadeus Mozart, motet Ave Verum corpus (Hail, true body) presentation by John Sigerson (Music Director, Schille",yt-segmentation,1,1,added by reconcile from video-segmentation,accept,mk
xe-a-e-apy,Хельга Цепп-Ларуш,,,,,,,"Хельга Цепп-Ларуш, президент Шиллеровского института","Цепп-Ларуш, Хельга",none,,,,,speaker,"Хельга Цепп-Ларуш, президент Шиллеровского института",yt-segmentation,1,1,added by reconcile from video-segmentation,merge:helga-zepp-larouche,mk
xu-jian,Xu Jian,Dr.,,,,,,,"Jian, Xu",none,,,Xu Jian spoke at a Schiller Institute conference in June 2018.,generated,speaker,"Dr. Xu Jian, Vice President of China Institute of International Studies (CIIS), Director of CIIS",yt-segmentation,1,1,added by reconcile from video-segmentation,accept,mk
yan-wang,Yan Wang,,,,,,,,"Wang, Yan",none,,,"Yan Wang spoke at the Schiller Institute conference ""The World after the U.S. Election Creating A World Based on Reason"" in December 2020.",generated,speaker,"Yan Wang, PhD, ""The Chinese Economic Model""",yt-segmentation,1,1,added by reconcile from video-segmentation,accept,mk
yulin-wang-tenor,Yulin Wang (China) tenor,,,,,,,"Yulin Wang (China) tenor, Dura Jun, piano. Confucius: ""在水一方"" (""By the Waterside"") On the Other Side of the River"" – ""O w",Yulin Wang (China) tenor,none,,,"Yulin Wang (China) tenor spoke at the Schiller Institute conference ""A Beautiful Vision for Humanity in Times of Great Turbulence! - Memorial Day Weekend…"" in May 2025.",generated,speaker,"Yulin Wang (China) tenor, Dura Jun, piano. Confucius: ""在水一方"" (""By the Waterside"") On the Other Side of the River"" – ""O w",yt-segmentation,1,1,added by reconcile from video-segmentation,accept,mk
ave-verum-corpus,Ave Verum Corpus,,,,,,,,"Corpus, Ave Verum",none,,,,,speaker,Ave Verum Corpus,seg-auto-merge,1,1,added via seg-auto presort merge,drop,mk
calf-usa,CALF USA,,,,,,,,"USA, CALF",none,,,,,speaker,CALF USA,seg-auto-merge,1,1,added via seg-auto presort merge,drop,mk
elvira-o-green,Elvira O. Green,,,,,,,,"Green, Elvira O.",none,,,Elvira O. Green spoke at 2 Schiller Institute conferences between 2013 and 2017.,generated,speaker,Elvira O. Green,seg-auto-merge,1,1,added via seg-auto presort merge,accept,mk
jean-christophe-vautrin,Jean Christophe Vautrin,,,,,,,,"Vautrin, Jean Christophe",none,,,Jean Christophe Vautrin spoke at a Schiller Institute conference in October 2016.,generated,speaker,Jean Christophe Vautrin,seg-auto-merge,1,1,added via seg-auto presort merge,accept,mk
l-amitie-france,L'amitié France,,,,,,,,"France, L'amitié",none,,,,,speaker,L'amitié France,seg-auto-merge,1,1,added via seg-auto presort merge,drop,mk
lawrence-wilkerson,Lawrence Wilkerson,,,,,,,,"Wilkerson, Lawrence",none,,,"Lawrence Wilkerson spoke at the Schiller Institute conference ""The Danger of Nuclear War Is Real, and Must Be Stopped"" in June 2024.",generated,speaker,Lawrence Wilkerson,seg-auto-merge,1,1,added via seg-auto presort merge,accept,mk
mark-shelly,Mark Shelly,,,,,,,,"Shelly, Mark",none,,,"Mark Shelly spoke at the Schiller Institute conference ""A New Paradigm to Save Mankind"" in January 2013.",generated,speaker,Mark Shelly,seg-auto-merge,1,1,added via seg-auto presort merge,accept,mk
metin-apti,Metin Apti,,,,,,,,"Apti, Metin",none,,,"Metin Apti spoke at the Schiller Institute conference ""Conférence de Paris"" in June 2015.",generated,speaker,Metin Apti,seg-auto-merge,1,1,added via seg-auto presort merge,accept,mk
national-banking,National Banking,,,,,,,,"Banking, National",none,,,,,speaker,National Banking,seg-auto-merge,1,1,added via seg-auto presort merge,drop,mk
petr-iliichev,Petr Iliichev,Mr.,,,,,,,"Iliichev, Petr",none,,,"Petr Iliichev spoke at the Schiller Institute conference ""US-China Cooperation on the Belt and Road Initiative"" in April 2017.",generated,speaker,Mr. Petr Iliichev,seg-auto-merge,1,1,added via seg-auto presort merge,accept,mk
ranjani-saigal,Ranjani Saigal,,,,,,,,"Saigal, Ranjani",none,,,Ranjani Saigal spoke at a Schiller Institute conference in December 2014.,generated,speaker,Ranjani Saigal,seg-auto-merge,1,1,added via seg-auto presort merge,accept,mk
talal-moualla,Talal Moualla,,,,,,,,"Moualla, Talal",none,,,Talal Moualla spoke at 2 Schiller Institute conferences in 2016.,generated,speaker,Talal Moualla,seg-auto-merge,1,1,added via seg-auto presort merge,accept,mk
win-relationship,Win Relationship,,,,,,,,"Relationship, Win",none,,,,,speaker,Win Relationship,seg-auto-merge,1,1,added via seg-auto presort merge,drop,mk
eva-karene-bartlett,Eva Karene Bartlett,,Independent journalist,Canada,,,,,"Bartlett, Eva Karene",harvest:accept,Independent journalist,,"Eva Karene Bartlett is Independent journalist, in Canada. Eva Karene Bartlett spoke at the Schiller Institute conference ""Inspiring Humanity to Survive the Greatest Crisis in World History"" in September 2022.",generated,speaker,Eva Karene Bartlett,yt:aF2d8EAMQ0o@8,1,0,added during File 3 review: speaker the segmenter missed on aF2d8EAMQ0o,accept,mk
mira-terada,Mira Terada,,Head of the Foundation to Battle Injustice,Russia,,,,,"Terada, Mira",harvest:accept,Head of the Foundation to Battle Injustice,,"Mira Terada is Head of the Foundation to Battle Injustice, in Russia. Mira Terada spoke at the Schiller Institute conference ""Inspiring Humanity to Survive the Greatest Crisis in World History"" in September 2022.",generated,speaker,Mira Terada,yt:aF2d8EAMQ0o@9,1,0,added during File 3 review: speaker the segmenter missed on aF2d8EAMQ0o,accept,mk
willis-patterson,Willis Patterson,,,,,,,,"Patterson, Willis",none,,,Willis Patterson spoke at a Schiller Institute conference in April 2020.,generated,speaker,Willis Patterson,yt:cy0uh-BYs7s@3,1,0,added during File 3 review: speaker the segmenter missed on cy0uh-BYs7s,accept,mk
teng-jimeng,Teng Jimeng,,,,,,,,"Jimeng, Teng",none,,,Teng Jimeng spoke at a Schiller Institute conference in April 2020.,generated,speaker,Teng Jimeng,yt:cy0uh-BYs7s@4,1,0,added during File 3 review: speaker the segmenter missed on cy0uh-BYs7s,accept,mk
daud-azimi,Daud Azimi,Dipl. Ing.,"Board Member, Peace National Front of Afghanistan",Afghanistan,,,,,"Azimi, Daud",harvest:accept,"Board Member, Peace National Front of Afghanistan",,"Dipl. Ing. Daud Azimi is Board Member, Peace National Front of Afghanistan. Daud Azimi spoke at the Schiller Institute conference ""For a Conference to Establish a New Security and Development Architecture for All Nations"" in April 2022.",generated,speaker,Daud Azimi,yt:_9k2RlLGkMc@9,1,0,added during File 3 review: named in the programme line on _9k2RlLGkMc,accept,mk
bedabrata-pain,Bedabrata Pain,Dr.,,,,,,,"Pain, Bedabrata",none,,,,,speaker,Dr. Bedabrata Pain,yt:3cEmeoenoaA@5,1,0,added during File 3 review: one of the four-person panel on 3cEmeoenoaA,accept,mk
elke-fimmen,Elke Fimmen,,Schiller Institute,,,,,,"Fimmen, Elke",agenda:accept,Schiller Institute,,Elke Fimmen is with Schiller Institute. Elke Fimmen spoke at a Schiller Institute conference in June 2018.,generated,speaker,Elke Fimmen,yt:Ic8b23CxBSU@0,1,0,added during File 3 review: speaker on Ic8b23CxBSU,accept,mk
leonidas-chrysanthopoulos,Leonidas Chrysanthopoulos,,Black Sea Economic Cooperation Organization (BSEC),,,,,,"Chrysanthopoulos, Leonidas",agenda:review,Black Sea Economic Cooperation Organization (BSEC),,Leonidas Chrysanthopoulos is with Black Sea Economic Cooperation Organization (BSEC). Leonidas Chrysanthopoulos spoke at a Schiller Institute conference in June 2018.,generated,speaker,Leonidas Chrysanthopoulos,yt:Ic8b23CxBSU@5,1,0,added during File 3 review: speaker on Ic8b23CxBSU,accept,mk
