person_key,canonical_name,yt_video_id,timestamps,frame_files,photo_license,photo_credit,photo_source_url,chosen_frame,confidence,final_action,reviewer,notes,proposed_frame,face_pct,sharpness,crop_note,candidates_json,slot_source
abbey-makoe,Abbey Makoe,THWTp_W75c0,10004|10447|10890,abbey-makoe-0.jpg|abbey-makoe-1.jpg|abbey-makoe-2.jpg,si-video-still,Schiller Institute (still from conference recording),https://www.youtube.com/watch?v=THWTp_W75c0&t=10004,,needs-review,skip,mk,reviewed in the crop sheet: no usable portrait in these frames,abbey-makoe-2.jpg,8.8,121.1,,"[{""frame"": ""abbey-makoe-2.jpg"", ""crop"": ""abbey-makoe-2.jpg"", ""face"": true, ""pct"": 8.8, ""sharp"": 121.1, ""score"": 8.36, ""via"": ""frontalface_default"", ""size"": [140, 175]}, {""frame"": ""abbey-makoe-0.jpg"", ""crop"": null, ""face"": false, ""pct"": 0, ""sharp"": 0, ""score"": 0}, {""frame"": ""abbey-makoe-1.jpg"", ""crop"": null, ""face"": false, ""pct"": 0, ""sharp"": 0, ""score"": 0}]",segment
achim-bonatz,Achim Bonatz,Gep6VAh4H9o,7417|7673|7929,achim-bonatz-0.jpg|achim-bonatz-1.jpg|achim-bonatz-2.jpg,si-video-still,Schiller Institute (still from conference recording),https://www.youtube.com/watch?v=Gep6VAh4H9o&t=7417,,needs-review,skip,mk,reviewed in the crop sheet: no usable portrait in these frames,achim-bonatz-1.jpg,18.6,196.1,,"[{""frame"": ""achim-bonatz-1.jpg"", ""crop"": ""achim-bonatz-1.jpg"", ""face"": true, ""pct"": 18.6, ""sharp"": 196.1, ""score"": 26.22, ""via"": ""frontalface_default"", ""size"": [298, 372]}, {""frame"": ""achim-bonatz-0.jpg"", ""crop"": ""achim-bonatz-0.jpg"", ""face"": true, ""pct"": 19.4, ""sharp"": 151.7, ""score"": 25.64, ""via"": ""frontalface_default"", ""size"": [311, 389]}, {""frame"": ""achim-bonatz-2.jpg"", ""crop"": ""achim-bonatz-2.jpg"", ""face"": true, ""pct"": 21.8, ""sharp"": 74.8, ""score"": 24.04, ""via"": ""frontalface_default"", ""size"": [349, 436]}]",segment
adrian-pearl,Adrian Pearl,cRBXdmrBWsY,165|300|435,,,,,,none,skip,,ffmpeg produced no usable frame,,,,timestamps cover the whole session — this person cannot be located in it,,agenda-only
alejandro-yaya,Alejandro Yaya,83Kzsg20gAo,8520|8653|8786,alejandro-yaya-0.jpg|alejandro-yaya-1.jpg|alejandro-yaya-2.jpg,si-video-still,Schiller Institute (still from conference recording),https://www.youtube.com/watch?v=83Kzsg20gAo&t=8520,alejandro-yaya-0.jpg,needs-review,,mk,,alejandro-yaya-0.jpg,56.9,8.4,,"[{""frame"": ""alejandro-yaya-0.jpg"", ""crop"": ""alejandro-yaya-0.jpg"", ""face"": true, ""pct"": 56.9, ""sharp"": 8.4, ""score"": 57.38, ""via"": ""frontalface_default"", ""size"": [576, 720]}, {""frame"": ""alejandro-yaya-1.jpg"", ""crop"": ""alejandro-yaya-1.jpg"", ""face"": true, ""pct"": 53.6, ""sharp"": 9.8, ""score"": 51.24, ""via"": ""frontalface_default"", ""size"": [576, 720]}, {""frame"": ""alejandro-yaya-2.jpg"", ""crop"": null, ""face"": false, ""pct"": 0, ""sharp"": 0, ""score"": 0}]",segment
alexander-k-bobrov,Alexander K. Bobrov,3cEmeoenoaA,2604|2773|2941,alexander-k-bobrov-0.jpg|alexander-k-bobrov-1.jpg|alexander-k-bobrov-2.jpg,si-video-still,Schiller Institute (still from conference recording),https://www.youtube.com/watch?v=3cEmeoenoaA&t=2604,,needs-review,skip,mk,reviewed in the crop sheet: no usable portrait in these frames,alexander-k-bobrov-0.jpg,53.8,13.5,,"[{""frame"": ""alexander-k-bobrov-0.jpg"", ""crop"": ""alexander-k-bobrov-0.jpg"", ""face"": true, ""pct"": 53.8, ""sharp"": 13.5, ""score"": 48.13, ""via"": ""profileface"", ""size"": [576, 720]}, {""frame"": ""alexander-k-bobrov-1.jpg"", ""crop"": ""alexander-k-bobrov-1.jpg"", ""face"": true, ""pct"": 53.2, ""sharp"": 12.7, ""score"": 46.89, ""via"": ""profileface"", ""size"": [576, 720]}, {""frame"": ""alexander-k-bobrov-2.jpg"", ""crop"": ""alexander-k-bobrov-2.jpg"", ""face"": true, ""pct"": 51.4, ""sharp"": 13.0, ""score"": 42.78, ""via"": ""frontalface_alt2"", ""size"": [576, 720]}]",segment
alexey-boguslavskiy,Alexey Boguslavskiy,83Kzsg20gAo,1838|1953|2068,alexey-boguslavskiy-0.jpg|alexey-boguslavskiy-1.jpg|alexey-boguslavskiy-2.jpg,si-video-still,Schiller Institute (still from conference recording),https://www.youtube.com/watch?v=83Kzsg20gAo&t=1838,alexey-boguslavskiy-0.jpg,needs-review,,mk,,alexey-boguslavskiy-1.jpg,33.8,97.1,,"[{""frame"": ""alexey-boguslavskiy-1.jpg"", ""crop"": ""alexey-boguslavskiy-1.jpg"", ""face"": true, ""pct"": 33.8, ""sharp"": 97.1, ""score"": 40.0, ""via"": ""profileface"", ""size"": [540, 675]}, {""frame"": ""alexey-boguslavskiy-0.jpg"", ""crop"": ""alexey-boguslavskiy-0.jpg"", ""face"": true, ""pct"": 34.0, ""sharp"": 66.3, ""score"": 37.8, ""via"": ""frontalface_default"", ""size"": [544, 681]}, {""frame"": ""alexey-boguslavskiy-2.jpg"", ""crop"": ""alexey-boguslavskiy-2.jpg"", ""face"": true, ""pct"": 31.9, ""sharp"": 82.1, ""score"": 36.59, ""via"": ""profileface"", ""size"": [511, 639]}]",segment
alicia-diaz-brown,Alicia Díaz Brown,gmvQftqGuqM,165|300|435,alicia-diaz-brown-0.jpg|alicia-diaz-brown-1.jpg|alicia-diaz-brown-2.jpg,si-video-still,Schiller Institute (still from conference recording),https://www.youtube.com/watch?v=gmvQftqGuqM&t=165,,needs-review,skip,,,,,,timestamps cover the whole session — this person cannot be located in it,,agenda-only
amna-malik,Amna Malik,U2jhXuyvQ1E,165|300|435,amna-malik-0.jpg|amna-malik-1.jpg|amna-malik-2.jpg,si-video-still,Schiller Institute (still from conference recording),https://www.youtube.com/watch?v=U2jhXuyvQ1E&t=165,,needs-review,skip,,,,,,timestamps cover the whole session — this person cannot be located in it,,agenda-only
amzat-boukari-yabara,Amzat Boukari-Yabara,O-6e3dmzDoQ,3991|4274|4557,amzat-boukari-yabara-0.jpg|amzat-boukari-yabara-1.jpg|amzat-boukari-yabara-2.jpg,si-video-still,Schiller Institute (still from conference recording),https://www.youtube.com/watch?v=O-6e3dmzDoQ&t=3991,,needs-review,skip,mk,reviewed in the crop sheet: no usable portrait in these frames,,,,no face found in any frame,"[{""frame"": ""amzat-boukari-yabara-0.jpg"", ""crop"": null, ""face"": false, ""pct"": 0, ""sharp"": 0, ""score"": 0}, {""frame"": ""amzat-boukari-yabara-1.jpg"", ""crop"": null, ""face"": false, ""pct"": 0, ""sharp"": 0, ""score"": 0}, {""frame"": ""amzat-boukari-yabara-2.jpg"", ""crop"": null, ""face"": false, ""pct"": 0, ""sharp"": 0, ""score"": 0}]",segment
anika-telmanyi-lylloff,Anika Telmányi Lylloff,nTR10aFD5ms,130|231|332,anika-telmanyi-lylloff-0.jpg|anika-telmanyi-lylloff-1.jpg|anika-telmanyi-lylloff-2.jpg,si-video-still,Schiller Institute (still from conference recording),https://www.youtube.com/watch?v=nTR10aFD5ms&t=130,,needs-review,skip,,,,,,timestamps cover the whole session — this person cannot be located in it,,agenda-only
anna-evstigneeva,Anna Evstigneeva,efw9yTulB4A,165|300|435,anna-evstigneeva-0.jpg|anna-evstigneeva-1.jpg|anna-evstigneeva-2.jpg,si-video-still,Schiller Institute (still from conference recording),https://www.youtube.com/watch?v=efw9yTulB4A&t=165,,needs-review,skip,,,,,,timestamps cover the whole session — this person cannot be located in it,,agenda-only
areej-atef,Areej Atef,TEgNPGzmuQ8,165|300|435,areej-atef-0.jpg|areej-atef-1.jpg|areej-atef-2.jpg,si-video-still,Schiller Institute (still from conference recording),https://www.youtube.com/watch?v=TEgNPGzmuQ8&t=165,,needs-review,skip,,,,,,timestamps cover the whole session — this person cannot be located in it,,agenda-only
ashley-tran,Ashley Tran,eth7wIYEBb4,165|300|435,ashley-tran-0.jpg|ashley-tran-1.jpg|ashley-tran-2.jpg,si-video-still,Schiller Institute (still from conference recording),https://www.youtube.com/watch?v=eth7wIYEBb4&t=165,,needs-review,skip,,,,,,timestamps cover the whole session — this person cannot be located in it,,agenda-only
atul-aneja,Atul Aneja,VHacLTeb9r4,4569|4738|4907,atul-aneja-0.jpg|atul-aneja-1.jpg|atul-aneja-2.jpg,si-video-still,Schiller Institute (still from conference recording),https://www.youtube.com/watch?v=VHacLTeb9r4&t=4569,atul-aneja-1.jpg,needs-review,,mk,,atul-aneja-1.jpg,48.1,26.9,,"[{""frame"": ""atul-aneja-1.jpg"", ""crop"": ""atul-aneja-1.jpg"", ""face"": true, ""pct"": 48.1, ""sharp"": 26.9, ""score"": 49.49, ""via"": ""profileface"", ""size"": [576, 720]}, {""frame"": ""atul-aneja-0.jpg"", ""crop"": ""atul-aneja-0.jpg"", ""face"": true, ""pct"": 44.9, ""sharp"": 23.5, ""score"": 46.13, ""via"": ""profileface"", ""size"": [576, 720]}, {""frame"": ""atul-aneja-2.jpg"", ""crop"": ""atul-aneja-2.jpg"", ""face"": true, ""pct"": 42.6, ""sharp"": 18.5, ""score"": 42.87, ""via"": ""frontalface_default"", ""size"": [576, 720]}]",segment
baifeng-sun,Baifeng Sun,mTNwbzSwDi0,132|235|338,baifeng-sun-0.jpg|baifeng-sun-1.jpg|baifeng-sun-2.jpg,si-video-still,Schiller Institute (still from conference recording),https://www.youtube.com/watch?v=mTNwbzSwDi0&t=132,,needs-review,skip,,,,,,timestamps cover the whole session — this person cannot be located in it,,agenda-only
ben-greenspan-m-d,Ben Greenspan,3F_Gl_KkwpE,6790|7114|7438,ben-greenspan-m-d-0.jpg|ben-greenspan-m-d-1.jpg|ben-greenspan-m-d-2.jpg,si-video-still,Schiller Institute (still from conference recording),https://www.youtube.com/watch?v=3F_Gl_KkwpE&t=6790,,needs-review,skip,mk,reviewed in the crop sheet: no usable portrait in these frames,ben-greenspan-m-d-2.jpg,33.2,47.0,,"[{""frame"": ""ben-greenspan-m-d-2.jpg"", ""crop"": ""ben-greenspan-m-d-2.jpg"", ""face"": true, ""pct"": 33.2, ""sharp"": 47.0, ""score"": 33.49, ""via"": ""frontalface_default"", ""size"": [531, 664]}, {""frame"": ""ben-greenspan-m-d-0.jpg"", ""crop"": ""ben-greenspan-m-d-0.jpg"", ""face"": true, ""pct"": 14.2, ""sharp"": 17.8, ""score"": 8.73, ""via"": ""frontalface_alt2"", ""size"": [227, 283]}, {""frame"": ""ben-greenspan-m-d-1.jpg"", ""crop"": ""ben-greenspan-m-d-1.jpg"", ""face"": true, ""pct"": 13.8, ""sharp"": 21.2, ""score"": 8.61, ""via"": ""frontalface_alt2"", ""size"": [220, 275]}]",segment
benjamin-lylloff,Benjamin Lylloff,RqtZS8odIpA,165|300|435,benjamin-lylloff-0.jpg|benjamin-lylloff-1.jpg|benjamin-lylloff-2.jpg,si-video-still,Schiller Institute (still from conference recording),https://www.youtube.com/watch?v=RqtZS8odIpA&t=165,,needs-review,skip,,,,,,timestamps cover the whole session — this person cannot be located in it,,agenda-only
billy-anders-estime,Billy Anders Estimé,U2jhXuyvQ1E,165|300|435,billy-anders-estime-0.jpg|billy-anders-estime-1.jpg|billy-anders-estime-2.jpg,si-video-still,Schiller Institute (still from conference recording),https://www.youtube.com/watch?v=U2jhXuyvQ1E&t=165,,needs-review,skip,,,,,,timestamps cover the whole session — this person cannot be located in it,,agenda-only
boris-meshchanov,Boris Meshchanov,6n5KERjjwVY,2606|2787|2968,boris-meshchanov-0.jpg|boris-meshchanov-1.jpg|boris-meshchanov-2.jpg,si-video-still,Schiller Institute (still from conference recording),https://www.youtube.com/watch?v=6n5KERjjwVY&t=2606,,needs-review,skip,mk,reviewed in the crop sheet: no usable portrait in these frames,boris-meshchanov-2.jpg,48.3,10.2,,"[{""frame"": ""boris-meshchanov-2.jpg"", ""crop"": ""boris-meshchanov-2.jpg"", ""face"": true, ""pct"": 48.3, ""sharp"": 10.2, ""score"": 45.43, ""via"": ""frontalface_alt2"", ""size"": [576, 720]}, {""frame"": ""boris-meshchanov-1.jpg"", ""crop"": ""boris-meshchanov-1.jpg"", ""face"": true, ""pct"": 47.2, ""sharp"": 10.9, ""score"": 44.2, ""via"": ""frontalface_alt2"", ""size"": [576, 720]}, {""frame"": ""boris-meshchanov-0.jpg"", ""crop"": ""boris-meshchanov-0.jpg"", ""face"": true, ""pct"": 43.8, ""sharp"": 11.0, ""score"": 39.99, ""via"": ""frontalface_alt2"", ""size"": [576, 720]}]",segment
bradley-blankenship,Bradley Blankenship,wj0xuNMfyPI,6079|7555|9030,bradley-blankenship-0.jpg|bradley-blankenship-1.jpg|bradley-blankenship-2.jpg,si-video-still,Schiller Institute (still from conference recording),https://www.youtube.com/watch?v=wj0xuNMfyPI&t=6079,,needs-review,skip,mk,reviewed in the crop sheet: no usable portrait in these frames,bradley-blankenship-1.jpg,25.1,22.5,,"[{""frame"": ""bradley-blankenship-1.jpg"", ""crop"": ""bradley-blankenship-1.jpg"", ""face"": true, ""pct"": 25.1, ""sharp"": 22.5, ""score"": 24.78, ""via"": ""frontalface_alt2"", ""size"": [402, 503]}, {""frame"": ""bradley-blankenship-2.jpg"", ""crop"": ""bradley-blankenship-2.jpg"", ""face"": true, ""pct"": 22.9, ""sharp"": 40.6, ""score"": 21.81, ""via"": ""frontalface_alt2"", ""size"": [367, 458]}, {""frame"": ""bradley-blankenship-0.jpg"", ""crop"": ""bradley-blankenship-0.jpg"", ""face"": true, ""pct"": 6.2, ""sharp"": 2176.0, ""score"": 7.18, ""via"": ""frontalface_alt2"", ""size"": [100, 125]}]",segment
brian-harvey,Brian Harvey,FuS2MyfbC7Q,165|300|435,brian-harvey-0.jpg|brian-harvey-1.jpg|brian-harvey-2.jpg,si-video-still,Schiller Institute (still from conference recording),https://www.youtube.com/watch?v=FuS2MyfbC7Q&t=165,,needs-review,skip,,,,,,timestamps cover the whole session — this person cannot be located in it,,agenda-only
butch-valdes,Butch Valdes,ivQ_iiLltJo,165|300|435,butch-valdes-0.jpg|butch-valdes-1.jpg|butch-valdes-2.jpg,si-video-still,Schiller Institute (still from conference recording),https://www.youtube.com/watch?v=ivQ_iiLltJo&t=165,butch-valdes-2.jpg,needs-review,,mk,,butch-valdes-2.jpg,61.3,12.6,,"[{""frame"": ""butch-valdes-2.jpg"", ""crop"": ""butch-valdes-2.jpg"", ""face"": true, ""pct"": 61.3, ""sharp"": 12.6, ""score"": 57.76, ""via"": ""frontalface_default"", ""size"": [576, 720]}, {""frame"": ""butch-valdes-1.jpg"", ""crop"": ""butch-valdes-1.jpg"", ""face"": true, ""pct"": 32.4, ""sharp"": 55.4, ""score"": 32.85, ""via"": ""frontalface_default"", ""size"": [518, 647]}, {""frame"": ""butch-valdes-0.jpg"", ""crop"": null, ""face"": false, ""pct"": 0, ""sharp"": 0, ""score"": 0}]",segment
caleb-maupin,Caleb Maupin,_9k2RlLGkMc,1672|1837|2001,caleb-maupin-0.jpg|caleb-maupin-1.jpg|caleb-maupin-2.jpg,si-video-still,Schiller Institute (still from conference recording),https://www.youtube.com/watch?v=_9k2RlLGkMc&t=1672,caleb-maupin-0.jpg,needs-review,,mk,,caleb-maupin-0.jpg,55.6,30.5,,"[{""frame"": ""caleb-maupin-0.jpg"", ""crop"": ""caleb-maupin-0.jpg"", ""face"": true, ""pct"": 55.6, ""sharp"": 30.5, ""score"": 56.44, ""via"": ""frontalface_default"", ""size"": [576, 720]}, {""frame"": ""caleb-maupin-1.jpg"", ""crop"": ""caleb-maupin-1.jpg"", ""face"": true, ""pct"": 53.8, ""sharp"": 26.6, ""score"": 55.0, ""via"": ""frontalface_default"", ""size"": [576, 720]}, {""frame"": ""caleb-maupin-2.jpg"", ""crop"": ""caleb-maupin-2.jpg"", ""face"": true, ""pct"": 54.7, ""sharp"": 17.6, ""score"": 52.8, ""via"": ""frontalface_default"", ""size"": [576, 720]}]",segment
carolina-dominguez-cisneros,Carolina Domínguez Cisneros,TEgNPGzmuQ8,165|300|435,carolina-dominguez-cisneros-0.jpg|carolina-dominguez-cisneros-1.jpg|carolina-dominguez-cisneros-2.jpg,si-video-still,Schiller Institute (still from conference recording),https://www.youtube.com/watch?v=TEgNPGzmuQ8&t=165,,needs-review,skip,,,,,,timestamps cover the whole session — this person cannot be located in it,,agenda-only
celeste-saenz-de-miera,Celeste Sáenz de Miera,TmWFAdBk-VA,165|300|435,celeste-saenz-de-miera-0.jpg|celeste-saenz-de-miera-1.jpg|celeste-saenz-de-miera-2.jpg,si-video-still,Schiller Institute (still from conference recording),https://www.youtube.com/watch?v=TmWFAdBk-VA&t=165,,needs-review,skip,,,,,,timestamps cover the whole session — this person cannot be located in it,,agenda-only
chen-xiaohan,Chen Xiaohan,VLpRK_XU6hE,3300|3455|3610,chen-xiaohan-0.jpg|chen-xiaohan-1.jpg|chen-xiaohan-2.jpg,si-video-still,Schiller Institute (still from conference recording),https://www.youtube.com/watch?v=VLpRK_XU6hE&t=3300,chen-xiaohan-0.jpg,needs-review,,mk,,chen-xiaohan-0.jpg,21.9,107.0,,"[{""frame"": ""chen-xiaohan-0.jpg"", ""crop"": ""chen-xiaohan-0.jpg"", ""face"": true, ""pct"": 21.9, ""sharp"": 107.0, ""score"": 24.48, ""via"": ""frontalface_default"", ""size"": [351, 439]}, {""frame"": ""chen-xiaohan-2.jpg"", ""crop"": ""chen-xiaohan-2.jpg"", ""face"": true, ""pct"": 21.5, ""sharp"": 87.5, ""score"": 23.3, ""via"": ""frontalface_default"", ""size"": [344, 431]}, {""frame"": ""chen-xiaohan-1.jpg"", ""crop"": ""chen-xiaohan-1.jpg"", ""face"": true, ""pct"": 16.0, ""sharp"": 156.5, ""score"": 21.2, ""via"": ""frontalface_default"", ""size"": [256, 319]}]",segment
cherine-sultan,Chérine Sultan,eth7wIYEBb4,165|300|435,cherine-sultan-0.jpg|cherine-sultan-1.jpg|cherine-sultan-2.jpg,si-video-still,Schiller Institute (still from conference recording),https://www.youtube.com/watch?v=eth7wIYEBb4&t=165,,needs-review,skip,,,,,,timestamps cover the whole session — this person cannot be located in it,,agenda-only
christen-sorensen,Christen Sørensen,_tKYaJ0EwSg,165|300|435,christen-sorensen-0.jpg|christen-sorensen-1.jpg|christen-sorensen-2.jpg,si-video-still,Schiller Institute (still from conference recording),https://www.youtube.com/watch?v=_tKYaJ0EwSg&t=165,,needs-review,skip,,,,,,timestamps cover the whole session — this person cannot be located in it,,agenda-only
claudio-giudici,Claudio Giudici,TiBx_1ykC80,165|300|435,claudio-giudici-0.jpg|claudio-giudici-1.jpg|claudio-giudici-2.jpg,si-video-still,Schiller Institute (still from conference recording),https://www.youtube.com/watch?v=TiBx_1ykC80&t=165,,needs-review,skip,,,,,,timestamps cover the whole session — this person cannot be located in it,,agenda-only
conductor-irina-freitag,Irina Freitag,L-p_F0dC3Y0,130|230|330,conductor-irina-freitag-0.jpg|conductor-irina-freitag-1.jpg|conductor-irina-freitag-2.jpg,si-video-still,Schiller Institute (still from conference recording),https://www.youtube.com/watch?v=L-p_F0dC3Y0&t=130,,needs-review,skip,,,,,,timestamps cover the whole session — this person cannot be located in it,,agenda-only
cornelia-pretorius,Cornelia Pretorius,Gep6VAh4H9o,8412|8577|8742,cornelia-pretorius-0.jpg|cornelia-pretorius-1.jpg|cornelia-pretorius-2.jpg,si-video-still,Schiller Institute (still from conference recording),https://www.youtube.com/watch?v=Gep6VAh4H9o&t=8412,cornelia-pretorius-0.jpg,needs-review,,mk,,cornelia-pretorius-0.jpg,19.0,63.2,,"[{""frame"": ""cornelia-pretorius-0.jpg"", ""crop"": ""cornelia-pretorius-0.jpg"", ""face"": true, ""pct"": 19.0, ""sharp"": 63.2, ""score"": 21.08, ""via"": ""frontalface_alt2"", ""size"": [304, 381]}, {""frame"": ""cornelia-pretorius-2.jpg"", ""crop"": ""cornelia-pretorius-2.jpg"", ""face"": true, ""pct"": 17.8, ""sharp"": 88.2, ""score"": 20.58, ""via"": ""frontalface_default"", ""size"": [284, 356]}, {""frame"": ""cornelia-pretorius-1.jpg"", ""crop"": ""cornelia-pretorius-1.jpg"", ""face"": true, ""pct"": 17.9, ""sharp"": 44.2, ""score"": 18.79, ""via"": ""frontalface_alt2"", ""size"": [287, 358]}]",segment
costas-tsourakis,Costas Tsourakis,N1B27voNUBw,165|300|435,costas-tsourakis-0.jpg|costas-tsourakis-1.jpg|costas-tsourakis-2.jpg,si-video-still,Schiller Institute (still from conference recording),https://www.youtube.com/watch?v=N1B27voNUBw&t=165,,needs-review,skip,,,,,,timestamps cover the whole session — this person cannot be located in it,,agenda-only
daniel-burke,Daniel Burke,eth7wIYEBb4,165|300|435,daniel-burke-0.jpg|daniel-burke-1.jpg|daniel-burke-2.jpg,si-video-still,Schiller Institute (still from conference recording),https://www.youtube.com/watch?v=eth7wIYEBb4&t=165,,needs-review,skip,,,,,,timestamps cover the whole session — this person cannot be located in it,,agenda-only
daqi-fan,Daqi Fan,THWTp_W75c0,5946|6038|6130,daqi-fan-0.jpg|daqi-fan-1.jpg|daqi-fan-2.jpg,si-video-still,Schiller Institute (still from conference recording),https://www.youtube.com/watch?v=THWTp_W75c0&t=5946,daqi-fan-1.jpg,needs-review,,mk,,daqi-fan-1.jpg,15.4,101.1,,"[{""frame"": ""daqi-fan-1.jpg"", ""crop"": ""daqi-fan-1.jpg"", ""face"": true, ""pct"": 15.4, ""sharp"": 101.1, ""score"": 17.57, ""via"": ""frontalface_alt2"", ""size"": [247, 308]}, {""frame"": ""daqi-fan-0.jpg"", ""crop"": ""daqi-fan-0.jpg"", ""face"": true, ""pct"": 15.3, ""sharp"": 109.0, ""score"": 17.55, ""via"": ""frontalface_default"", ""size"": [244, 306]}, {""frame"": ""daqi-fan-2.jpg"", ""crop"": ""daqi-fan-2.jpg"", ""face"": true, ""pct"": 15.0, ""sharp"": 83.1, ""score"": 16.52, ""via"": ""frontalface_default"", ""size"": [240, 300]}]",segment
daud-azimi,Daud Azimi,_9k2RlLGkMc,6059|6127|6195,daud-azimi-0.jpg|daud-azimi-1.jpg|daud-azimi-2.jpg,si-video-still,Schiller Institute (still from conference recording),https://www.youtube.com/watch?v=_9k2RlLGkMc&t=6059,daud-azimi-1.jpg,needs-review,,mk,,daud-azimi-1.jpg,49.2,84.9,,"[{""frame"": ""daud-azimi-1.jpg"", ""crop"": ""daud-azimi-1.jpg"", ""face"": true, ""pct"": 49.2, ""sharp"": 84.9, ""score"": 57.93, ""via"": ""frontalface_default"", ""size"": [576, 720]}, {""frame"": ""daud-azimi-2.jpg"", ""crop"": ""daud-azimi-2.jpg"", ""face"": true, ""pct"": 51.8, ""sharp"": 75.8, ""score"": 56.74, ""via"": ""profileface"", ""size"": [576, 720]}, {""frame"": ""daud-azimi-0.jpg"", ""crop"": ""daud-azimi-0.jpg"", ""face"": true, ""pct"": 45.6, ""sharp"": 93.3, ""score"": 52.94, ""via"": ""frontalface_default"", ""size"": [576, 720]}]",segment
david-monyae,David Monyae,V3N9_8B44Xc,4775|4966|5156,david-monyae-0.jpg|david-monyae-1.jpg|david-monyae-2.jpg,si-video-still,Schiller Institute (still from conference recording),https://www.youtube.com/watch?v=V3N9_8B44Xc&t=4775,,needs-review,skip,mk,reviewed in the crop sheet: no usable portrait in these frames,david-monyae-2.jpg,9.0,211.5,,"[{""frame"": ""david-monyae-2.jpg"", ""crop"": ""david-monyae-2.jpg"", ""face"": true, ""pct"": 9.0, ""sharp"": 211.5, ""score"": 9.43, ""via"": ""profileface"", ""size"": [144, 181]}, {""frame"": ""david-monyae-0.jpg"", ""crop"": ""david-monyae-0.jpg"", ""face"": true, ""pct"": 7.8, ""sharp"": 226.5, ""score"": 8.26, ""via"": ""profileface"", ""size"": [124, 156]}, {""frame"": ""david-monyae-1.jpg"", ""crop"": ""david-monyae-1.jpg"", ""face"": true, ""pct"": 6.8, ""sharp"": 50.4, ""score"": 4.28, ""via"": ""frontalface_alt2"", ""size"": [109, 136]}]",segment
david-t-pyne,David T. Pyne,aF2d8EAMQ0o,2876|3011|3146,david-t-pyne-0.jpg|david-t-pyne-1.jpg|david-t-pyne-2.jpg,si-video-still,Schiller Institute (still from conference recording),https://www.youtube.com/watch?v=aF2d8EAMQ0o&t=2876,david-t-pyne-0.jpg,needs-review,,mk,,david-t-pyne-0.jpg,48.8,13.0,,"[{""frame"": ""david-t-pyne-0.jpg"", ""crop"": ""david-t-pyne-0.jpg"", ""face"": true, ""pct"": 48.8, ""sharp"": 13.0, ""score"": 48.7, ""via"": ""profileface"", ""size"": [576, 720]}, {""frame"": ""david-t-pyne-2.jpg"", ""crop"": ""david-t-pyne-2.jpg"", ""face"": true, ""pct"": 48.3, ""sharp"": 12.2, ""score"": 48.09, ""via"": ""frontalface_default"", ""size"": [576, 720]}, {""frame"": ""david-t-pyne-1.jpg"", ""crop"": ""david-t-pyne-1.jpg"", ""face"": true, ""pct"": 47.8, ""sharp"": 13.8, ""score"": 47.31, ""via"": ""frontalface_default"", ""size"": [576, 720]}]",segment
denise-rainey,Denise Rainey,RuusNL-T_aY,165|300|435,denise-rainey-0.jpg|denise-rainey-1.jpg|denise-rainey-2.jpg,si-video-still,Schiller Institute (still from conference recording),https://www.youtube.com/watch?v=RuusNL-T_aY&t=165,,needs-review,skip,,,,,,timestamps cover the whole session — this person cannot be located in it,,agenda-only
ding-yifan,Ding Yifan,4F6lSK5m9iU,3975|4058|4141,ding-yifan-0.jpg|ding-yifan-1.jpg|ding-yifan-2.jpg,si-video-still,Schiller Institute (still from conference recording),https://www.youtube.com/watch?v=4F6lSK5m9iU&t=3975,ding-yifan-1.jpg,needs-review,,mk,,ding-yifan-2.jpg,36.7,33.7,,"[{""frame"": ""ding-yifan-2.jpg"", ""crop"": ""ding-yifan-2.jpg"", ""face"": true, ""pct"": 36.7, ""sharp"": 33.7, ""score"": 36.32, ""via"": ""frontalface_alt2"", ""size"": [576, 720]}, {""frame"": ""ding-yifan-0.jpg"", ""crop"": ""ding-yifan-0.jpg"", ""face"": true, ""pct"": 34.3, ""sharp"": 36.6, ""score"": 34.41, ""via"": ""frontalface_alt2"", ""size"": [549, 686]}, {""frame"": ""ding-yifan-1.jpg"", ""crop"": ""ding-yifan-1.jpg"", ""face"": true, ""pct"": 34.4, ""sharp"": 35.9, ""score"": 34.34, ""via"": ""frontalface_alt2"", ""size"": [551, 689]}]",segment
earl-rasmussen,Earl Rasmussen,XMS4fI8hYbE,165|300|435,earl-rasmussen-0.jpg|earl-rasmussen-1.jpg|earl-rasmussen-2.jpg,si-video-still,Schiller Institute (still from conference recording),https://www.youtube.com/watch?v=XMS4fI8hYbE&t=165,,needs-review,skip,,,,,,timestamps cover the whole session — this person cannot be located in it,,agenda-only
ed-calabrese,Ed Calabrese,7DI29EO5R3A,3042|3369|3696,ed-calabrese-0.jpg|ed-calabrese-1.jpg|ed-calabrese-2.jpg,si-video-still,Schiller Institute (still from conference recording),https://www.youtube.com/watch?v=7DI29EO5R3A&t=3042,,needs-review,skip,mk,reviewed in the crop sheet: no usable portrait in these frames,ed-calabrese-0.jpg,11.7,907.8,,"[{""frame"": ""ed-calabrese-0.jpg"", ""crop"": ""ed-calabrese-0.jpg"", ""face"": true, ""pct"": 11.7, ""sharp"": 907.8, ""score"": 13.73, ""via"": ""frontalface_default"", ""size"": [187, 233]}, {""frame"": ""ed-calabrese-1.jpg"", ""crop"": null, ""face"": false, ""pct"": 0, ""sharp"": 0, ""score"": 0}, {""frame"": ""ed-calabrese-2.jpg"", ""crop"": null, ""face"": false, ""pct"": 0, ""sharp"": 0, ""score"": 0}]",segment
eiffel-valdecoa,Eiffel Valdecoa,gR4Wu39Vlvw,124|218|312,eiffel-valdecoa-0.jpg|eiffel-valdecoa-1.jpg|eiffel-valdecoa-2.jpg,si-video-still,Schiller Institute (still from conference recording),https://www.youtube.com/watch?v=gR4Wu39Vlvw&t=124,,needs-review,skip,,,,,,timestamps cover the whole session — this person cannot be located in it,,agenda-only
elisabeth-murray,Elisabeth Murray,Gep6VAh4H9o,2973|3121|3269,elisabeth-murray-0.jpg|elisabeth-murray-1.jpg|elisabeth-murray-2.jpg,si-video-still,Schiller Institute (still from conference recording),https://www.youtube.com/watch?v=Gep6VAh4H9o&t=2973,elisabeth-murray-2.jpg,needs-review,,mk,,elisabeth-murray-1.jpg,31.8,117.1,,"[{""frame"": ""elisabeth-murray-1.jpg"", ""crop"": ""elisabeth-murray-1.jpg"", ""face"": true, ""pct"": 31.8, ""sharp"": 117.1, ""score"": 40.97, ""via"": ""frontalface_default"", ""size"": [509, 636]}, {""frame"": ""elisabeth-murray-2.jpg"", ""crop"": ""elisabeth-murray-2.jpg"", ""face"": true, ""pct"": 21.4, ""sharp"": 199.7, ""score"": 31.18, ""via"": ""frontalface_alt2"", ""size"": [342, 428]}, {""frame"": ""elisabeth-murray-0.jpg"", ""crop"": ""elisabeth-murray-0.jpg"", ""face"": true, ""pct"": 21.7, ""sharp"": 175.1, ""score"": 29.13, ""via"": ""frontalface_default"", ""size"": [347, 433]}]",segment
elison-karuhanga,Elison Karuhanga,TmWFAdBk-VA,165|300|435,elison-karuhanga-0.jpg|elison-karuhanga-1.jpg|elison-karuhanga-2.jpg,si-video-still,Schiller Institute (still from conference recording),https://www.youtube.com/watch?v=TmWFAdBk-VA&t=165,,needs-review,skip,,,,,,timestamps cover the whole session — this person cannot be located in it,,agenda-only
elke-fimmen,Elke Fimmen,Ic8b23CxBSU,892|1100|1308,elke-fimmen-0.jpg|elke-fimmen-1.jpg|elke-fimmen-2.jpg,si-video-still,Schiller Institute (still from conference recording),https://www.youtube.com/watch?v=Ic8b23CxBSU&t=892,elke-fimmen-0.jpg,needs-review,,mk,,elke-fimmen-1.jpg,21.1,261.4,,"[{""frame"": ""elke-fimmen-1.jpg"", ""crop"": ""elke-fimmen-1.jpg"", ""face"": true, ""pct"": 21.1, ""sharp"": 261.4, ""score"": 34.12, ""via"": ""frontalface_default"", ""size"": [338, 422]}, {""frame"": ""elke-fimmen-2.jpg"", ""crop"": ""elke-fimmen-2.jpg"", ""face"": true, ""pct"": 19.6, ""sharp"": 296.1, ""score"": 32.86, ""via"": ""frontalface_default"", ""size"": [313, 392]}, {""frame"": ""elke-fimmen-0.jpg"", ""crop"": ""elke-fimmen-0.jpg"", ""face"": true, ""pct"": 22.2, ""sharp"": 183.1, ""score"": 31.66, ""via"": ""frontalface_default"", ""size"": [356, 444]}]",segment
emanuel-hohener,Emanuel Höhener,3F_Gl_KkwpE,2770|2907|3044,emanuel-hohener-0.jpg|emanuel-hohener-1.jpg|emanuel-hohener-2.jpg,si-video-still,Schiller Institute (still from conference recording),https://www.youtube.com/watch?v=3F_Gl_KkwpE&t=2770,,needs-review,skip,mk,reviewed in the crop sheet: no usable portrait in these frames,emanuel-hohener-0.jpg,59.7,21.5,,"[{""frame"": ""emanuel-hohener-0.jpg"", ""crop"": ""emanuel-hohener-0.jpg"", ""face"": true, ""pct"": 59.7, ""sharp"": 21.5, ""score"": 50.46, ""via"": ""frontalface_default"", ""size"": [576, 720]}, {""frame"": ""emanuel-hohener-2.jpg"", ""crop"": ""emanuel-hohener-2.jpg"", ""face"": true, ""pct"": 48.5, ""sharp"": 12.4, ""score"": 42.52, ""via"": ""frontalface_default"", ""size"": [576, 720]}, {""frame"": ""emanuel-hohener-1.jpg"", ""crop"": ""emanuel-hohener-1.jpg"", ""face"": true, ""pct"": 38.9, ""sharp"": 65.7, ""score"": 38.82, ""via"": ""frontalface_alt2"", ""size"": [576, 720]}]",segment
emmanuel-dupuy,Emmanuel Dupuy,tCCDBK4cgKE,165|300|435,emmanuel-dupuy-0.jpg|emmanuel-dupuy-1.jpg|emmanuel-dupuy-2.jpg,si-video-still,Schiller Institute (still from conference recording),https://www.youtube.com/watch?v=tCCDBK4cgKE&t=165,,needs-review,skip,,,,,,timestamps cover the whole session — this person cannot be located in it,,agenda-only
eric-de-keuleneer,Eric De Keuleneer,ylfyJQUiQOg,165|300|435,eric-de-keuleneer-0.jpg|eric-de-keuleneer-1.jpg|eric-de-keuleneer-2.jpg,si-video-still,Schiller Institute (still from conference recording),https://www.youtube.com/watch?v=ylfyJQUiQOg&t=165,,needs-review,skip,,,,,,timestamps cover the whole session — this person cannot be located in it,,agenda-only
eugene-thamon-simpson,Eugene Thamon Simpson,cy0uh-BYs7s,3177|3705|4233,,,,,,none,skip,mk,ffmpeg produced no usable frame reviewed in the crop sheet: no usable portrait in these frames,,,,no frames on disk,[],segment
eva-karene-bartlett,Eva Karene Bartlett,aF2d8EAMQ0o,4511|4595|4678,eva-karene-bartlett-0.jpg|eva-karene-bartlett-1.jpg|eva-karene-bartlett-2.jpg,si-video-still,Schiller Institute (still from conference recording),https://www.youtube.com/watch?v=aF2d8EAMQ0o&t=4511,eva-karene-bartlett-1.jpg,needs-review,,mk,,eva-karene-bartlett-1.jpg,47.9,23.5,,"[{""frame"": ""eva-karene-bartlett-1.jpg"", ""crop"": ""eva-karene-bartlett-1.jpg"", ""face"": true, ""pct"": 47.9, ""sharp"": 23.5, ""score"": 39.51, ""via"": ""frontalface_default"", ""size"": [576, 720]}, {""frame"": ""eva-karene-bartlett-2.jpg"", ""crop"": ""eva-karene-bartlett-2.jpg"", ""face"": true, ""pct"": 39.4, ""sharp"": 22.1, ""score"": 36.34, ""via"": ""profileface"", ""size"": [576, 720]}, {""frame"": ""eva-karene-bartlett-0.jpg"", ""crop"": ""eva-karene-bartlett-0.jpg"", ""face"": true, ""pct"": 36.1, ""sharp"": 21.0, ""score"": 32.93, ""via"": ""profileface"", ""size"": [576, 720]}]",segment
everett-suttle,Everett Suttle,gUk_uBdziJI,165|300|435,everett-suttle-0.jpg|everett-suttle-1.jpg|everett-suttle-2.jpg,si-video-still,Schiller Institute (still from conference recording),https://www.youtube.com/watch?v=gUk_uBdziJI&t=165,,needs-review,skip,,,,,,timestamps cover the whole session — this person cannot be located in it,,agenda-only
ewert,Ewert,wsjtfFtqZlY,165|300|435,ewert-0.jpg|ewert-1.jpg|ewert-2.jpg,si-video-still,Schiller Institute (still from conference recording),https://www.youtube.com/watch?v=wsjtfFtqZlY&t=165,,needs-review,skip,mk,reviewed in the crop sheet: no usable portrait in these frames,ewert-0.jpg,11.7,5.3,,"[{""frame"": ""ewert-0.jpg"", ""crop"": ""ewert-0.jpg"", ""face"": true, ""pct"": 11.7, ""sharp"": 5.3, ""score"": 6.44, ""via"": ""frontalface_alt2"", ""size"": [187, 233]}, {""frame"": ""ewert-1.jpg"", ""crop"": null, ""face"": false, ""pct"": 0, ""sharp"": 0, ""score"": 0}, {""frame"": ""ewert-2.jpg"", ""crop"": null, ""face"": false, ""pct"": 0, ""sharp"": 0, ""score"": 0}]",segment
faiyaz-murshid-kazi,Faiyaz Murshid Kazi,Ss0TGiFOTQc,165|300|435,faiyaz-murshid-kazi-0.jpg|faiyaz-murshid-kazi-1.jpg|faiyaz-murshid-kazi-2.jpg,si-video-still,Schiller Institute (still from conference recording),https://www.youtube.com/watch?v=Ss0TGiFOTQc&t=165,,needs-review,skip,,,,,,timestamps cover the whole session — this person cannot be located in it,,agenda-only
felipe-maruf-quintas,Felipe Maruf Quintas,LxM9omHPMV4,2711|2894|3077,felipe-maruf-quintas-0.jpg|felipe-maruf-quintas-1.jpg|felipe-maruf-quintas-2.jpg,si-video-still,Schiller Institute (still from conference recording),https://www.youtube.com/watch?v=LxM9omHPMV4&t=2711,felipe-maruf-quintas-1.jpg,needs-review,,mk,,felipe-maruf-quintas-1.jpg,45.8,14.3,,"[{""frame"": ""felipe-maruf-quintas-1.jpg"", ""crop"": ""felipe-maruf-quintas-1.jpg"", ""face"": true, ""pct"": 45.8, ""sharp"": 14.3, ""score"": 43.77, ""via"": ""frontalface_default"", ""size"": [576, 720]}, {""frame"": ""felipe-maruf-quintas-2.jpg"", ""crop"": ""felipe-maruf-quintas-2.jpg"", ""face"": true, ""pct"": 42.4, ""sharp"": 11.5, ""score"": 40.25, ""via"": ""frontalface_default"", ""size"": [576, 720]}, {""frame"": ""felipe-maruf-quintas-0.jpg"", ""crop"": null, ""face"": false, ""pct"": 0, ""sharp"": 0, ""score"": 0}]",segment
feride-istogu-soprano,Feride Istogu Soprano,gUk_uBdziJI,165|300|435,feride-istogu-soprano-0.jpg|feride-istogu-soprano-1.jpg|feride-istogu-soprano-2.jpg,si-video-still,Schiller Institute (still from conference recording),https://www.youtube.com/watch?v=gUk_uBdziJI&t=165,,needs-review,skip,,,,,,timestamps cover the whole session — this person cannot be located in it,,agenda-only
folker-hellmeyer,Folker Hellmeyer,Ic8b23CxBSU,3169|3514|3859,folker-hellmeyer-0.jpg|folker-hellmeyer-1.jpg|folker-hellmeyer-2.jpg,si-video-still,Schiller Institute (still from conference recording),https://www.youtube.com/watch?v=Ic8b23CxBSU&t=3169,folker-hellmeyer-0.jpg,needs-review,,mk,,folker-hellmeyer-0.jpg,20.8,159.2,,"[{""frame"": ""folker-hellmeyer-0.jpg"", ""crop"": ""folker-hellmeyer-0.jpg"", ""face"": true, ""pct"": 20.8, ""sharp"": 159.2, ""score"": 28.69, ""via"": ""frontalface_default"", ""size"": [333, 417]}, {""frame"": ""folker-hellmeyer-1.jpg"", ""crop"": ""folker-hellmeyer-1.jpg"", ""face"": true, ""pct"": 17.4, ""sharp"": 191.9, ""score"": 25.64, ""via"": ""frontalface_alt2"", ""size"": [278, 347]}, {""frame"": ""folker-hellmeyer-2.jpg"", ""crop"": ""folker-hellmeyer-2.jpg"", ""face"": true, ""pct"": 20.1, ""sharp"": 99.8, ""score"": 25.11, ""via"": ""frontalface_default"", ""size"": [322, 403]}]",segment
franco-battaglia,Franco Battaglia,V3N9_8B44Xc,6149|6374|6599,franco-battaglia-0.jpg|franco-battaglia-1.jpg|franco-battaglia-2.jpg,si-video-still,Schiller Institute (still from conference recording),https://www.youtube.com/watch?v=V3N9_8B44Xc&t=6149,,needs-review,skip,mk,reviewed in the crop sheet: no usable portrait in these frames,franco-battaglia-2.jpg,18.1,71.7,,"[{""frame"": ""franco-battaglia-2.jpg"", ""crop"": ""franco-battaglia-2.jpg"", ""face"": true, ""pct"": 18.1, ""sharp"": 71.7, ""score"": 13.53, ""via"": ""frontalface_default"", ""size"": [289, 361]}, {""frame"": ""franco-battaglia-0.jpg"", ""crop"": ""franco-battaglia-0.jpg"", ""face"": true, ""pct"": 17.5, ""sharp"": 60.7, ""score"": 12.98, ""via"": ""frontalface_alt2"", ""size"": [280, 350]}, {""frame"": ""franco-battaglia-1.jpg"", ""crop"": ""franco-battaglia-1.jpg"", ""face"": true, ""pct"": 17.9, ""sharp"": 65.2, ""score"": 12.98, ""via"": ""frontalface_alt2"", ""size"": [287, 358]}]",segment
franklin-mireri,Franklin Mireri,TEgNPGzmuQ8,165|300|435,franklin-mireri-0.jpg|franklin-mireri-1.jpg|franklin-mireri-2.jpg,si-video-still,Schiller Institute (still from conference recording),https://www.youtube.com/watch?v=TEgNPGzmuQ8&t=165,,needs-review,skip,,,,,,timestamps cover the whole session — this person cannot be located in it,,agenda-only
fraydique-alexander-gaitan,Fraydique Alexander Gaitán,VLpRK_XU6hE,10527|10584|10640,fraydique-alexander-gaitan-0.jpg|fraydique-alexander-gaitan-1.jpg|fraydique-alexander-gaitan-2.jpg,si-video-still,Schiller Institute (still from conference recording),https://www.youtube.com/watch?v=VLpRK_XU6hE&t=10527,fraydique-alexander-gaitan-0.jpg,needs-review,,mk,,fraydique-alexander-gaitan-2.jpg,32.1,52.5,,"[{""frame"": ""fraydique-alexander-gaitan-2.jpg"", ""crop"": ""fraydique-alexander-gaitan-2.jpg"", ""face"": true, ""pct"": 32.1, ""sharp"": 52.5, ""score"": 33.58, ""via"": ""frontalface_default"", ""size"": [513, 642]}, {""frame"": ""fraydique-alexander-gaitan-0.jpg"", ""crop"": ""fraydique-alexander-gaitan-0.jpg"", ""face"": true, ""pct"": 30.6, ""sharp"": 61.3, ""score"": 33.04, ""via"": ""frontalface_default"", ""size"": [489, 611]}, {""frame"": ""fraydique-alexander-gaitan-1.jpg"", ""crop"": ""fraydique-alexander-gaitan-1.jpg"", ""face"": true, ""pct"": 29.6, ""sharp"": 54.6, ""score"": 30.64, ""via"": ""frontalface_alt2"", ""size"": [473, 592]}]",segment
george-koo,George Koo,aF2d8EAMQ0o,2327|2356|2384,george-koo-0.jpg|george-koo-1.jpg|george-koo-2.jpg,si-video-still,Schiller Institute (still from conference recording),https://www.youtube.com/watch?v=aF2d8EAMQ0o&t=2327,george-koo-2.jpg,needs-review,,mk,,george-koo-2.jpg,40.1,30.3,,"[{""frame"": ""george-koo-2.jpg"", ""crop"": ""george-koo-2.jpg"", ""face"": true, ""pct"": 40.1, ""sharp"": 30.3, ""score"": 40.16, ""via"": ""frontalface_default"", ""size"": [576, 720]}, {""frame"": ""george-koo-0.jpg"", ""crop"": ""george-koo-0.jpg"", ""face"": true, ""pct"": 40.4, ""sharp"": 23.5, ""score"": 39.42, ""via"": ""frontalface_alt2"", ""size"": [576, 720]}, {""frame"": ""george-koo-1.jpg"", ""crop"": ""george-koo-1.jpg"", ""face"": true, ""pct"": 39.0, ""sharp"": 25.9, ""score"": 37.7, ""via"": ""frontalface_default"", ""size"": [576, 720]}]",segment
georgy-toloraya,Georgy Toloraya,A7sx7BUvdK4,3262|3379|3496,georgy-toloraya-0.jpg|georgy-toloraya-1.jpg|georgy-toloraya-2.jpg,si-video-still,Schiller Institute (still from conference recording),https://www.youtube.com/watch?v=A7sx7BUvdK4&t=3262,,needs-review,skip,mk,reviewed in the crop sheet: no usable portrait in these frames,georgy-toloraya-1.jpg,16.8,34.6,,"[{""frame"": ""georgy-toloraya-1.jpg"", ""crop"": ""georgy-toloraya-1.jpg"", ""face"": true, ""pct"": 16.8, ""sharp"": 34.6, ""score"": 17.7, ""via"": ""frontalface_default"", ""size"": [269, 336]}, {""frame"": ""georgy-toloraya-2.jpg"", ""crop"": ""georgy-toloraya-2.jpg"", ""face"": true, ""pct"": 16.2, ""sharp"": 48.3, ""score"": 17.24, ""via"": ""frontalface_default"", ""size"": [260, 325]}, {""frame"": ""georgy-toloraya-0.jpg"", ""crop"": ""georgy-toloraya-0.jpg"", ""face"": true, ""pct"": 12.2, ""sharp"": 929.2, ""score"": 12.62, ""via"": ""frontalface_default"", ""size"": [196, 244]}]",segment
glenn-diesen,Glenn Diesen,3cEmeoenoaA,5688|5829|5970,glenn-diesen-0.jpg|glenn-diesen-1.jpg|glenn-diesen-2.jpg,si-video-still,Schiller Institute (still from conference recording),https://www.youtube.com/watch?v=3cEmeoenoaA&t=5688,glenn-diesen-1.jpg,needs-review,,mk,,glenn-diesen-2.jpg,55.3,344.9,,"[{""frame"": ""glenn-diesen-2.jpg"", ""crop"": ""glenn-diesen-2.jpg"", ""face"": true, ""pct"": 55.3, ""sharp"": 344.9, ""score"": 92.86, ""via"": ""frontalface_default"", ""size"": [576, 720]}, {""frame"": ""glenn-diesen-1.jpg"", ""crop"": ""glenn-diesen-1.jpg"", ""face"": true, ""pct"": 56.1, ""sharp"": 329.8, ""score"": 92.42, ""via"": ""frontalface_alt2"", ""size"": [576, 720]}, {""frame"": ""glenn-diesen-0.jpg"", ""crop"": ""glenn-diesen-0.jpg"", ""face"": true, ""pct"": 57.4, ""sharp"": 336.9, ""score"": 92.31, ""via"": ""frontalface_default"", ""size"": [576, 720]}]",segment
guangxi-li,Guangxi Li,xQlZ-2CcXiY,165|300|435,guangxi-li-0.jpg|guangxi-li-1.jpg|guangxi-li-2.jpg,si-video-still,Schiller Institute (still from conference recording),https://www.youtube.com/watch?v=xQlZ-2CcXiY&t=165,,needs-review,skip,,,,,,timestamps cover the whole session — this person cannot be located in it,,agenda-only
ha-b-pe-o,Натлья Витренко,YZnZ-i4JO88,165|300|435,ha-b-pe-o-0.jpg|ha-b-pe-o-1.jpg|ha-b-pe-o-2.jpg,si-video-still,Schiller Institute (still from conference recording),https://www.youtube.com/watch?v=YZnZ-i4JO88&t=165,,needs-review,skip,,,,,,timestamps cover the whole session — this person cannot be located in it,,agenda-only
haidar-al-fuadi-al-atabe,Haidar Al-Fuadi Al-Atabe,B1eaC6Iljas,2295|2408|2521,haidar-al-fuadi-al-atabe-0.jpg|haidar-al-fuadi-al-atabe-1.jpg|haidar-al-fuadi-al-atabe-2.jpg,si-video-still,Schiller Institute (still from conference recording),https://www.youtube.com/watch?v=B1eaC6Iljas&t=2295,haidar-al-fuadi-al-atabe-1.jpg,needs-review,,mk,,haidar-al-fuadi-al-atabe-1.jpg,23.8,277.8,,"[{""frame"": ""haidar-al-fuadi-al-atabe-1.jpg"", ""crop"": ""haidar-al-fuadi-al-atabe-1.jpg"", ""face"": true, ""pct"": 23.8, ""sharp"": 277.8, ""score"": 38.6, ""via"": ""frontalface_alt2"", ""size"": [380, 475]}, {""frame"": ""haidar-al-fuadi-al-atabe-2.jpg"", ""crop"": ""haidar-al-fuadi-al-atabe-2.jpg"", ""face"": true, ""pct"": 24.9, ""sharp"": 235.2, ""score"": 37.43, ""via"": ""frontalface_default"", ""size"": [398, 497]}, {""frame"": ""haidar-al-fuadi-al-atabe-0.jpg"", ""crop"": ""haidar-al-fuadi-al-atabe-0.jpg"", ""face"": true, ""pct"": 24.4, ""sharp"": 253.6, ""score"": 37.38, ""via"": ""frontalface_alt2"", ""size"": [391, 489]}]",segment
hans-von-helldorff,Hans von Helldorff,Ic8b23CxBSU,6137|6439|6741,hans-von-helldorff-0.jpg|hans-von-helldorff-1.jpg|hans-von-helldorff-2.jpg,si-video-still,Schiller Institute (still from conference recording),https://www.youtube.com/watch?v=Ic8b23CxBSU&t=6137,hans-von-helldorff-2.jpg,needs-review,,mk,,hans-von-helldorff-0.jpg,19.0,282.5,,"[{""frame"": ""hans-von-helldorff-0.jpg"", ""crop"": ""hans-von-helldorff-0.jpg"", ""face"": true, ""pct"": 19.0, ""sharp"": 282.5, ""score"": 28.06, ""via"": ""profileface"", ""size"": [304, 381]}, {""frame"": ""hans-von-helldorff-2.jpg"", ""crop"": ""hans-von-helldorff-2.jpg"", ""face"": true, ""pct"": 21.0, ""sharp"": 79.1, ""score"": 24.97, ""via"": ""frontalface_alt2"", ""size"": [336, 419]}, {""frame"": ""hans-von-helldorff-1.jpg"", ""crop"": ""hans-von-helldorff-1.jpg"", ""face"": true, ""pct"": 8.6, ""sharp"": 504.0, ""score"": 8.14, ""via"": ""profileface"", ""size"": [138, 172]}]",segment
horst-joachim-ludecke,Horst-Joachim Lüdecke,3F_Gl_KkwpE,4109|4325|4541,horst-joachim-ludecke-0.jpg|horst-joachim-ludecke-1.jpg|horst-joachim-ludecke-2.jpg,si-video-still,Schiller Institute (still from conference recording),https://www.youtube.com/watch?v=3F_Gl_KkwpE&t=4109,,needs-review,skip,mk,reviewed in the crop sheet: no usable portrait in these frames,horst-joachim-ludecke-0.jpg,56.5,55.7,,"[{""frame"": ""horst-joachim-ludecke-0.jpg"", ""crop"": ""horst-joachim-ludecke-0.jpg"", ""face"": true, ""pct"": 56.5, ""sharp"": 55.7, ""score"": 46.98, ""via"": ""frontalface_alt2"", ""size"": [576, 720]}, {""frame"": ""horst-joachim-ludecke-2.jpg"", ""crop"": ""horst-joachim-ludecke-2.jpg"", ""face"": true, ""pct"": 54.9, ""sharp"": 30.3, ""score"": 46.17, ""via"": ""frontalface_alt2"", ""size"": [576, 720]}, {""frame"": ""horst-joachim-ludecke-1.jpg"", ""crop"": ""horst-joachim-ludecke-1.jpg"", ""face"": true, ""pct"": 46.8, ""sharp"": 39.7, ""score"": 39.72, ""via"": ""frontalface_default"", ""size"": [576, 720]}]",segment
hossein-mousavian,Hossein Mousavian,i0QnKEVUHlw,165|300|435,hossein-mousavian-0.jpg|hossein-mousavian-1.jpg|hossein-mousavian-2.jpg,si-video-still,Schiller Institute (still from conference recording),https://www.youtube.com/watch?v=i0QnKEVUHlw&t=165,,needs-review,skip,,,,,,timestamps cover the whole session — this person cannot be located in it,,agenda-only
huang-ping,Huang Ping,_OCAxLIpAMY,4284|4524|4764,huang-ping-0.jpg|huang-ping-1.jpg|huang-ping-2.jpg,si-video-still,Schiller Institute (still from conference recording),https://www.youtube.com/watch?v=_OCAxLIpAMY&t=4284,huang-ping-0.jpg,needs-review,,mk,,huang-ping-2.jpg,45.7,58.9,,"[{""frame"": ""huang-ping-2.jpg"", ""crop"": ""huang-ping-2.jpg"", ""face"": true, ""pct"": 45.7, ""sharp"": 58.9, ""score"": 48.46, ""via"": ""frontalface_default"", ""size"": [576, 720]}, {""frame"": ""huang-ping-0.jpg"", ""crop"": ""huang-ping-0.jpg"", ""face"": true, ""pct"": 44.9, ""sharp"": 52.3, ""score"": 47.11, ""via"": ""frontalface_default"", ""size"": [576, 720]}, {""frame"": ""huang-ping-1.jpg"", ""crop"": ""huang-ping-1.jpg"", ""face"": true, ""pct"": 44.4, ""sharp"": 54.5, ""score"": 47.0, ""via"": ""frontalface_alt2"", ""size"": [576, 720]}]",segment
igor-lopatonok,Igor Lopatonok,aF2d8EAMQ0o,3526|3668|3810,igor-lopatonok-0.jpg|igor-lopatonok-1.jpg|igor-lopatonok-2.jpg,si-video-still,Schiller Institute (still from conference recording),https://www.youtube.com/watch?v=aF2d8EAMQ0o&t=3526,igor-lopatonok-1.jpg,needs-review,,mk,,igor-lopatonok-2.jpg,50.4,84.2,,"[{""frame"": ""igor-lopatonok-2.jpg"", ""crop"": ""igor-lopatonok-2.jpg"", ""face"": true, ""pct"": 50.4, ""sharp"": 84.2, ""score"": 52.78, ""via"": ""frontalface_default"", ""size"": [576, 720]}, {""frame"": ""igor-lopatonok-0.jpg"", ""crop"": ""igor-lopatonok-0.jpg"", ""face"": true, ""pct"": 51.2, ""sharp"": 87.9, ""score"": 51.37, ""via"": ""frontalface_default"", ""size"": [576, 720]}, {""frame"": ""igor-lopatonok-1.jpg"", ""crop"": ""igor-lopatonok-1.jpg"", ""face"": true, ""pct"": 53.5, ""sharp"": 51.6, ""score"": 50.18, ""via"": ""frontalface_default"", ""size"": [576, 720]}]",segment
indira-mahajan,Indira Mahajan,N1B27voNUBw,165|300|435,indira-mahajan-0.jpg|indira-mahajan-1.jpg|indira-mahajan-2.jpg,si-video-still,Schiller Institute (still from conference recording),https://www.youtube.com/watch?v=N1B27voNUBw&t=165,,needs-review,skip,,,,,,timestamps cover the whole session — this person cannot be located in it,,agenda-only
jacques-hogard,Jacques Hogard,Gep6VAh4H9o,11247|11973|12699,jacques-hogard-1.jpg|jacques-hogard-2.jpg,si-video-still,Schiller Institute (still from conference recording),https://www.youtube.com/watch?v=Gep6VAh4H9o&t=11247,,needs-review,skip,mk,reviewed in the crop sheet: no usable portrait in these frames,jacques-hogard-1.jpg,63.9,63.1,,"[{""frame"": ""jacques-hogard-2.jpg"", ""crop"": ""jacques-hogard-1.jpg"", ""face"": true, ""pct"": 63.9, ""sharp"": 63.1, ""score"": 66.59, ""via"": ""frontalface_alt2"", ""size"": [576, 720]}, {""frame"": ""jacques-hogard-1.jpg"", ""crop"": null, ""face"": false, ""pct"": 0, ""sharp"": 0, ""score"": 0}]",segment
jan-carnogursky,Ján Čarnogurský (Slovakia),i0QnKEVUHlw,165|300|435,jan-carnogursky-0.jpg|jan-carnogursky-1.jpg|jan-carnogursky-2.jpg,si-video-still,Schiller Institute (still from conference recording),https://www.youtube.com/watch?v=i0QnKEVUHlw&t=165,,needs-review,skip,,,,,,timestamps cover the whole session — this person cannot be located in it,,agenda-only
jay-naidoo,Jay Naidoo,VLpRK_XU6hE,2710|2825|2940,jay-naidoo-0.jpg|jay-naidoo-1.jpg|jay-naidoo-2.jpg,si-video-still,Schiller Institute (still from conference recording),https://www.youtube.com/watch?v=VLpRK_XU6hE&t=2710,jay-naidoo-1.jpg,needs-review,,mk,,jay-naidoo-1.jpg,17.5,39.3,,"[{""frame"": ""jay-naidoo-1.jpg"", ""crop"": ""jay-naidoo-1.jpg"", ""face"": true, ""pct"": 17.5, ""sharp"": 39.3, ""score"": 18.26, ""via"": ""frontalface_default"", ""size"": [280, 350]}, {""frame"": ""jay-naidoo-0.jpg"", ""crop"": null, ""face"": false, ""pct"": 0, ""sharp"": 0, ""score"": 0}, {""frame"": ""jay-naidoo-2.jpg"", ""crop"": null, ""face"": false, ""pct"": 0, ""sharp"": 0, ""score"": 0}]",segment
jean-christophe-vautrin,Jean Christophe Vautrin,MAUhhVOT1Tc,280|531|782,jean-christophe-vautrin-0.jpg|jean-christophe-vautrin-1.jpg|jean-christophe-vautrin-2.jpg,si-video-still,Schiller Institute (still from conference recording),https://www.youtube.com/watch?v=MAUhhVOT1Tc&t=280,jean-christophe-vautrin-1.jpg,needs-review,,mk,,jean-christophe-vautrin-1.jpg,23.2,63.3,,"[{""frame"": ""jean-christophe-vautrin-1.jpg"", ""crop"": ""jean-christophe-vautrin-1.jpg"", ""face"": true, ""pct"": 23.2, ""sharp"": 63.3, ""score"": 23.59, ""via"": ""frontalface_alt2"", ""size"": [371, 464]}, {""frame"": ""jean-christophe-vautrin-2.jpg"", ""crop"": ""jean-christophe-vautrin-2.jpg"", ""face"": true, ""pct"": 23.3, ""sharp"": 43.7, ""score"": 23.16, ""via"": ""frontalface_alt2"", ""size"": [373, 467]}, {""frame"": ""jean-christophe-vautrin-0.jpg"", ""crop"": ""jean-christophe-vautrin-0.jpg"", ""face"": true, ""pct"": 21.8, ""sharp"": 42.9, ""score"": 20.76, ""via"": ""frontalface_alt2"", ""size"": [349, 436]}]",segment
jean-pierre-luminet,Jean-Pierre Luminet,xQlZ-2CcXiY,165|300|435,jean-pierre-luminet-0.jpg|jean-pierre-luminet-1.jpg|jean-pierre-luminet-2.jpg,si-video-still,Schiller Institute (still from conference recording),https://www.youtube.com/watch?v=xQlZ-2CcXiY&t=165,,needs-review,skip,,,,,,timestamps cover the whole session — this person cannot be located in it,,agenda-only
jerome-ravenet,Jérôme Ravenet,Gep6VAh4H9o,6477|6685|6892,jerome-ravenet-0.jpg|jerome-ravenet-1.jpg|jerome-ravenet-2.jpg,si-video-still,Schiller Institute (still from conference recording),https://www.youtube.com/watch?v=Gep6VAh4H9o&t=6477,,needs-review,skip,mk,reviewed in the crop sheet: no usable portrait in these frames,jerome-ravenet-2.jpg,75.7,26.5,,"[{""frame"": ""jerome-ravenet-2.jpg"", ""crop"": ""jerome-ravenet-2.jpg"", ""face"": true, ""pct"": 75.7, ""sharp"": 26.5, ""score"": 66.35, ""via"": ""profileface"", ""size"": [576, 720]}, {""frame"": ""jerome-ravenet-0.jpg"", ""crop"": ""jerome-ravenet-0.jpg"", ""face"": true, ""pct"": 66.4, ""sharp"": 7.0, ""score"": 59.37, ""via"": ""profileface"", ""size"": [576, 720]}, {""frame"": ""jerome-ravenet-1.jpg"", ""crop"": ""jerome-ravenet-1.jpg"", ""face"": true, ""pct"": 65.8, ""sharp"": 6.6, ""score"": 58.83, ""via"": ""frontalface_default"", ""size"": [576, 720]}]",segment
jhonny-estor,Jhonny Estor,U2jhXuyvQ1E,165|300|435,jhonny-estor-0.jpg|jhonny-estor-1.jpg|jhonny-estor-2.jpg,si-video-still,Schiller Institute (still from conference recording),https://www.youtube.com/watch?v=U2jhXuyvQ1E&t=165,,needs-review,skip,,,,,,timestamps cover the whole session — this person cannot be located in it,,agenda-only
joe-maxwell,Joe Maxwell,aNnuigrJTwc,165|300|435,joe-maxwell-0.jpg|joe-maxwell-1.jpg|joe-maxwell-2.jpg,si-video-still,Schiller Institute (still from conference recording),https://www.youtube.com/watch?v=aNnuigrJTwc&t=165,,needs-review,skip,,,,,,timestamps cover the whole session — this person cannot be located in it,,agenda-only
john-gong,John Gong,KQcQTMHG1KM,4968|5344|5719,john-gong-0.jpg|john-gong-1.jpg|john-gong-2.jpg,si-video-still,Schiller Institute (still from conference recording),https://www.youtube.com/watch?v=KQcQTMHG1KM&t=4968,john-gong-1.jpg,needs-review,,mk,,john-gong-1.jpg,29.2,57.5,,"[{""frame"": ""john-gong-1.jpg"", ""crop"": ""john-gong-1.jpg"", ""face"": true, ""pct"": 29.2, ""sharp"": 57.5, ""score"": 31.8, ""via"": ""frontalface_alt2"", ""size"": [467, 583]}, {""frame"": ""john-gong-2.jpg"", ""crop"": ""john-gong-2.jpg"", ""face"": true, ""pct"": 28.3, ""sharp"": 46.8, ""score"": 31.06, ""via"": ""frontalface_default"", ""size"": [453, 567]}, {""frame"": ""john-gong-0.jpg"", ""crop"": ""john-gong-0.jpg"", ""face"": true, ""pct"": 29.6, ""sharp"": 43.2, ""score"": 30.27, ""via"": ""profileface"", ""size"": [473, 592]}]",segment
jose-vega,Jose Vega,cRBXdmrBWsY,165|300|435,jose-vega-0.jpg|jose-vega-1.jpg|jose-vega-2.jpg,si-video-still,Schiller Institute (still from conference recording),https://www.youtube.com/watch?v=cRBXdmrBWsY&t=165,,needs-review,skip,,,,,,timestamps cover the whole session — this person cannot be located in it,,agenda-only
jurgen-schottle,Jürgen Schöttle,FuS2MyfbC7Q,165|300|435,jurgen-schottle-0.jpg|jurgen-schottle-1.jpg|jurgen-schottle-2.jpg,si-video-still,Schiller Institute (still from conference recording),https://www.youtube.com/watch?v=FuS2MyfbC7Q&t=165,,needs-review,skip,,,,,,timestamps cover the whole session — this person cannot be located in it,,agenda-only
justin-yifu-lin,Justin Yifu Lin,VLpRK_XU6hE,8448|8598|8748,justin-yifu-lin-0.jpg|justin-yifu-lin-1.jpg|justin-yifu-lin-2.jpg,si-video-still,Schiller Institute (still from conference recording),https://www.youtube.com/watch?v=VLpRK_XU6hE&t=8448,justin-yifu-lin-0.jpg,needs-review,,mk,,justin-yifu-lin-1.jpg,47.8,23.5,,"[{""frame"": ""justin-yifu-lin-1.jpg"", ""crop"": ""justin-yifu-lin-1.jpg"", ""face"": true, ""pct"": 47.8, ""sharp"": 23.5, ""score"": 46.7, ""via"": ""frontalface_alt2"", ""size"": [576, 720]}, {""frame"": ""justin-yifu-lin-2.jpg"", ""crop"": ""justin-yifu-lin-2.jpg"", ""face"": true, ""pct"": 38.1, ""sharp"": 34.2, ""score"": 38.35, ""via"": ""frontalface_alt2"", ""size"": [576, 720]}, {""frame"": ""justin-yifu-lin-0.jpg"", ""crop"": ""justin-yifu-lin-0.jpg"", ""face"": true, ""pct"": 36.7, ""sharp"": 31.3, ""score"": 36.91, ""via"": ""frontalface_alt2"", ""size"": [576, 720]}]",segment
kelvin-kemm-ph-d,Kelvin Kemm,3F_Gl_KkwpE,2017|2202|2387,kelvin-kemm-ph-d-0.jpg|kelvin-kemm-ph-d-1.jpg|kelvin-kemm-ph-d-2.jpg,si-video-still,Schiller Institute (still from conference recording),https://www.youtube.com/watch?v=3F_Gl_KkwpE&t=2017,kelvin-kemm-ph-d-1.jpg,needs-review,,mk,,kelvin-kemm-ph-d-1.jpg,52.8,9.2,,"[{""frame"": ""kelvin-kemm-ph-d-1.jpg"", ""crop"": ""kelvin-kemm-ph-d-1.jpg"", ""face"": true, ""pct"": 52.8, ""sharp"": 9.2, ""score"": 49.01, ""via"": ""frontalface_alt2"", ""size"": [576, 720]}, {""frame"": ""kelvin-kemm-ph-d-2.jpg"", ""crop"": ""kelvin-kemm-ph-d-2.jpg"", ""face"": true, ""pct"": 48.2, ""sharp"": 8.3, ""score"": 45.4, ""via"": ""frontalface_alt2"", ""size"": [576, 720]}, {""frame"": ""kelvin-kemm-ph-d-0.jpg"", ""crop"": ""kelvin-kemm-ph-d-0.jpg"", ""face"": true, ""pct"": 46.5, ""sharp"": 9.3, ""score"": 44.56, ""via"": ""frontalface_default"", ""size"": [576, 720]}]",segment
khadijah-lang,Khadijah Lang,6n5KERjjwVY,7452|7936|8420,khadijah-lang-0.jpg|khadijah-lang-1.jpg|khadijah-lang-2.jpg,si-video-still,Schiller Institute (still from conference recording),https://www.youtube.com/watch?v=6n5KERjjwVY&t=7452,,needs-review,skip,mk,reviewed in the crop sheet: no usable portrait in these frames,khadijah-lang-0.jpg,55.6,14.1,,"[{""frame"": ""khadijah-lang-0.jpg"", ""crop"": ""khadijah-lang-0.jpg"", ""face"": true, ""pct"": 55.6, ""sharp"": 14.1, ""score"": 45.36, ""via"": ""profileface"", ""size"": [576, 720]}, {""frame"": ""khadijah-lang-1.jpg"", ""crop"": ""khadijah-lang-1.jpg"", ""face"": true, ""pct"": 15.0, ""sharp"": 418.5, ""score"": 23.27, ""via"": ""frontalface_alt2"", ""size"": [240, 300]}, {""frame"": ""khadijah-lang-2.jpg"", ""crop"": ""khadijah-lang-2.jpg"", ""face"": true, ""pct"": 17.1, ""sharp"": 3487.9, ""score"": 22.71, ""via"": ""profileface"", ""size"": [273, 342]}]",segment
kiran-karnik,Kiran Karnik,V3N9_8B44Xc,2585|2797|3009,kiran-karnik-0.jpg|kiran-karnik-1.jpg|kiran-karnik-2.jpg,si-video-still,Schiller Institute (still from conference recording),https://www.youtube.com/watch?v=V3N9_8B44Xc&t=2585,kiran-karnik-0.jpg,needs-review,,mk,,kiran-karnik-1.jpg,58.9,12.6,,"[{""frame"": ""kiran-karnik-1.jpg"", ""crop"": ""kiran-karnik-1.jpg"", ""face"": true, ""pct"": 58.9, ""sharp"": 12.6, ""score"": 55.04, ""via"": ""frontalface_alt2"", ""size"": [576, 720]}, {""frame"": ""kiran-karnik-0.jpg"", ""crop"": ""kiran-karnik-0.jpg"", ""face"": true, ""pct"": 57.2, ""sharp"": 11.5, ""score"": 53.92, ""via"": ""frontalface_alt2"", ""size"": [576, 720]}, {""frame"": ""kiran-karnik-2.jpg"", ""crop"": ""kiran-karnik-2.jpg"", ""face"": true, ""pct"": 57.1, ""sharp"": 10.0, ""score"": 53.72, ""via"": ""frontalface_default"", ""size"": [576, 720]}]",segment
kirk-meighoo,Kirk Meighoo,gmvQftqGuqM,165|300|435,kirk-meighoo-0.jpg|kirk-meighoo-1.jpg|kirk-meighoo-2.jpg,si-video-still,Schiller Institute (still from conference recording),https://www.youtube.com/watch?v=gmvQftqGuqM&t=165,,needs-review,skip,,,,,,timestamps cover the whole session — this person cannot be located in it,,agenda-only
kirk-wiebe,Kirk Wiebe,efw9yTulB4A,165|300|435,kirk-wiebe-0.jpg|kirk-wiebe-1.jpg|kirk-wiebe-2.jpg,si-video-still,Schiller Institute (still from conference recording),https://www.youtube.com/watch?v=efw9yTulB4A&t=165,,needs-review,skip,,,,,,timestamps cover the whole session — this person cannot be located in it,,agenda-only
kwame-cole,Kwame Cole,nTR10aFD5ms,130|231|332,kwame-cole-0.jpg|kwame-cole-1.jpg|kwame-cole-2.jpg,si-video-still,Schiller Institute (still from conference recording),https://www.youtube.com/watch?v=nTR10aFD5ms&t=130,,needs-review,skip,,,,,,timestamps cover the whole session — this person cannot be located in it,,agenda-only
kynan-thistlethwaite,Kynan Thistlethwaite,eth7wIYEBb4,165|300|435,kynan-thistlethwaite-0.jpg|kynan-thistlethwaite-1.jpg|kynan-thistlethwaite-2.jpg,si-video-still,Schiller Institute (still from conference recording),https://www.youtube.com/watch?v=eth7wIYEBb4&t=165,,needs-review,skip,,,,,,timestamps cover the whole session — this person cannot be located in it,,agenda-only
larry-bell,Larry Bell,qDxilIhSJbw,165|300|435,,,,,,none,skip,,ffmpeg produced no usable frame,,,,timestamps cover the whole session — this person cannot be located in it,,agenda-only
lawrence-wilkerson,Lawrence Wilkerson,r8qiH_paYeQ,153|276|399,lawrence-wilkerson-0.jpg,si-video-still,Schiller Institute (still from conference recording),https://www.youtube.com/watch?v=r8qiH_paYeQ&t=153,,needs-review,skip,mk,reviewed in the crop sheet: no usable portrait in these frames,lawrence-wilkerson-0.jpg,37.9,61.1,,"[{""frame"": ""lawrence-wilkerson-0.jpg"", ""crop"": ""lawrence-wilkerson-0.jpg"", ""face"": true, ""pct"": 37.9, ""sharp"": 61.1, ""score"": 39.19, ""via"": ""frontalface_alt2"", ""size"": [576, 720]}]",segment
leevke-hinrichs,Leevke Hinrichs,LH8N4y57p0A,64|98|132,leevke-hinrichs-0.jpg|leevke-hinrichs-1.jpg|leevke-hinrichs-2.jpg,si-video-still,Schiller Institute (still from conference recording),https://www.youtube.com/watch?v=LH8N4y57p0A&t=64,,needs-review,skip,,,,,,timestamps cover the whole session — this person cannot be located in it,,agenda-only
liliana-gorini,Liliana Gorini,KcduPjapbRc,5487|5735|5983,liliana-gorini-1.jpg|liliana-gorini-2.jpg,si-video-still,Schiller Institute (still from conference recording),https://www.youtube.com/watch?v=KcduPjapbRc&t=5487,liliana-gorini-1.jpg,needs-review,,mk,,liliana-gorini-1.jpg,62.5,25.5,,"[{""frame"": ""liliana-gorini-2.jpg"", ""crop"": ""liliana-gorini-1.jpg"", ""face"": true, ""pct"": 62.5, ""sharp"": 25.5, ""score"": 63.2, ""via"": ""frontalface_default"", ""size"": [576, 720]}, {""frame"": ""liliana-gorini-1.jpg"", ""crop"": ""liliana-gorini-0.jpg"", ""face"": true, ""pct"": 41.4, ""sharp"": 71.9, ""score"": 37.27, ""via"": ""frontalface_alt2"", ""size"": [576, 720]}]",segment
linda-childs,Linda Childs,N1B27voNUBw,165|300|435,linda-childs-0.jpg|linda-childs-1.jpg|linda-childs-2.jpg,si-video-still,Schiller Institute (still from conference recording),https://www.youtube.com/watch?v=N1B27voNUBw&t=165,,needs-review,skip,,,,,,timestamps cover the whole session — this person cannot be located in it,,agenda-only
lisa-bryce,Lisa Bryce,XMS4fI8hYbE,165|300|435,lisa-bryce-0.jpg|lisa-bryce-1.jpg|lisa-bryce-2.jpg,si-video-still,Schiller Institute (still from conference recording),https://www.youtube.com/watch?v=XMS4fI8hYbE&t=165,,needs-review,skip,,,,,,timestamps cover the whole session — this person cannot be located in it,,agenda-only
lissie-brobjerg,Lissie Brobjerg,TEgNPGzmuQ8,165|300|435,lissie-brobjerg-0.jpg|lissie-brobjerg-1.jpg|lissie-brobjerg-2.jpg,si-video-still,Schiller Institute (still from conference recording),https://www.youtube.com/watch?v=TEgNPGzmuQ8&t=165,,needs-review,skip,,,,,,timestamps cover the whole session — this person cannot be located in it,,agenda-only
liu-haifang,Liu Haifang,TmWFAdBk-VA,165|300|435,liu-haifang-0.jpg|liu-haifang-1.jpg|liu-haifang-2.jpg,si-video-still,Schiller Institute (still from conference recording),https://www.youtube.com/watch?v=TmWFAdBk-VA&t=165,,needs-review,skip,,,,,,timestamps cover the whole session — this person cannot be located in it,,agenda-only
liu-qiang,Liu Qiang,_sJI4WSj5V0,165|300|435,liu-qiang-0.jpg|liu-qiang-1.jpg|liu-qiang-2.jpg,si-video-still,Schiller Institute (still from conference recording),https://www.youtube.com/watch?v=_sJI4WSj5V0&t=165,,needs-review,skip,,,,,,timestamps cover the whole session — this person cannot be located in it,,agenda-only
madison-tang,Madison Tang,XMS4fI8hYbE,165|300|435,madison-tang-0.jpg|madison-tang-1.jpg|madison-tang-2.jpg,si-video-still,Schiller Institute (still from conference recording),https://www.youtube.com/watch?v=XMS4fI8hYbE&t=165,,needs-review,skip,,,,,,timestamps cover the whole session — this person cannot be located in it,,agenda-only
major-florian-d-pfaff,Major Florian D. Pfaff,Gep6VAh4H9o,10003|10156|10308,major-florian-d-pfaff-0.jpg|major-florian-d-pfaff-1.jpg|major-florian-d-pfaff-2.jpg,si-video-still,Schiller Institute (still from conference recording),https://www.youtube.com/watch?v=Gep6VAh4H9o&t=10003,major-florian-d-pfaff-0.jpg,needs-review,,mk,,major-florian-d-pfaff-1.jpg,88.3,293.2,,"[{""frame"": ""major-florian-d-pfaff-1.jpg"", ""crop"": ""major-florian-d-pfaff-1.jpg"", ""face"": true, ""pct"": 88.3, ""sharp"": 293.2, ""score"": 138.97, ""via"": ""frontalface_default"", ""size"": [576, 720]}, {""frame"": ""major-florian-d-pfaff-0.jpg"", ""crop"": ""major-florian-d-pfaff-0.jpg"", ""face"": true, ""pct"": 19.7, ""sharp"": 121.8, ""score"": 23.91, ""via"": ""frontalface_alt2"", ""size"": [316, 394]}, {""frame"": ""major-florian-d-pfaff-2.jpg"", ""crop"": ""major-florian-d-pfaff-2.jpg"", ""face"": true, ""pct"": 9.2, ""sharp"": 2649.0, ""score"": 9.1, ""via"": ""frontalface_default"", ""size"": [147, 183]}]",segment
major-general-peter-clegg,Major General (ret.) Peter Clegg,6n5KERjjwVY,3472|3734|3996,major-general-peter-clegg-0.jpg|major-general-peter-clegg-1.jpg|major-general-peter-clegg-2.jpg,si-video-still,Schiller Institute (still from conference recording),https://www.youtube.com/watch?v=6n5KERjjwVY&t=3472,major-general-peter-clegg-0.jpg,needs-review,,mk,,major-general-peter-clegg-0.jpg,65.6,13.4,,"[{""frame"": ""major-general-peter-clegg-0.jpg"", ""crop"": ""major-general-peter-clegg-0.jpg"", ""face"": true, ""pct"": 65.6, ""sharp"": 13.4, ""score"": 53.11, ""via"": ""frontalface_alt2"", ""size"": [576, 720]}, {""frame"": ""major-general-peter-clegg-1.jpg"", ""crop"": null, ""face"": false, ""pct"": 0, ""sharp"": 0, ""score"": 0}, {""frame"": ""major-general-peter-clegg-2.jpg"", ""crop"": null, ""face"": false, ""pct"": 0, ""sharp"": 0, ""score"": 0}]",segment
marc-gabriel-draghi,Marc-Gabriel Draghi,tCCDBK4cgKE,165|300|435,marc-gabriel-draghi-0.jpg|marc-gabriel-draghi-1.jpg|marc-gabriel-draghi-2.jpg,si-video-still,Schiller Institute (still from conference recording),https://www.youtube.com/watch?v=tCCDBK4cgKE&t=165,,needs-review,skip,,,,,,timestamps cover the whole session — this person cannot be located in it,,agenda-only
marcelo-munoz,Marcelo Muñoz,TmWFAdBk-VA,165|300|435,marcelo-munoz-0.jpg|marcelo-munoz-1.jpg|marcelo-munoz-2.jpg,si-video-still,Schiller Institute (still from conference recording),https://www.youtube.com/watch?v=TmWFAdBk-VA&t=165,,needs-review,skip,,,,,,timestamps cover the whole session — this person cannot be located in it,,agenda-only
marie-korsaga,Marie Korsaga,xQlZ-2CcXiY,165|300|435,marie-korsaga-0.jpg|marie-korsaga-1.jpg|marie-korsaga-2.jpg,si-video-still,Schiller Institute (still from conference recording),https://www.youtube.com/watch?v=xQlZ-2CcXiY&t=165,,needs-review,skip,,,,,,timestamps cover the whole session — this person cannot be located in it,,agenda-only
marino-elsevyf,Marino Elsevyf,g2r5rJkkNp4,165|300|435,marino-elsevyf-0.jpg|marino-elsevyf-1.jpg|marino-elsevyf-2.jpg,si-video-still,Schiller Institute (still from conference recording),https://www.youtube.com/watch?v=g2r5rJkkNp4&t=165,,needs-review,skip,,,,,,timestamps cover the whole session — this person cannot be located in it,,agenda-only
mark-shelly,Mark Shelly,qkkf08w2Gcw,456|883|1309,mark-shelly-0.jpg|mark-shelly-1.jpg|mark-shelly-2.jpg,si-video-still,Schiller Institute (still from conference recording),https://www.youtube.com/watch?v=qkkf08w2Gcw&t=456,mark-shelly-1.jpg,needs-review,,mk,,mark-shelly-2.jpg,17.2,34.5,,"[{""frame"": ""mark-shelly-2.jpg"", ""crop"": ""mark-shelly-2.jpg"", ""face"": true, ""pct"": 17.2, ""sharp"": 34.5, ""score"": 17.98, ""via"": ""frontalface_default"", ""size"": [276, 344]}, {""frame"": ""mark-shelly-1.jpg"", ""crop"": ""mark-shelly-1.jpg"", ""face"": true, ""pct"": 15.0, ""sharp"": 38.4, ""score"": 15.44, ""via"": ""frontalface_default"", ""size"": [240, 300]}, {""frame"": ""mark-shelly-0.jpg"", ""crop"": ""mark-shelly-0.jpg"", ""face"": true, ""pct"": 11.8, ""sharp"": 150.1, ""score"": 11.19, ""via"": ""frontalface_default"", ""size"": [189, 236]}]",segment
mark-sweazy,Mark Sweazy,gmvQftqGuqM,165|300|435,mark-sweazy-0.jpg|mark-sweazy-1.jpg|mark-sweazy-2.jpg,si-video-still,Schiller Institute (still from conference recording),https://www.youtube.com/watch?v=gmvQftqGuqM&t=165,,needs-review,skip,,,,,,timestamps cover the whole session — this person cannot be located in it,,agenda-only
matthieu-fontana,Matthieu Fontana,nTR10aFD5ms,130|231|332,matthieu-fontana-0.jpg|matthieu-fontana-1.jpg|matthieu-fontana-2.jpg,si-video-still,Schiller Institute (still from conference recording),https://www.youtube.com/watch?v=nTR10aFD5ms&t=130,,needs-review,skip,,,,,,timestamps cover the whole session — this person cannot be located in it,,agenda-only
megan-dobrodt,Megan Dobrodt,pMkoVDSulug,2374|2770|3166,megan-dobrodt-0.jpg|megan-dobrodt-1.jpg|megan-dobrodt-2.jpg,si-video-still,Schiller Institute (still from conference recording),https://www.youtube.com/watch?v=pMkoVDSulug&t=2374,megan-dobrodt-0.jpg,needs-review,,mk,,megan-dobrodt-0.jpg,60.0,16.1,,"[{""frame"": ""megan-dobrodt-0.jpg"", ""crop"": ""megan-dobrodt-0.jpg"", ""face"": true, ""pct"": 60.0, ""sharp"": 16.1, ""score"": 56.85, ""via"": ""frontalface_default"", ""size"": [576, 720]}, {""frame"": ""megan-dobrodt-2.jpg"", ""crop"": ""megan-dobrodt-2.jpg"", ""face"": true, ""pct"": 52.8, ""sharp"": 15.1, ""score"": 52.23, ""via"": ""frontalface_default"", ""size"": [576, 720]}, {""frame"": ""megan-dobrodt-1.jpg"", ""crop"": ""megan-dobrodt-1.jpg"", ""face"": true, ""pct"": 53.2, ""sharp"": 14.3, ""score"": 49.5, ""via"": ""frontalface_default"", ""size"": [576, 720]}]",segment
michael-grundler,Michael Gründler,Bnmv7VnxcO8,115|200|285,michael-grundler-0.jpg|michael-grundler-1.jpg|michael-grundler-2.jpg,si-video-still,Schiller Institute (still from conference recording),https://www.youtube.com/watch?v=Bnmv7VnxcO8&t=115,,needs-review,skip,,,,,,timestamps cover the whole session — this person cannot be located in it,,agenda-only
michael-limburg,Michael Limburg,3cEmeoenoaA,4709|4927|5144,michael-limburg-0.jpg|michael-limburg-1.jpg|michael-limburg-2.jpg,si-video-still,Schiller Institute (still from conference recording),https://www.youtube.com/watch?v=3cEmeoenoaA&t=4709,michael-limburg-1.jpg,needs-review,,mk,,michael-limburg-1.jpg,25.0,44.1,,"[{""frame"": ""michael-limburg-1.jpg"", ""crop"": ""michael-limburg-1.jpg"", ""face"": true, ""pct"": 25.0, ""sharp"": 44.1, ""score"": 22.92, ""via"": ""frontalface_default"", ""size"": [400, 500]}, {""frame"": ""michael-limburg-0.jpg"", ""crop"": null, ""face"": false, ""pct"": 0, ""sharp"": 0, ""score"": 0}, {""frame"": ""michael-limburg-2.jpg"", ""crop"": null, ""face"": false, ""pct"": 0, ""sharp"": 0, ""score"": 0}]",segment
michelle-erin,Michelle Erin,gUk_uBdziJI,165|300|435,michelle-erin-0.jpg|michelle-erin-1.jpg|michelle-erin-2.jpg,si-video-still,Schiller Institute (still from conference recording),https://www.youtube.com/watch?v=gUk_uBdziJI&t=165,,needs-review,skip,,,,,,timestamps cover the whole session — this person cannot be located in it,,agenda-only
mike-campbell,Mike Campbell,cRBXdmrBWsY,165|300|435,mike-campbell-0.jpg|mike-campbell-1.jpg|mike-campbell-2.jpg,si-video-still,Schiller Institute (still from conference recording),https://www.youtube.com/watch?v=cRBXdmrBWsY&t=165,,needs-review,skip,,,,,,timestamps cover the whole session — this person cannot be located in it,,agenda-only
mohammed-bila,Mohammed Bila,O-6e3dmzDoQ,2666|2993|3320,mohammed-bila-0.jpg|mohammed-bila-1.jpg|mohammed-bila-2.jpg,si-video-still,Schiller Institute (still from conference recording),https://www.youtube.com/watch?v=O-6e3dmzDoQ&t=2666,,needs-review,skip,mk,reviewed in the crop sheet: no usable portrait in these frames,mohammed-bila-0.jpg,25.4,104.4,,"[{""frame"": ""mohammed-bila-0.jpg"", ""crop"": ""mohammed-bila-0.jpg"", ""face"": true, ""pct"": 25.4, ""sharp"": 104.4, ""score"": 27.23, ""via"": ""profileface"", ""size"": [407, 508]}, {""frame"": ""mohammed-bila-1.jpg"", ""crop"": ""mohammed-bila-1.jpg"", ""face"": true, ""pct"": 6.1, ""sharp"": 4205.4, ""score"": 6.98, ""via"": ""frontalface_alt2"", ""size"": [98, 122]}, {""frame"": ""mohammed-bila-2.jpg"", ""crop"": null, ""face"": false, ""pct"": 0, ""sharp"": 0, ""score"": 0}]",segment
my-hoa-steger,My-Hoa Steger,RqtZS8odIpA,165|300|435,my-hoa-steger-1.jpg|my-hoa-steger-2.jpg,si-video-still,Schiller Institute (still from conference recording),https://www.youtube.com/watch?v=RqtZS8odIpA&t=165,,needs-review,skip,,,,,,timestamps cover the whole session — this person cannot be located in it,,agenda-only
nader-majd,Nader Majd,Hi2cUOmeveQ,165|300|435,nader-majd-0.jpg|nader-majd-1.jpg|nader-majd-2.jpg,si-video-still,Schiller Institute (still from conference recording),https://www.youtube.com/watch?v=Hi2cUOmeveQ&t=165,,needs-review,skip,,,,,,timestamps cover the whole session — this person cannot be located in it,,agenda-only
nicole-phrang,Nicole Phrang,MRMsLajli84,5514|5593|5672,nicole-phrang-0.jpg|nicole-phrang-1.jpg|nicole-phrang-2.jpg,si-video-still,Schiller Institute (still from conference recording),https://www.youtube.com/watch?v=MRMsLajli84&t=5514,,needs-review,skip,mk,reviewed in the crop sheet: no usable portrait in these frames,nicole-phrang-0.jpg,15.1,602.6,,"[{""frame"": ""nicole-phrang-0.jpg"", ""crop"": ""nicole-phrang-0.jpg"", ""face"": true, ""pct"": 15.1, ""sharp"": 602.6, ""score"": 17.35, ""via"": ""profileface"", ""size"": [242, 303]}, {""frame"": ""nicole-phrang-2.jpg"", ""crop"": ""nicole-phrang-2.jpg"", ""face"": true, ""pct"": 11.8, ""sharp"": 55.8, ""score"": 11.62, ""via"": ""profileface"", ""size"": [189, 236]}, {""frame"": ""nicole-phrang-1.jpg"", ""crop"": ""nicole-phrang-1.jpg"", ""face"": true, ""pct"": 11.8, ""sharp"": 50.4, ""score"": 11.48, ""via"": ""profileface"", ""size"": [189, 236]}]",segment
nie-lei,Nie Lei,9w1Xvhai1VI,165|300|435,nie-lei-0.jpg|nie-lei-1.jpg|nie-lei-2.jpg,si-video-still,Schiller Institute (still from conference recording),https://www.youtube.com/watch?v=9w1Xvhai1VI&t=165,,needs-review,skip,,,,,,timestamps cover the whole session — this person cannot be located in it,,agenda-only
nikolay-megits,Nikolay Megits,XMS4fI8hYbE,165|300|435,nikolay-megits-0.jpg|nikolay-megits-1.jpg|nikolay-megits-2.jpg,si-video-still,Schiller Institute (still from conference recording),https://www.youtube.com/watch?v=XMS4fI8hYbE&t=165,,needs-review,skip,,,,,,timestamps cover the whole session — this person cannot be located in it,,agenda-only
nuraly-bekturganov,Nuraly Bekturganov,Ic8b23CxBSU,8446|8688|8930,nuraly-bekturganov-0.jpg|nuraly-bekturganov-1.jpg|nuraly-bekturganov-2.jpg,si-video-still,Schiller Institute (still from conference recording),https://www.youtube.com/watch?v=Ic8b23CxBSU&t=8446,,needs-review,skip,mk,reviewed in the crop sheet: no usable portrait in these frames,nuraly-bekturganov-1.jpg,13.2,297.8,,"[{""frame"": ""nuraly-bekturganov-1.jpg"", ""crop"": ""nuraly-bekturganov-1.jpg"", ""face"": true, ""pct"": 13.2, ""sharp"": 297.8, ""score"": 19.38, ""via"": ""frontalface_default"", ""size"": [211, 264]}, {""frame"": ""nuraly-bekturganov-2.jpg"", ""crop"": ""nuraly-bekturganov-2.jpg"", ""face"": true, ""pct"": 7.8, ""sharp"": 6718.4, ""score"": 12.26, ""via"": ""frontalface_alt2"", ""size"": [124, 156]}, {""frame"": ""nuraly-bekturganov-0.jpg"", ""crop"": ""nuraly-bekturganov-0.jpg"", ""face"": true, ""pct"": 6.9, ""sharp"": 1041.6, ""score"": 11.81, ""via"": ""frontalface_alt2"", ""size"": [111, 139]}]",segment
ole-doering,Ole Doering,tCCDBK4cgKE,165|300|435,ole-doering-0.jpg|ole-doering-1.jpg|ole-doering-2.jpg,si-video-still,Schiller Institute (still from conference recording),https://www.youtube.com/watch?v=tCCDBK4cgKE&t=165,,needs-review,skip,,,,,,timestamps cover the whole session — this person cannot be located in it,,agenda-only
olesya-sablina,Olesya Sablina,gR4Wu39Vlvw,124|218|312,olesya-sablina-0.jpg|olesya-sablina-1.jpg|olesya-sablina-2.jpg,si-video-still,Schiller Institute (still from conference recording),https://www.youtube.com/watch?v=gR4Wu39Vlvw&t=124,,needs-review,skip,,,,,,timestamps cover the whole session — this person cannot be located in it,,agenda-only
p-a-e-xa-e,Д-р Фатиме Хашеми,3BsbCBKqM3M,165|300|435,p-a-e-xa-e-0.jpg|p-a-e-xa-e-1.jpg|p-a-e-xa-e-2.jpg,si-video-still,Schiller Institute (still from conference recording),https://www.youtube.com/watch?v=3BsbCBKqM3M&t=165,,needs-review,skip,,,,,,timestamps cover the whole session — this person cannot be located in it,,agenda-only
p-s-raghavan,P. S. Raghavan,zDNuhb-ViaM,165|300|435,p-s-raghavan-0.jpg|p-s-raghavan-1.jpg|p-s-raghavan-2.jpg,si-video-still,Schiller Institute (still from conference recording),https://www.youtube.com/watch?v=zDNuhb-ViaM&t=165,,needs-review,skip,,,,,,timestamps cover the whole session — this person cannot be located in it,,agenda-only
pakdee-tanapura,Pakdee Tanapura,szLuZqMQ42g,165|300|435,pakdee-tanapura-0.jpg|pakdee-tanapura-1.jpg|pakdee-tanapura-2.jpg,si-video-still,Schiller Institute (still from conference recording),https://www.youtube.com/watch?v=szLuZqMQ42g&t=165,pakdee-tanapura-0.jpg,needs-review,,mk,,pakdee-tanapura-1.jpg,54.3,76.1,,"[{""frame"": ""pakdee-tanapura-1.jpg"", ""crop"": ""pakdee-tanapura-1.jpg"", ""face"": true, ""pct"": 54.3, ""sharp"": 76.1, ""score"": 57.33, ""via"": ""frontalface_default"", ""size"": [576, 720]}, {""frame"": ""pakdee-tanapura-0.jpg"", ""crop"": ""pakdee-tanapura-0.jpg"", ""face"": true, ""pct"": 59.4, ""sharp"": 46.6, ""score"": 53.51, ""via"": ""frontalface_alt2"", ""size"": [576, 720]}, {""frame"": ""pakdee-tanapura-2.jpg"", ""crop"": ""pakdee-tanapura-2.jpg"", ""face"": true, ""pct"": 12.1, ""sharp"": 4720.5, ""score"": 19.44, ""via"": ""frontalface_alt2"", ""size"": [193, 242]}]",segment
pedro-pinho,Pedro Pinho,TmWFAdBk-VA,165|300|435,pedro-pinho-0.jpg|pedro-pinho-1.jpg|pedro-pinho-2.jpg,si-video-still,Schiller Institute (still from conference recording),https://www.youtube.com/watch?v=TmWFAdBk-VA&t=165,,needs-review,skip,,,,,,timestamps cover the whole session — this person cannot be located in it,,agenda-only
pedro-rubio,Pedro Rubio,VLpRK_XU6hE,10817|10877|10936,pedro-rubio-0.jpg|pedro-rubio-1.jpg|pedro-rubio-2.jpg,si-video-still,Schiller Institute (still from conference recording),https://www.youtube.com/watch?v=VLpRK_XU6hE&t=10817,,needs-review,skip,mk,reviewed in the crop sheet: no usable portrait in these frames,pedro-rubio-2.jpg,22.4,10.4,,"[{""frame"": ""pedro-rubio-2.jpg"", ""crop"": ""pedro-rubio-2.jpg"", ""face"": true, ""pct"": 22.4, ""sharp"": 10.4, ""score"": 20.63, ""via"": ""frontalface_default"", ""size"": [358, 447]}, {""frame"": ""pedro-rubio-0.jpg"", ""crop"": null, ""face"": false, ""pct"": 0, ""sharp"": 0, ""score"": 0}, {""frame"": ""pedro-rubio-1.jpg"", ""crop"": null, ""face"": false, ""pct"": 0, ""sharp"": 0, ""score"": 0}]",segment
petr-iliichev,Petr Iliichev,pE4yQa0HYIo,218|407|596,petr-iliichev-0.jpg|petr-iliichev-1.jpg|petr-iliichev-2.jpg,si-video-still,Schiller Institute (still from conference recording),https://www.youtube.com/watch?v=pE4yQa0HYIo&t=218,petr-iliichev-0.jpg,needs-review,,mk,,petr-iliichev-0.jpg,17.1,96.2,,"[{""frame"": ""petr-iliichev-0.jpg"", ""crop"": ""petr-iliichev-0.jpg"", ""face"": true, ""pct"": 17.1, ""sharp"": 96.2, ""score"": 19.74, ""via"": ""frontalface_alt2"", ""size"": [273, 342]}, {""frame"": ""petr-iliichev-1.jpg"", ""crop"": null, ""face"": false, ""pct"": 0, ""sharp"": 0, ""score"": 0}, {""frame"": ""petr-iliichev-2.jpg"", ""crop"": null, ""face"": false, ""pct"": 0, ""sharp"": 0, ""score"": 0}]",segment
plo-lumumba,PLO Lumumba,THWTp_W75c0,7705|8303|8901,plo-lumumba-0.jpg|plo-lumumba-1.jpg|plo-lumumba-2.jpg,si-video-still,Schiller Institute (still from conference recording),https://www.youtube.com/watch?v=THWTp_W75c0&t=7705,,needs-review,skip,mk,reviewed in the crop sheet: no usable portrait in these frames,plo-lumumba-2.jpg,18.1,120.6,,"[{""frame"": ""plo-lumumba-2.jpg"", ""crop"": ""plo-lumumba-2.jpg"", ""face"": true, ""pct"": 18.1, ""sharp"": 120.6, ""score"": 17.92, ""via"": ""frontalface_default"", ""size"": [289, 361]}, {""frame"": ""plo-lumumba-0.jpg"", ""crop"": ""plo-lumumba-0.jpg"", ""face"": true, ""pct"": 15.8, ""sharp"": 21.0, ""score"": 15.36, ""via"": ""frontalface_default"", ""size"": [253, 317]}, {""frame"": ""plo-lumumba-1.jpg"", ""crop"": null, ""face"": false, ""pct"": 0, ""sharp"": 0, ""score"": 0}]",segment
po-ep-ap,Роберт Барвик,kZC6IlpO0JU,165|300|435,po-ep-ap-0.jpg|po-ep-ap-1.jpg|po-ep-ap-2.jpg,si-video-still,Schiller Institute (still from conference recording),https://www.youtube.com/watch?v=kZC6IlpO0JU&t=165,,needs-review,skip,,,,,,timestamps cover the whole session — this person cannot be located in it,,agenda-only
princy-mthombeni,Princy Mthombeni,_9k2RlLGkMc,6549|6741|6933,princy-mthombeni-0.jpg|princy-mthombeni-1.jpg|princy-mthombeni-2.jpg,si-video-still,Schiller Institute (still from conference recording),https://www.youtube.com/watch?v=_9k2RlLGkMc&t=6549,princy-mthombeni-2.jpg,needs-review,,mk,,princy-mthombeni-0.jpg,48.9,79.2,,"[{""frame"": ""princy-mthombeni-0.jpg"", ""crop"": ""princy-mthombeni-0.jpg"", ""face"": true, ""pct"": 48.9, ""sharp"": 79.2, ""score"": 54.0, ""via"": ""frontalface_default"", ""size"": [576, 720]}, {""frame"": ""princy-mthombeni-2.jpg"", ""crop"": ""princy-mthombeni-2.jpg"", ""face"": true, ""pct"": 47.5, ""sharp"": 84.5, ""score"": 52.26, ""via"": ""frontalface_default"", ""size"": [576, 720]}, {""frame"": ""princy-mthombeni-1.jpg"", ""crop"": ""princy-mthombeni-1.jpg"", ""face"": true, ""pct"": 44.3, ""sharp"": 97.2, ""score"": 50.35, ""via"": ""frontalface_default"", ""size"": [576, 720]}]",segment
r-thomas-buffenbarger,R. Thomas Buffenbarger,p2oPXm-cqpc,60|91|121,r-thomas-buffenbarger-0.jpg|r-thomas-buffenbarger-1.jpg|r-thomas-buffenbarger-2.jpg,si-video-still,Schiller Institute (still from conference recording),https://www.youtube.com/watch?v=p2oPXm-cqpc&t=60,,needs-review,skip,,,,,,timestamps cover the whole session — this person cannot be located in it,,agenda-only
rachel-brinkley,Rachel Brinkley,1ekuoKwp5To,165|300|435,rachel-brinkley-0.jpg|rachel-brinkley-1.jpg|rachel-brinkley-2.jpg,si-video-still,Schiller Institute (still from conference recording),https://www.youtube.com/watch?v=1ekuoKwp5To&t=165,,needs-review,skip,,,,,,timestamps cover the whole session — this person cannot be located in it,,agenda-only
rede-von-dr-hermann-schwiesau,Rede von Dr. Hermann Schwiesau,aNGgX_NkZVk,165|300|435,rede-von-dr-hermann-schwiesau-0.jpg|rede-von-dr-hermann-schwiesau-1.jpg|rede-von-dr-hermann-schwiesau-2.jpg,si-video-still,Schiller Institute (still from conference recording),https://www.youtube.com/watch?v=aNGgX_NkZVk&t=165,,needs-review,skip,,,,,,timestamps cover the whole session — this person cannot be located in it,,agenda-only
rede-von-rainer-apel,Rede von Rainer Apel,Xvze-WctF80,165|300|435,rede-von-rainer-apel-0.jpg|rede-von-rainer-apel-1.jpg|rede-von-rainer-apel-2.jpg,si-video-still,Schiller Institute (still from conference recording),https://www.youtube.com/watch?v=Xvze-WctF80&t=165,,needs-review,skip,,,,,,timestamps cover the whole session — this person cannot be located in it,,agenda-only
reginald-bouknight,Reginald Bouknight,ILnjs6DxPtE,70|111|151,reginald-bouknight-0.jpg|reginald-bouknight-1.jpg|reginald-bouknight-2.jpg,si-video-still,Schiller Institute (still from conference recording),https://www.youtube.com/watch?v=ILnjs6DxPtE&t=70,,needs-review,skip,,,,,,timestamps cover the whole session — this person cannot be located in it,,agenda-only
richard-trifan,Richard Trifan,TSr1RK-p3D0,165|300|435,richard-trifan-0.jpg|richard-trifan-1.jpg|richard-trifan-2.jpg,si-video-still,Schiller Institute (still from conference recording),https://www.youtube.com/watch?v=TSr1RK-p3D0&t=165,,needs-review,skip,,,,,,timestamps cover the whole session — this person cannot be located in it,,agenda-only
robert-castle,Robert Castle,cRBXdmrBWsY,165|300|435,robert-castle-0.jpg|robert-castle-1.jpg|robert-castle-2.jpg,si-video-still,Schiller Institute (still from conference recording),https://www.youtube.com/watch?v=cRBXdmrBWsY&t=165,,needs-review,skip,,,,,,timestamps cover the whole session — this person cannot be located in it,,agenda-only
robert-cushing,Robert Cushing,A7sx7BUvdK4,3791|3909|4027,robert-cushing-0.jpg|robert-cushing-1.jpg|robert-cushing-2.jpg,si-video-still,Schiller Institute (still from conference recording),https://www.youtube.com/watch?v=A7sx7BUvdK4&t=3791,,needs-review,skip,mk,reviewed in the crop sheet: no usable portrait in these frames,robert-cushing-0.jpg,48.6,19.5,,"[{""frame"": ""robert-cushing-0.jpg"", ""crop"": ""robert-cushing-0.jpg"", ""face"": true, ""pct"": 48.6, ""sharp"": 19.5, ""score"": 40.48, ""via"": ""frontalface_default"", ""size"": [576, 720]}, {""frame"": ""robert-cushing-2.jpg"", ""crop"": ""robert-cushing-2.jpg"", ""face"": true, ""pct"": 32.4, ""sharp"": 18.0, ""score"": 29.28, ""via"": ""frontalface_alt2"", ""size"": [518, 647]}, {""frame"": ""robert-cushing-1.jpg"", ""crop"": ""robert-cushing-1.jpg"", ""face"": true, ""pct"": 8.1, ""sharp"": 1469.6, ""score"": 10.9, ""via"": ""frontalface_default"", ""size"": [129, 161]}]",segment
robert-lechner-schobel,Robert Lechner-Schobel,zs9bsTyYMxo,165|300|435,robert-lechner-schobel-0.jpg|robert-lechner-schobel-1.jpg|robert-lechner-schobel-2.jpg,si-video-still,Schiller Institute (still from conference recording),https://www.youtube.com/watch?v=zs9bsTyYMxo&t=165,,needs-review,skip,,,,,,timestamps cover the whole session — this person cannot be located in it,,agenda-only
robert-mcferrin,Robert McFerrin,tpBShnr0czg,55|81|107,robert-mcferrin-0.jpg|robert-mcferrin-1.jpg|robert-mcferrin-2.jpg,si-video-still,Schiller Institute (still from conference recording),https://www.youtube.com/watch?v=tpBShnr0czg&t=55,,needs-review,skip,,,,,,timestamps cover the whole session — this person cannot be located in it,,agenda-only
roberto-valdes,Roberto Valdes,gR4Wu39Vlvw,124|218|312,roberto-valdes-0.jpg|roberto-valdes-1.jpg|roberto-valdes-2.jpg,si-video-still,Schiller Institute (still from conference recording),https://www.youtube.com/watch?v=gR4Wu39Vlvw&t=124,,needs-review,skip,,,,,,timestamps cover the whole session — this person cannot be located in it,,agenda-only
ruben-guzzetti,Rubén Guzzetti,V3N9_8B44Xc,5521|5635|5749,ruben-guzzetti-0.jpg|ruben-guzzetti-1.jpg|ruben-guzzetti-2.jpg,si-video-still,Schiller Institute (still from conference recording),https://www.youtube.com/watch?v=V3N9_8B44Xc&t=5521,ruben-guzzetti-2.jpg,needs-review,,mk,,ruben-guzzetti-0.jpg,77.9,13.6,,"[{""frame"": ""ruben-guzzetti-0.jpg"", ""crop"": ""ruben-guzzetti-0.jpg"", ""face"": true, ""pct"": 77.9, ""sharp"": 13.6, ""score"": 66.89, ""via"": ""frontalface_alt2"", ""size"": [576, 720]}, {""frame"": ""ruben-guzzetti-2.jpg"", ""crop"": ""ruben-guzzetti-2.jpg"", ""face"": true, ""pct"": 69.6, ""sharp"": 9.1, ""score"": 58.27, ""via"": ""frontalface_default"", ""size"": [576, 720]}, {""frame"": ""ruben-guzzetti-1.jpg"", ""crop"": ""ruben-guzzetti-1.jpg"", ""face"": true, ""pct"": 65.3, ""sharp"": 10.9, ""score"": 56.9, ""via"": ""frontalface_default"", ""size"": [576, 720]}]",segment
saeed-naqvi,Saeed Naqvi,VLpRK_XU6hE,9179|9357|9534,saeed-naqvi-0.jpg|saeed-naqvi-1.jpg|saeed-naqvi-2.jpg,si-video-still,Schiller Institute (still from conference recording),https://www.youtube.com/watch?v=VLpRK_XU6hE&t=9179,saeed-naqvi-1.jpg,needs-review,,mk,,saeed-naqvi-1.jpg,44.9,23.8,,"[{""frame"": ""saeed-naqvi-1.jpg"", ""crop"": ""saeed-naqvi-1.jpg"", ""face"": true, ""pct"": 44.9, ""sharp"": 23.8, ""score"": 44.77, ""via"": ""frontalface_default"", ""size"": [576, 720]}, {""frame"": ""saeed-naqvi-2.jpg"", ""crop"": ""saeed-naqvi-2.jpg"", ""face"": true, ""pct"": 47.2, ""sharp"": 21.3, ""score"": 43.72, ""via"": ""frontalface_default"", ""size"": [576, 720]}, {""frame"": ""saeed-naqvi-0.jpg"", ""crop"": ""saeed-naqvi-0.jpg"", ""face"": true, ""pct"": 43.1, ""sharp"": 26.5, ""score"": 40.53, ""via"": ""frontalface_default"", ""size"": [576, 720]}]",segment
sarah-fahim,Sarah Fahim,TEgNPGzmuQ8,165|300|435,sarah-fahim-0.jpg|sarah-fahim-1.jpg|sarah-fahim-2.jpg,si-video-still,Schiller Institute (still from conference recording),https://www.youtube.com/watch?v=TEgNPGzmuQ8&t=165,,needs-review,skip,,,,,,timestamps cover the whole session — this person cannot be located in it,,agenda-only
shakeel-ahmad-ramay,Shakeel Ahmad Ramay,B1eaC6Iljas,2875|3055|3235,shakeel-ahmad-ramay-0.jpg|shakeel-ahmad-ramay-1.jpg|shakeel-ahmad-ramay-2.jpg,si-video-still,Schiller Institute (still from conference recording),https://www.youtube.com/watch?v=B1eaC6Iljas&t=2875,shakeel-ahmad-ramay-1.jpg,needs-review,,mk,,shakeel-ahmad-ramay-0.jpg,9.6,585.6,,"[{""frame"": ""shakeel-ahmad-ramay-0.jpg"", ""crop"": ""shakeel-ahmad-ramay-0.jpg"", ""face"": true, ""pct"": 9.6, ""sharp"": 585.6, ""score"": 10.43, ""via"": ""frontalface_alt2"", ""size"": [153, 192]}, {""frame"": ""shakeel-ahmad-ramay-1.jpg"", ""crop"": ""shakeel-ahmad-ramay-1.jpg"", ""face"": true, ""pct"": 9.4, ""sharp"": 588.1, ""score"": 10.27, ""via"": ""frontalface_default"", ""size"": [151, 189]}, {""frame"": ""shakeel-ahmad-ramay-2.jpg"", ""crop"": ""shakeel-ahmad-ramay-2.jpg"", ""face"": true, ""pct"": 9.4, ""sharp"": 626.3, ""score"": 10.26, ""via"": ""frontalface_default"", ""size"": [151, 189]}]",segment
simon-estes,Simon Estes,9dQudoJRcy8,165|300|435,simon-estes-0.jpg|simon-estes-1.jpg|simon-estes-2.jpg,si-video-still,Schiller Institute (still from conference recording),https://www.youtube.com/watch?v=9dQudoJRcy8&t=165,,needs-review,skip,,,,,,timestamps cover the whole session — this person cannot be located in it,,agenda-only
simon-levy,Simon Levy,83Kzsg20gAo,8130|8196|8261,simon-levy-0.jpg|simon-levy-1.jpg|simon-levy-2.jpg,si-video-still,Schiller Institute (still from conference recording),https://www.youtube.com/watch?v=83Kzsg20gAo&t=8130,simon-levy-2.jpg,needs-review,,mk,,simon-levy-0.jpg,53.8,14.5,,"[{""frame"": ""simon-levy-0.jpg"", ""crop"": ""simon-levy-0.jpg"", ""face"": true, ""pct"": 53.8, ""sharp"": 14.5, ""score"": 51.14, ""via"": ""frontalface_default"", ""size"": [576, 720]}, {""frame"": ""simon-levy-2.jpg"", ""crop"": ""simon-levy-2.jpg"", ""face"": true, ""pct"": 51.9, ""sharp"": 15.7, ""score"": 50.65, ""via"": ""frontalface_default"", ""size"": [576, 720]}, {""frame"": ""simon-levy-1.jpg"", ""crop"": ""simon-levy-1.jpg"", ""face"": true, ""pct"": 52.2, ""sharp"": 14.5, ""score"": 49.91, ""via"": ""frontalface_default"", ""size"": [576, 720]}]",segment
simona-buineviciute,Simona Buineviciute,gR4Wu39Vlvw,124|218|312,simona-buineviciute-0.jpg|simona-buineviciute-1.jpg|simona-buineviciute-2.jpg,si-video-still,Schiller Institute (still from conference recording),https://www.youtube.com/watch?v=gR4Wu39Vlvw&t=124,,needs-review,skip,,,,,,timestamps cover the whole session — this person cannot be located in it,,agenda-only
soloists-gregor-kitzis,Gregor Kitzis,RqtZS8odIpA,165|300|435,soloists-gregor-kitzis-0.jpg|soloists-gregor-kitzis-1.jpg|soloists-gregor-kitzis-2.jpg,si-video-still,Schiller Institute (still from conference recording),https://www.youtube.com/watch?v=RqtZS8odIpA&t=165,,needs-review,skip,,,,,,timestamps cover the whole session — this person cannot be located in it,,agenda-only
speech-by-daniel-heydt,Speech by Daniel Heydt,BDPQZwTEeRY,165|300|435,speech-by-daniel-heydt-0.jpg|speech-by-daniel-heydt-1.jpg|speech-by-daniel-heydt-2.jpg,si-video-still,Schiller Institute (still from conference recording),https://www.youtube.com/watch?v=BDPQZwTEeRY&t=165,,needs-review,skip,,,,,,timestamps cover the whole session — this person cannot be located in it,,agenda-only
speech-by-eric-verhaeghe,Speech by Eric Verhaeghe,MO4GRnlvC4w,165|300|435,,,,,,none,skip,,ffmpeg produced no usable frame,,,,timestamps cover the whole session — this person cannot be located in it,,agenda-only
speech-by-erwin-schopges,Speech by Erwin Schöpges,dYnoavaeyvU,165|300|435,speech-by-erwin-schopges-0.jpg|speech-by-erwin-schopges-1.jpg|speech-by-erwin-schopges-2.jpg,si-video-still,Schiller Institute (still from conference recording),https://www.youtube.com/watch?v=dYnoavaeyvU&t=165,,needs-review,skip,,,,,,timestamps cover the whole session — this person cannot be located in it,,agenda-only
sultan-m-hali,Sultan M. Hali,83Kzsg20gAo,11565|11574|11583,sultan-m-hali-0.jpg|sultan-m-hali-1.jpg|sultan-m-hali-2.jpg,si-video-still,Schiller Institute (still from conference recording),https://www.youtube.com/watch?v=83Kzsg20gAo&t=11565,,needs-review,skip,mk,reviewed in the crop sheet: no usable portrait in these frames,sultan-m-hali-2.jpg,32.9,112.3,,"[{""frame"": ""sultan-m-hali-2.jpg"", ""crop"": ""sultan-m-hali-2.jpg"", ""face"": true, ""pct"": 32.9, ""sharp"": 112.3, ""score"": 38.79, ""via"": ""frontalface_default"", ""size"": [527, 658]}, {""frame"": ""sultan-m-hali-1.jpg"", ""crop"": ""sultan-m-hali-1.jpg"", ""face"": true, ""pct"": 32.6, ""sharp"": 109.3, ""score"": 37.38, ""via"": ""frontalface_default"", ""size"": [522, 653]}, {""frame"": ""sultan-m-hali-0.jpg"", ""crop"": ""sultan-m-hali-0.jpg"", ""face"": true, ""pct"": 32.1, ""sharp"": 92.1, ""score"": 35.47, ""via"": ""frontalface_alt2"", ""size"": [513, 642]}]",segment
teng-jimeng,Teng Jimeng,cy0uh-BYs7s,7248|7317|7385,,,,,,none,skip,mk,ffmpeg produced no usable frame reviewed in the crop sheet: no usable portrait in these frames,,,,no frames on disk,[],segment
theo-mitchell,Theo Mitchell,TiBx_1ykC80,165|300|435,theo-mitchell-0.jpg|theo-mitchell-1.jpg|theo-mitchell-2.jpg,si-video-still,Schiller Institute (still from conference recording),https://www.youtube.com/watch?v=TiBx_1ykC80&t=165,,needs-review,skip,,,,,,timestamps cover the whole session — this person cannot be located in it,,agenda-only
thomas-wysmuller,Thomas Wysmuller,qDxilIhSJbw,165|300|435,,,,,,none,skip,,ffmpeg produced no usable frame,,,,timestamps cover the whole session — this person cannot be located in it,,agenda-only
tyler-dupy,Tyler Dupy,aNnuigrJTwc,165|300|435,tyler-dupy-0.jpg|tyler-dupy-1.jpg|tyler-dupy-2.jpg,si-video-still,Schiller Institute (still from conference recording),https://www.youtube.com/watch?v=aNnuigrJTwc&t=165,,needs-review,skip,,,,,,timestamps cover the whole session — this person cannot be located in it,,agenda-only
uschik-choi,Uschik Choi,LH8N4y57p0A,64|98|132,uschik-choi-0.jpg|uschik-choi-1.jpg|uschik-choi-2.jpg,si-video-still,Schiller Institute (still from conference recording),https://www.youtube.com/watch?v=LH8N4y57p0A&t=64,,needs-review,skip,,,,,,timestamps cover the whole session — this person cannot be located in it,,agenda-only
vassily-a-nebenzia,Vassily A. Nebenzia,KQcQTMHG1KM,6267|6379|6490,vassily-a-nebenzia-0.jpg|vassily-a-nebenzia-1.jpg|vassily-a-nebenzia-2.jpg,si-video-still,Schiller Institute (still from conference recording),https://www.youtube.com/watch?v=KQcQTMHG1KM&t=6267,vassily-a-nebenzia-2.jpg,needs-review,,mk,,vassily-a-nebenzia-2.jpg,29.6,38.0,,"[{""frame"": ""vassily-a-nebenzia-2.jpg"", ""crop"": ""vassily-a-nebenzia-2.jpg"", ""face"": true, ""pct"": 29.6, ""sharp"": 38.0, ""score"": 31.81, ""via"": ""frontalface_default"", ""size"": [473, 592]}, {""frame"": ""vassily-a-nebenzia-1.jpg"", ""crop"": ""vassily-a-nebenzia-1.jpg"", ""face"": true, ""pct"": 29.2, ""sharp"": 36.7, ""score"": 31.34, ""via"": ""frontalface_default"", ""size"": [467, 583]}, {""frame"": ""vassily-a-nebenzia-0.jpg"", ""crop"": ""vassily-a-nebenzia-0.jpg"", ""face"": true, ""pct"": 28.5, ""sharp"": 36.3, ""score"": 30.45, ""via"": ""frontalface_default"", ""size"": [456, 569]}]",segment
veronika-zukaite,Veronika Zukaite,gR4Wu39Vlvw,124|218|312,veronika-zukaite-0.jpg|veronika-zukaite-1.jpg|veronika-zukaite-2.jpg,si-video-still,Schiller Institute (still from conference recording),https://www.youtube.com/watch?v=gR4Wu39Vlvw&t=124,,needs-review,skip,,,,,,timestamps cover the whole session — this person cannot be located in it,,agenda-only
viktoriya-valdes,Viktoriya Valdes,gR4Wu39Vlvw,124|218|312,viktoriya-valdes-0.jpg|viktoriya-valdes-1.jpg|viktoriya-valdes-2.jpg,si-video-still,Schiller Institute (still from conference recording),https://www.youtube.com/watch?v=gR4Wu39Vlvw&t=124,,needs-review,skip,,,,,,timestamps cover the whole session — this person cannot be located in it,,agenda-only
vladimir-morozov,Vladimir Morozov,i4SlJy4KjEI,3063|3258|3453,vladimir-morozov-0.jpg|vladimir-morozov-1.jpg|vladimir-morozov-2.jpg,si-video-still,Schiller Institute (still from conference recording),https://www.youtube.com/watch?v=i4SlJy4KjEI&t=3063,vladimir-morozov-1.jpg,needs-review,,mk,,vladimir-morozov-2.jpg,19.2,427.7,,"[{""frame"": ""vladimir-morozov-2.jpg"", ""crop"": ""vladimir-morozov-2.jpg"", ""face"": true, ""pct"": 19.2, ""sharp"": 427.7, ""score"": 35.49, ""via"": ""frontalface_default"", ""size"": [307, 383]}, {""frame"": ""vladimir-morozov-1.jpg"", ""crop"": ""vladimir-morozov-1.jpg"", ""face"": true, ""pct"": 20.7, ""sharp"": 120.6, ""score"": 26.88, ""via"": ""profileface"", ""size"": [331, 414]}, {""frame"": ""vladimir-morozov-0.jpg"", ""crop"": ""vladimir-morozov-0.jpg"", ""face"": true, ""pct"": 15.8, ""sharp"": 286.4, ""score"": 26.85, ""via"": ""frontalface_default"", ""size"": [253, 317]}]",segment
walter-faggett,Walter Faggett,MRMsLajli84,5003|5127|5251,walter-faggett-0.jpg|walter-faggett-1.jpg|walter-faggett-2.jpg,si-video-still,Schiller Institute (still from conference recording),https://www.youtube.com/watch?v=MRMsLajli84&t=5003,walter-faggett-0.jpg,needs-review,,mk,,walter-faggett-1.jpg,49.6,132.6,,"[{""frame"": ""walter-faggett-1.jpg"", ""crop"": ""walter-faggett-1.jpg"", ""face"": true, ""pct"": 49.6, ""sharp"": 132.6, ""score"": 57.91, ""via"": ""frontalface_alt2"", ""size"": [576, 720]}, {""frame"": ""walter-faggett-0.jpg"", ""crop"": ""walter-faggett-0.jpg"", ""face"": true, ""pct"": 66.1, ""sharp"": 32.9, ""score"": 56.5, ""via"": ""profileface"", ""size"": [576, 720]}, {""frame"": ""walter-faggett-2.jpg"", ""crop"": ""walter-faggett-2.jpg"", ""face"": true, ""pct"": 56.0, ""sharp"": 24.3, ""score"": 42.04, ""via"": ""frontalface_default"", ""size"": [576, 720]}]",segment
walter-formento,Walter Formento,gmvQftqGuqM,165|300|435,walter-formento-0.jpg|walter-formento-1.jpg|walter-formento-2.jpg,si-video-still,Schiller Institute (still from conference recording),https://www.youtube.com/watch?v=gmvQftqGuqM&t=165,,needs-review,skip,,,,,,timestamps cover the whole session — this person cannot be located in it,,agenda-only
wang-hao,Wang Hao,O-6e3dmzDoQ,1044|1173|1302,wang-hao-0.jpg|wang-hao-1.jpg|wang-hao-2.jpg,si-video-still,Schiller Institute (still from conference recording),https://www.youtube.com/watch?v=O-6e3dmzDoQ&t=1044,wang-hao-0.jpg,needs-review,,mk,,wang-hao-0.jpg,21.8,117.2,,"[{""frame"": ""wang-hao-0.jpg"", ""crop"": ""wang-hao-0.jpg"", ""face"": true, ""pct"": 21.8, ""sharp"": 117.2, ""score"": 27.72, ""via"": ""frontalface_default"", ""size"": [349, 436]}, {""frame"": ""wang-hao-1.jpg"", ""crop"": ""wang-hao-1.jpg"", ""face"": true, ""pct"": 20.4, ""sharp"": 105.2, ""score"": 25.18, ""via"": ""frontalface_default"", ""size"": [327, 408]}, {""frame"": ""wang-hao-2.jpg"", ""crop"": ""wang-hao-2.jpg"", ""face"": true, ""pct"": 21.5, ""sharp"": 75.3, ""score"": 23.88, ""via"": ""frontalface_default"", ""size"": [344, 431]}]",segment
wang-wen,Wang Wen,JD3d_guFUV4,3578|3718|3858,wang-wen-0.jpg|wang-wen-1.jpg|wang-wen-2.jpg,si-video-still,Schiller Institute (still from conference recording),https://www.youtube.com/watch?v=JD3d_guFUV4&t=3578,wang-wen-1.jpg,needs-review,,mk,,wang-wen-1.jpg,40.4,38.1,,"[{""frame"": ""wang-wen-1.jpg"", ""crop"": ""wang-wen-1.jpg"", ""face"": true, ""pct"": 40.4, ""sharp"": 38.1, ""score"": 40.13, ""via"": ""frontalface_alt2"", ""size"": [576, 720]}, {""frame"": ""wang-wen-0.jpg"", ""crop"": ""wang-wen-0.jpg"", ""face"": true, ""pct"": 41.2, ""sharp"": 25.7, ""score"": 39.14, ""via"": ""frontalface_alt2"", ""size"": [576, 720]}, {""frame"": ""wang-wen-2.jpg"", ""crop"": ""wang-wen-2.jpg"", ""face"": true, ""pct"": 39.0, ""sharp"": 26.5, ""score"": 36.85, ""via"": ""frontalface_alt2"", ""size"": [576, 720]}]",segment
william-ferguson,William Ferguson,Hi2cUOmeveQ,165|300|435,william-ferguson-0.jpg|william-ferguson-1.jpg|william-ferguson-2.jpg,si-video-still,Schiller Institute (still from conference recording),https://www.youtube.com/watch?v=Hi2cUOmeveQ&t=165,,needs-review,skip,,,,,,timestamps cover the whole session — this person cannot be located in it,,agenda-only
william-l-dawson,William L. Dawson,RqtZS8odIpA,165|300|435,william-l-dawson-0.jpg|william-l-dawson-1.jpg|william-l-dawson-2.jpg,si-video-still,Schiller Institute (still from conference recording),https://www.youtube.com/watch?v=RqtZS8odIpA&t=165,,needs-review,skip,,,,,,timestamps cover the whole session — this person cannot be located in it,,agenda-only
willis-patterson,Willis Patterson,cy0uh-BYs7s,6504|6700|6896,,,,,,none,skip,mk,ffmpeg produced no usable frame reviewed in the crop sheet: no usable portrait in these frames,,,,no frames on disk,[],segment
wolfgang-effenberger,Wolfgang Effenberger,Gep6VAh4H9o,9174|9379|9584,wolfgang-effenberger-0.jpg|wolfgang-effenberger-1.jpg|wolfgang-effenberger-2.jpg,si-video-still,Schiller Institute (still from conference recording),https://www.youtube.com/watch?v=Gep6VAh4H9o&t=9174,wolfgang-effenberger-2.jpg,needs-review,,mk,,wolfgang-effenberger-0.jpg,21.2,143.2,,"[{""frame"": ""wolfgang-effenberger-0.jpg"", ""crop"": ""wolfgang-effenberger-0.jpg"", ""face"": true, ""pct"": 21.2, ""sharp"": 143.2, ""score"": 27.78, ""via"": ""frontalface_default"", ""size"": [340, 425]}, {""frame"": ""wolfgang-effenberger-1.jpg"", ""crop"": ""wolfgang-effenberger-1.jpg"", ""face"": true, ""pct"": 21.1, ""sharp"": 124.4, ""score"": 25.38, ""via"": ""frontalface_default"", ""size"": [338, 422]}, {""frame"": ""wolfgang-effenberger-2.jpg"", ""crop"": ""wolfgang-effenberger-2.jpg"", ""face"": true, ""pct"": 21.0, ""sharp"": 73.0, ""score"": 24.27, ""via"": ""frontalface_default"", ""size"": [336, 419]}]",segment
xu-jian,Xu Jian,i4SlJy4KjEI,4069|4428|4787,xu-jian-0.jpg|xu-jian-1.jpg|xu-jian-2.jpg,si-video-still,Schiller Institute (still from conference recording),https://www.youtube.com/watch?v=i4SlJy4KjEI&t=4069,,needs-review,skip,mk,reviewed in the crop sheet: no usable portrait in these frames,xu-jian-0.jpg,9.3,434.9,,"[{""frame"": ""xu-jian-0.jpg"", ""crop"": ""xu-jian-0.jpg"", ""face"": true, ""pct"": 9.3, ""sharp"": 434.9, ""score"": 17.09, ""via"": ""profileface"", ""size"": [149, 186]}, {""frame"": ""xu-jian-1.jpg"", ""crop"": null, ""face"": false, ""pct"": 0, ""sharp"": 0, ""score"": 0}, {""frame"": ""xu-jian-2.jpg"", ""crop"": null, ""face"": false, ""pct"": 0, ""sharp"": 0, ""score"": 0}]",segment
xu-wang,Xu Wang,RuusNL-T_aY,165|300|435,xu-wang-0.jpg|xu-wang-1.jpg|xu-wang-2.jpg,si-video-still,Schiller Institute (still from conference recording),https://www.youtube.com/watch?v=RuusNL-T_aY&t=165,,needs-review,skip,,,,,,timestamps cover the whole session — this person cannot be located in it,,agenda-only
xu-wenhong,Xu Wenhong,0J4P-y0VigE,100|170|240,xu-wenhong-0.jpg|xu-wenhong-1.jpg|xu-wenhong-2.jpg,si-video-still,Schiller Institute (still from conference recording),https://www.youtube.com/watch?v=0J4P-y0VigE&t=100,,needs-review,skip,,,,,,timestamps cover the whole session — this person cannot be located in it,,agenda-only
yan-wang,Yan Wang,tCCDBK4cgKE,165|300|435,yan-wang-0.jpg|yan-wang-1.jpg|yan-wang-2.jpg,si-video-still,Schiller Institute (still from conference recording),https://www.youtube.com/watch?v=tCCDBK4cgKE&t=165,,needs-review,skip,,,,,,timestamps cover the whole session — this person cannot be located in it,,agenda-only
yoro-diallo,Yoro Diallo,TmWFAdBk-VA,165|300|435,yoro-diallo-0.jpg|yoro-diallo-1.jpg|yoro-diallo-2.jpg,si-video-still,Schiller Institute (still from conference recording),https://www.youtube.com/watch?v=TmWFAdBk-VA&t=165,,needs-review,skip,,,,,,timestamps cover the whole session — this person cannot be located in it,,agenda-only
yulin-wang-tenor,Yulin Wang (China) tenor,gUk_uBdziJI,165|300|435,yulin-wang-tenor-0.jpg|yulin-wang-tenor-1.jpg|yulin-wang-tenor-2.jpg,si-video-still,Schiller Institute (still from conference recording),https://www.youtube.com/watch?v=gUk_uBdziJI&t=165,,needs-review,skip,,,,,,timestamps cover the whole session — this person cannot be located in it,,agenda-only
yusuf-maitama-tuggar,Yusuf Maitama Tuggar,O-6e3dmzDoQ,1688|1885|2082,yusuf-maitama-tuggar-0.jpg|yusuf-maitama-tuggar-1.jpg|yusuf-maitama-tuggar-2.jpg,si-video-still,Schiller Institute (still from conference recording),https://www.youtube.com/watch?v=O-6e3dmzDoQ&t=1688,yusuf-maitama-tuggar-1.jpg,needs-review,,mk,,yusuf-maitama-tuggar-1.jpg,22.8,66.0,,"[{""frame"": ""yusuf-maitama-tuggar-1.jpg"", ""crop"": ""yusuf-maitama-tuggar-1.jpg"", ""face"": true, ""pct"": 22.8, ""sharp"": 66.0, ""score"": 26.25, ""via"": ""profileface"", ""size"": [364, 456]}, {""frame"": ""yusuf-maitama-tuggar-0.jpg"", ""crop"": ""yusuf-maitama-tuggar-0.jpg"", ""face"": true, ""pct"": 19.4, ""sharp"": 75.0, ""score"": 22.91, ""via"": ""frontalface_default"", ""size"": [311, 389]}, {""frame"": ""yusuf-maitama-tuggar-2.jpg"", ""crop"": ""yusuf-maitama-tuggar-2.jpg"", ""face"": true, ""pct"": 18.2, ""sharp"": 58.6, ""score"": 19.71, ""via"": ""frontalface_alt2"", ""size"": [291, 364]}]",segment
zaid-ayoub-arbache,Zaid Ayoub Arbache,B1eaC6Iljas,4756|4895|5034,zaid-ayoub-arbache-0.jpg|zaid-ayoub-arbache-1.jpg|zaid-ayoub-arbache-2.jpg,si-video-still,Schiller Institute (still from conference recording),https://www.youtube.com/watch?v=B1eaC6Iljas&t=4756,zaid-ayoub-arbache-2.jpg,needs-review,,mk,,zaid-ayoub-arbache-2.jpg,37.1,124.5,,"[{""frame"": ""zaid-ayoub-arbache-2.jpg"", ""crop"": ""zaid-ayoub-arbache-2.jpg"", ""face"": true, ""pct"": 37.1, ""sharp"": 124.5, ""score"": 41.66, ""via"": ""profileface"", ""size"": [576, 720]}, {""frame"": ""zaid-ayoub-arbache-0.jpg"", ""crop"": ""zaid-ayoub-arbache-0.jpg"", ""face"": true, ""pct"": 35.4, ""sharp"": 126.8, ""score"": 41.04, ""via"": ""frontalface_default"", ""size"": [567, 708]}, {""frame"": ""zaid-ayoub-arbache-1.jpg"", ""crop"": ""zaid-ayoub-arbache-1.jpg"", ""face"": true, ""pct"": 36.1, ""sharp"": 76.1, ""score"": 38.87, ""via"": ""frontalface_alt2"", ""size"": [576, 720]}]",segment
