attachment_id,filename,title,mime,parent_id,parent_type,parent_title,year,filesize,inlink_count,score,proposed_action,doc_type_guess,needs_review,final_action,reviewer
20398,20141018_conf_program_revised_01.pdf,20141018_conf_program_revised_01,application/pdf,19952,page,"30th Anniversary Conference  •  Frankfurt  •  October 18th, 2014",2014,,4,8,promote,program,1,,
20399,20141018_conf_program_revised_01.pdf,20141018_conf_program_revised_01,application/pdf,21284,page,"30th Anniversary Conference  •  Frankfurt  •  October 18th, 2014",2014,,4,8,promote,program,1,,
20400,20141018_conf_program_revised_01.pdf,20141018_conf_program_revised_01,application/pdf,21286,page,"30. Jahrestag der Gründung des Schiller-Instituts",2014,,4,8,promote,program,1,,
20402,20141018_conf_program_revised_01.pdf,20141018_conf_program_revised_01,application/pdf,22599,page,"30th Anniversary Conference  •  Frankfurt  •  October 18th, 2014",2014,,4,8,promote,program,1,,
24822,program.pdf,program,application/pdf,24798,page,"The Manhattan Project",2015,,36,7,promote,program,1,,
20401,20141018_conf_program_revised_01.pdf,20141018_conf_program_revised_01,application/pdf,0,,,2014,,4,6,promote,program,1,,
20403,20141018_conf_program_revised_01.pdf,20141018_conf_program_revised_01,application/pdf,0,,,2014,,4,6,promote,program,1,,
20404,20141018_conf_program_revised_01.pdf,20141018_conf_program_revised_01,application/pdf,0,,,2014,,4,6,promote,program,1,,
20405,20141018_conf_program_revised_01.pdf,20141018_conf_program_revised_01,application/pdf,0,,,2014,,4,6,promote,program,1,,
20406,20141018_conf_program_revised_01.pdf,20141018_conf_program_revised_01,application/pdf,0,,,2014,,4,6,promote,program,1,,
23320,Frankfurt_Program_RU_final.pdf,Frankfurt_Program_RU_final,application/pdf,1801,page,Главная,2014,,2,6,promote,program,1,,
23321,Frankfurt_Program_RU_final.pdf,Frankfurt_Program_RU_final,application/pdf,864,page,Home,2014,,2,6,promote,program,1,,
23322,Frankfurt_Program_RU_final.pdf,Frankfurt_Program_RU_final,application/pdf,1256,page,Accueil,2014,,2,6,promote,program,1,,
23323,Frankfurt_Program_RU_final.pdf,Frankfurt_Program_RU_final,application/pdf,1244,page,Start,2014,,2,6,promote,program,1,,
23324,Frankfurt_Program_RU_final.pdf,Frankfurt_Program_RU_final,application/pdf,25797,page,Home,2014,,2,6,promote,program,1,,
23325,Frankfurt_Program_RU_final.pdf,Frankfurt_Program_RU_final,application/pdf,2194,page,Inicio,2014,,2,6,promote,program,1,,
31054,Frankfurt_Program_RU_final.pdf,Frankfurt_Program_RU_final,application/pdf,30979,page,首页,2014,,2,6,promote,program,1,,
23930,20141207_si_conf_program_2.pdf,20141207_si_conf_program_2,application/pdf,864,page,Home,2015,,1,6,promote,program,1,,
23931,20141207_si_conf_program_2.pdf,20141207_si_conf_program_2,application/pdf,1256,page,Accueil,2015,,1,6,promote,program,1,,
23932,20141207_si_conf_program_2.pdf,20141207_si_conf_program_2,application/pdf,1244,page,Start,2015,,1,6,promote,program,1,,
23933,20141207_si_conf_program_2.pdf,20141207_si_conf_program_2,application/pdf,25797,page,Home,2015,,1,6,promote,program,1,,
23934,20141207_si_conf_program_2.pdf,20141207_si_conf_program_2,application/pdf,1801,page,Главная,2015,,1,6,promote,program,1,,
23935,20141207_si_conf_program_2.pdf,20141207_si_conf_program_2,application/pdf,2194,page,Inicio,2015,,1,6,promote,program,1,,
31057,20141207_si_conf_program_2.pdf,20141207_si_conf_program_2,application/pdf,30979,page,首页,2015,,1,6,promote,program,1,,
36691,Berlin-Concert-Program.pdf,"Berlin Concert Program",application/pdf,36506,page,"Musical Dialogue of Cultures",2016,,2,6,promote,program,1,,
36694,Berlin-Concert-Program.pdf,"Berlin Concert Program",application/pdf,36775,page,"MUSIKALISCHER DIALOG DER KULTUREN",2016,,2,6,promote,program,1,,
107765,202502_dossier_Plan_Oasis_english_final-2.pdf,202502_dossier_Plan_Oasis_english_final,application/pdf,107685,page,"The Oasis Plan - The LaRouche Solution for Southwest Asia",2025,,2,6,promote,report,1,,
4394,Schiller-Institute_JFK-Requiem-Program_final.pdf,Schiller-Institute_JFK-Requiem-Program_final,application/pdf,0,,,2014,,8,5,promote,program,1,,
4395,Schiller-Institute_JFK-Requiem-Program_final.pdf,Schiller-Institute_JFK-Requiem-Program_final,application/pdf,0,,,2014,,8,5,promote,program,1,,
4396,Schiller-Institute_JFK-Requiem-Program_final.pdf,Schiller-Institute_JFK-Requiem-Program_final,application/pdf,0,,,2014,,8,5,promote,program,1,,
4397,Schiller-Institute_JFK-Requiem-Program_final.pdf,Schiller-Institute_JFK-Requiem-Program_final,application/pdf,0,,,2014,,8,5,promote,program,1,,
4398,Schiller-Institute_JFK-Requiem-Program_final.pdf,Schiller-Institute_JFK-Requiem-Program_final,application/pdf,0,,,2014,,8,5,promote,program,1,,
4399,Schiller-Institute_JFK-Requiem-Program_final.pdf,Schiller-Institute_JFK-Requiem-Program_final,application/pdf,0,,,2014,,8,5,promote,program,1,,
4400,Schiller-Institute_JFK-Requiem-Program_final.pdf,Schiller-Institute_JFK-Requiem-Program_final,application/pdf,0,,,2014,,8,5,promote,program,1,,
4401,Schiller-Institute_JFK-Requiem-Program_final.pdf,Schiller-Institute_JFK-Requiem-Program_final,application/pdf,0,,,2014,,8,5,promote,program,1,,
20104,20141018_conf_program_revised.pdf,20141018_conf_program_revised,application/pdf,19952,page,"30th Anniversary Conference  •  Frankfurt  •  October 18th, 2014",2014,,0,5,promote,program,1,,
20105,20141018_conf_program_revised.pdf,20141018_conf_program_revised,application/pdf,21284,page,"30th Anniversary Conference  •  Frankfurt  •  October 18th, 2014",2014,,0,5,promote,program,1,,
20106,20141018_conf_program_revised.pdf,20141018_conf_program_revised,application/pdf,21286,page,"30. Jahrestag der Gründung des Schiller-Instituts",2014,,0,5,promote,program,1,,
20108,20141018_conf_program_revised.pdf,20141018_conf_program_revised,application/pdf,22599,page,"30th Anniversary Conference  •  Frankfurt  •  October 18th, 2014",2014,,0,5,promote,program,1,,
24823,program.pdf,program,application/pdf,0,,,2015,,36,5,promote,program,1,,
24824,program.pdf,program,application/pdf,0,,,2015,,36,5,promote,program,1,,
24825,program.pdf,program,application/pdf,0,,,2015,,36,5,promote,program,1,,
24826,program.pdf,program,application/pdf,0,,,2015,,36,5,promote,program,1,,
24827,program.pdf,program,application/pdf,0,,,2015,,36,5,promote,program,1,,
24828,program.pdf,program,application/pdf,0,,,2015,,36,5,promote,program,1,,
24829,program.pdf,program,application/pdf,0,,,2015,,36,5,promote,program,1,,
24830,program.pdf,program,application/pdf,0,,,2015,,36,5,promote,program,1,,
25353,program003.pdf,program003,application/pdf,25248,post,"Schiller Institute Celebrates Dialogue of Cultures in Düsseldorf",2015,,2,5,promote,program,1,,
37304,Schiller-Sept-10-conf-Program-content-.pdf,schiller-sept-10-conf-program-content,application/pdf,864,page,Home,2016,,1,5,promote,program,1,,
37305,Schiller-Sept-10-conf-Program-content-.pdf,schiller-sept-10-conf-program-content,application/pdf,30979,page,首页,2016,,1,5,promote,program,1,,
37306,Schiller-Sept-10-conf-Program-content-.pdf,schiller-sept-10-conf-program-content,application/pdf,1256,page,Accueil,2016,,1,5,promote,program,1,,
37307,Schiller-Sept-10-conf-Program-content-.pdf,schiller-sept-10-conf-program-content,application/pdf,1244,page,Start,2016,,1,5,promote,program,1,,
37308,Schiller-Sept-10-conf-Program-content-.pdf,schiller-sept-10-conf-program-content,application/pdf,25797,page,Home,2016,,1,5,promote,program,1,,
37309,Schiller-Sept-10-conf-Program-content-.pdf,schiller-sept-10-conf-program-content,application/pdf,1801,page,Главная,2016,,1,5,promote,program,1,,
37310,Schiller-Sept-10-conf-Program-content-.pdf,schiller-sept-10-conf-program-content,application/pdf,2194,page,Inicio,2016,,1,5,promote,program,1,,
41033,20170407-New-Silk-Road-NYU-program.pdf,"20170407 New Silk Road NYU - program",application/pdf,41027,page,"New Silk Road: A Global Infrastructure Renaissance",2017,,1,5,promote,program,1,,
83511,Leonore-Fall-2021_preview.pdf,Leonore-Fall-2021_preview,application/pdf,83499,page,"Leonore Fall 2021 Issue Preview",2022,,4,5,promote,report,1,,
98810,20230905-argentina-program.pdf,20230905-argentina-program,application/pdf,98699,post,"An Emergency Program to Save Argentina, the Newest Member of the BRICS",2023,,2,5,promote,program,1,,
98814,20230905-argentina-program.pdf,20230905-argentina-program,application/pdf,98822,post,"Ein Notfallprogramm zur Rettung Argentiniens, des jüngsten BRICS-Mitglieds",2023,,2,5,promote,program,1,,
100261,Retooling-tables-leafletedited.pdf,Retooling-tables-leafletedited,application/pdf,100116,post,"The Military-Financial Complex Is Bloated on Blood Money from Wars",2024,,2,5,promote,report,1,,
100265,Retooling-tables-leafletedited.pdf,Retooling-tables-leafletedited,application/pdf,100206,post,"Der Militärisch-Finanzielle Komplex wird durch Blutgeld aus Kriegen aufgebläht",2024,,2,5,promote,report,1,,
105545,20241125_SI_development_drive-corrected.pdf,20241125_SI_development_drive-corrected,application/pdf,105479,post,"Report: Development Drive Means Billions of New Jobs, No Refugees, No War",2024,,4,5,promote,report,1,,
105549,20241125_SI_development_drive-corrected.pdf,20241125_SI_development_drive-corrected,application/pdf,105561,post,"„Entwicklungsoffensive bedeutet Milliarden neue Arbeitsplätze, keine Flüchtlinge, kein Krieg“",2024,,4,5,promote,report,1,,
105827,Leonore-Winter-2024.pdf,"Leonore Winter 2024",application/pdf,105816,page,"Leonore Magazine - Art, Science and Statecraft Winter 2024",2024,,4,5,promote,report,1,,
105850,Leonore-Winter-2024-2.pdf,"Leonore Winter 2024",application/pdf,105816,page,"Leonore Magazine - Art, Science and Statecraft Winter 2024",2024,,4,5,promote,report,1,,
109647,Leonore-Spring-2025-Final.pdf,"Leonore Spring 2025-Final",application/pdf,109645,page,"Leonore Magazine - Art, Science and Statecraft Spring 2025",2025,,7,5,promote,report,1,,
109798,Leonore-Spring-2025-Final-1.pdf,"Leonore Spring 2025-Final",application/pdf,105887,page,"All Issues of Leonore Magazine – Art, Science and Statecraft",2025,,3,5,promote,report,1,,
112784,Leonore-Summer-Fall-2025_FINAL-2.pdf,"Leonore Summer-Fall 2025_FINAL",application/pdf,105887,page,"All Issues of Leonore Magazine – Art, Science and Statecraft",2025,,4,5,promote,report,1,,
113797,Leonore-Winter-2025-1.pdf,"Leonore Winter 2025",application/pdf,105887,page,"All Issues of Leonore Magazine – Art, Science and Statecraft",2025,,4,5,promote,report,1,,
116414,Leonore-Spring-2026.pdf,"Leonore Spring 2026",application/pdf,105887,page,"All Issues of Leonore Magazine – Art, Science and Statecraft",2026,,4,5,promote,report,1,,
22750,Frankfurt_Program_RU.pdf,Frankfurt_Program_RU,application/pdf,22599,page,"30th Anniversary Conference  •  Frankfurt  •  October 18th, 2014",2014,,0,4,promote,program,1,,
22751,Frankfurt_Program_RU.pdf,Frankfurt_Program_RU,application/pdf,19952,page,"30th Anniversary Conference  •  Frankfurt  •  October 18th, 2014",2014,,0,4,promote,program,1,,
22752,Frankfurt_Program_RU.pdf,Frankfurt_Program_RU,application/pdf,21284,page,"30th Anniversary Conference  •  Frankfurt  •  October 18th, 2014",2014,,0,4,promote,program,1,,
22753,Frankfurt_Program_RU.pdf,Frankfurt_Program_RU,application/pdf,21286,page,"30. Jahrestag der Gründung des Schiller-Instituts",2014,,0,4,promote,program,1,,
23206,20141124_resolution_brics_SI.pdf,20141124_resolution_brics_SI,application/pdf,23188,si_presentation,"Die USA und Europa müssen den Mut aufbringen, mit der Geopolitik zu brechen und  mit den BRICS-Staaten zusammenzuarbeiten",2014,,0,4,promote,memorandum,1,,
23207,20141124_resolution_brics_SI.pdf,20141124_resolution_brics_SI,application/pdf,23114,si_presentation,"THE U.S. AND EUROPE MUST HAVE THE COURAGE TO REJECT GEOPOLITICS AND COLLABORATE WITH THE BRICS",2014,,0,4,promote,memorandum,1,,
23210,20141124_resolution_brics_SI.pdf,20141124_resolution_brics_SI,application/pdf,23331,si_presentation,"Подпишитесь под петицией Шиллеровского института!  США и Европа  должны найти в себе мужество  покончить с геополитикой и начать  сотрудничество со странами БРИКС",2014,,0,4,promote,memorandum,1,,
23268,20141124_resolution_brics_SI_revised.pdf,20141124_resolution_brics_SI_revised,application/pdf,23188,si_presentation,"Die USA und Europa müssen den Mut aufbringen, mit der Geopolitik zu brechen und  mit den BRICS-Staaten zusammenzuarbeiten",2014,,0,4,promote,memorandum,1,,
23269,20141124_resolution_brics_SI_revised.pdf,20141124_resolution_brics_SI_revised,application/pdf,23114,si_presentation,"THE U.S. AND EUROPE MUST HAVE THE COURAGE TO REJECT GEOPOLITICS AND COLLABORATE WITH THE BRICS",2014,,0,4,promote,memorandum,1,,
23272,20141124_resolution_brics_SI_revised.pdf,20141124_resolution_brics_SI_revised,application/pdf,23331,si_presentation,"Подпишитесь под петицией Шиллеровского института!  США и Европа  должны найти в себе мужество  покончить с геополитикой и начать  сотрудничество со странами БРИКС",2014,,0,4,promote,memorandum,1,,
23326,Frankfurt_Program_RU_final.pdf,Frankfurt_Program_RU_final,application/pdf,0,,,2014,,2,4,promote,program,1,,
23327,Frankfurt_Program_RU_final.pdf,Frankfurt_Program_RU_final,application/pdf,0,,,2014,,2,4,promote,program,1,,
23328,Frankfurt_Program_RU_final.pdf,Frankfurt_Program_RU_final,application/pdf,0,,,2014,,2,4,promote,program,1,,
23505,20141124_resolution_brics_SI_FINAL.pdf,20141124_resolution_brics_SI_FINAL,application/pdf,23188,si_presentation,"Die USA und Europa müssen den Mut aufbringen, mit der Geopolitik zu brechen und  mit den BRICS-Staaten zusammenzuarbeiten",2014,,0,4,promote,memorandum,1,,
23506,20141124_resolution_brics_SI_FINAL.pdf,20141124_resolution_brics_SI_FINAL,application/pdf,23114,si_presentation,"THE U.S. AND EUROPE MUST HAVE THE COURAGE TO REJECT GEOPOLITICS AND COLLABORATE WITH THE BRICS",2014,,0,4,promote,memorandum,1,,
23509,20141124_resolution_brics_SI_FINAL.pdf,20141124_resolution_brics_SI_FINAL,application/pdf,23331,si_presentation,"Подпишитесь под петицией Шиллеровского института!  США и Европа  должны найти в себе мужество  покончить с геополитикой и начать  сотрудничество со странами БРИКС",2014,,0,4,promote,memorandum,1,,
23921,20141207_si_conf_program_2.pdf,20141207_si_conf_program_2,application/pdf,0,,,2015,,1,4,promote,program,1,,
23922,20141207_si_conf_program_2.pdf,20141207_si_conf_program_2,application/pdf,0,,,2015,,1,4,promote,program,1,,
23923,20141207_si_conf_program_2.pdf,20141207_si_conf_program_2,application/pdf,0,,,2015,,1,4,promote,program,1,,
23924,20141207_si_conf_program_2.pdf,20141207_si_conf_program_2,application/pdf,0,,,2015,,1,4,promote,program,1,,
23925,20141207_si_conf_program_2.pdf,20141207_si_conf_program_2,application/pdf,0,,,2015,,1,4,promote,program,1,,
23926,20141207_si_conf_program_2.pdf,20141207_si_conf_program_2,application/pdf,0,,,2015,,1,4,promote,program,1,,
23927,20141207_si_conf_program_2.pdf,20141207_si_conf_program_2,application/pdf,0,,,2015,,1,4,promote,program,1,,
23928,20141207_si_conf_program_2.pdf,20141207_si_conf_program_2,application/pdf,0,,,2015,,1,4,promote,program,1,,
23936,20141207_si_conf_program_2.pdf,20141207_si_conf_program_2,application/pdf,0,,,2015,,1,4,promote,program,1,,
23937,20141207_si_conf_program_2.pdf,20141207_si_conf_program_2,application/pdf,0,,,2015,,1,4,promote,program,1,,
23938,20141207_si_conf_program_2.pdf,20141207_si_conf_program_2,application/pdf,0,,,2015,,1,4,promote,program,1,,
25354,program003.pdf,program003,application/pdf,0,,,2015,,2,4,promote,program,1,,
25355,program003.pdf,program003,application/pdf,0,,,2015,,2,4,promote,program,1,,
25356,program003.pdf,program003,application/pdf,0,,,2015,,2,4,promote,program,1,,
25357,program003.pdf,program003,application/pdf,0,,,2015,,2,4,promote,program,1,,
25358,program003.pdf,program003,application/pdf,0,,,2015,,2,4,promote,program,1,,
25359,program003.pdf,program003,application/pdf,0,,,2015,,2,4,promote,program,1,,
25360,program003.pdf,program003,application/pdf,0,,,2015,,2,4,promote,program,1,,
25361,program003.pdf,program003,application/pdf,0,,,2015,,2,4,promote,program,1,,
29486,PROGRAM-and-Speakers-Schiller_Conf-English.pdf,"PROGRAM  and Speakers Schiller_Conf English",application/pdf,864,page,Home,2015,,0,4,promote,program,1,,
29487,PROGRAM-and-Speakers-Schiller_Conf-English.pdf,"PROGRAM  and Speakers Schiller_Conf English",application/pdf,1256,page,Accueil,2015,,0,4,promote,program,1,,
29488,PROGRAM-and-Speakers-Schiller_Conf-English.pdf,"PROGRAM  and Speakers Schiller_Conf English",application/pdf,1244,page,Start,2015,,0,4,promote,program,1,,
29489,PROGRAM-and-Speakers-Schiller_Conf-English.pdf,"PROGRAM  and Speakers Schiller_Conf English",application/pdf,25797,page,Home,2015,,0,4,promote,program,1,,
29490,PROGRAM-and-Speakers-Schiller_Conf-English.pdf,"PROGRAM  and Speakers Schiller_Conf English",application/pdf,1801,page,Главная,2015,,0,4,promote,program,1,,
29491,PROGRAM-and-Speakers-Schiller_Conf-English.pdf,"PROGRAM  and Speakers Schiller_Conf English",application/pdf,2194,page,Inicio,2015,,0,4,promote,program,1,,
31077,PROGRAM-and-Speakers-Schiller_Conf-English.pdf,"PROGRAM  and Speakers Schiller_Conf English",application/pdf,30979,page,首页,2015,,0,4,promote,program,1,,
30299,Konferenzprogramm-Redner-.pdf,Konferenzprogramm-Redner,application/pdf,1244,page,Start,2015,,0,4,promote,program,1,,
30300,Konferenzprogramm-Redner-.pdf,Konferenzprogramm-Redner,application/pdf,864,page,Home,2015,,0,4,promote,program,1,,
30301,Konferenzprogramm-Redner-.pdf,Konferenzprogramm-Redner,application/pdf,1256,page,Accueil,2015,,0,4,promote,program,1,,
30302,Konferenzprogramm-Redner-.pdf,Konferenzprogramm-Redner,application/pdf,25797,page,Home,2015,,0,4,promote,program,1,,
30303,Konferenzprogramm-Redner-.pdf,Konferenzprogramm-Redner,application/pdf,1801,page,Главная,2015,,0,4,promote,program,1,,
30304,Konferenzprogramm-Redner-.pdf,Konferenzprogramm-Redner,application/pdf,2194,page,Inicio,2015,,0,4,promote,program,1,,
31086,Konferenzprogramm-Redner-.pdf,Konferenzprogramm-Redner,application/pdf,30979,page,首页,2015,,0,4,promote,program,1,,
32091,20141124_resolution_brics_SI__EN.pdf,20141124_resolution_brics_SI__EN,application/pdf,23114,si_presentation,"THE U.S. AND EUROPE MUST HAVE THE COURAGE TO REJECT GEOPOLITICS AND COLLABORATE WITH THE BRICS",2015,,0,4,promote,memorandum,1,,
32094,20141124_resolution_brics_SI__EN.pdf,20141124_resolution_brics_SI__EN,application/pdf,23188,si_presentation,"Die USA und Europa müssen den Mut aufbringen, mit der Geopolitik zu brechen und  mit den BRICS-Staaten zusammenzuarbeiten",2015,,0,4,promote,memorandum,1,,
32096,20141124_resolution_brics_SI__EN.pdf,20141124_resolution_brics_SI__EN,application/pdf,23331,si_presentation,"Подпишитесь под петицией Шиллеровского института!  США и Европа  должны найти в себе мужество  покончить с геополитикой и начать  сотрудничество со странами БРИКС",2015,,0,4,promote,memorandum,1,,
36576,Musical-Dialogue-of-Cultures-Program.pdf,"Musical Dialogue of Cultures Program",application/pdf,36506,page,"Musical Dialogue of Cultures",2016,,0,4,promote,program,1,,
36579,Musical-Dialogue-of-Cultures-Program.pdf,"Musical Dialogue of Cultures Program",application/pdf,36775,page,"MUSIKALISCHER DIALOG DER KULTUREN",2016,,0,4,promote,program,1,,
36692,Berlin-Concert-Program.pdf,"Berlin Concert Program",application/pdf,0,,,2016,,2,4,promote,program,1,,
36693,Berlin-Concert-Program.pdf,"Berlin Concert Program",application/pdf,0,,,2016,,2,4,promote,program,1,,
36695,Berlin-Concert-Program.pdf,"Berlin Concert Program",application/pdf,0,,,2016,,2,4,promote,program,1,,
36696,Berlin-Concert-Program.pdf,"Berlin Concert Program",application/pdf,0,,,2016,,2,4,promote,program,1,,
36697,Berlin-Concert-Program.pdf,"Berlin Concert Program",application/pdf,0,,,2016,,2,4,promote,program,1,,
36698,Berlin-Concert-Program.pdf,"Berlin Concert Program",application/pdf,0,,,2016,,2,4,promote,program,1,,
36699,Berlin-Concert-Program.pdf,"Berlin Concert Program",application/pdf,0,,,2016,,2,4,promote,program,1,,
36700,Berlin-Concert-Program.pdf,"Berlin Concert Program",application/pdf,0,,,2016,,2,4,promote,program,1,,
41249,May-14-Agenda_BRF-Thematic-Session-on-Think-Tank-Exchanges.pdf,"May 14 Agenda_BRF Thematic Session on Think Tank Exchanges",application/pdf,41212,page,"Belt and Road Forum: May 14 - 15, 2017",2017,,2,4,promote,program,1,,
41253,May-14-Agenda_BRF-Thematic-Session-on-Think-Tank-Exchanges.pdf,"May 14 Agenda_BRF Thematic Session on Think Tank Exchanges",application/pdf,41376,page,"Belt and Road Forum: 14. - 15. Mai 2017",2017,,2,4,promote,program,1,,
41259,May-15-Agenda_Global-Think-Tank-Summit.pdf,"May 15 Agenda_Global Think Tank Summit",application/pdf,41212,page,"Belt and Road Forum: May 14 - 15, 2017",2017,,2,4,promote,program,1,,
41263,May-15-Agenda_Global-Think-Tank-Summit.pdf,"May 15 Agenda_Global Think Tank Summit",application/pdf,41376,page,"Belt and Road Forum: 14. - 15. Mai 2017",2017,,2,4,promote,program,1,,
43516,2017_bad-soden_DE.pdf,2017_bad-soden_DE,application/pdf,43420,page,"Bad Soden • 25.- 26. November 2017",2017,,2,4,promote,report,1,,
43519,2017_bad-soden_DE.pdf,2017_bad-soden_DE,application/pdf,43333,page,"Fulfilling The Dream of Mankind",2017,,2,4,promote,report,1,,
43526,2017_bad-soden_jemen_DE.pdf,2017_bad-soden_jemen_DE,application/pdf,43420,page,"Bad Soden • 25.- 26. November 2017",2017,,2,4,promote,report,1,,
43529,2017_bad-soden_jemen_DE.pdf,2017_bad-soden_jemen_DE,application/pdf,43333,page,"Fulfilling The Dream of Mankind",2017,,2,4,promote,report,1,,
85420,carnegie-hall-leaflet-corrected-final.pdf,"carnegie hall leaflet corrected final",application/pdf,0,,,2022,,2,4,promote,report,1,,
85421,carnegie-hall-leaflet-corrected-final.pdf,"carnegie hall leaflet corrected final",application/pdf,0,,,2022,,2,4,promote,report,1,,
85422,carnegie-hall-leaflet-corrected-final.pdf,"carnegie hall leaflet corrected final",application/pdf,0,,,2022,,2,4,promote,report,1,,
85423,carnegie-hall-leaflet-corrected-final.pdf,"carnegie hall leaflet corrected final",application/pdf,0,,,2022,,2,4,promote,report,1,,
85424,carnegie-hall-leaflet-corrected-final.pdf,"carnegie hall leaflet corrected final",application/pdf,0,,,2022,,2,4,promote,report,1,,
85425,carnegie-hall-leaflet-corrected-final.pdf,"carnegie hall leaflet corrected final",application/pdf,0,,,2022,,2,4,promote,report,1,,
85426,carnegie-hall-leaflet-corrected-final.pdf,"carnegie hall leaflet corrected final",application/pdf,0,,,2022,,2,4,promote,report,1,,
85427,carnegie-hall-leaflet-corrected-final.pdf,"carnegie hall leaflet corrected final",application/pdf,0,,,2022,,2,4,promote,report,1,,
85428,carnegie-hall-leaflet-corrected-final.pdf,"carnegie hall leaflet corrected final",application/pdf,0,,,2022,,2,4,promote,report,1,,
85429,carnegie-hall-leaflet-corrected-final.pdf,"carnegie hall leaflet corrected final",application/pdf,0,,,2022,,2,4,promote,report,1,,
91063,20220908-helga-lyn-leaflet-final.pdf,"20220908 helga lyn leaflet final",application/pdf,0,,,2022,,2,4,promote,report,1,,
91064,20220908-helga-lyn-leaflet-final.pdf,"20220908 helga lyn leaflet final",application/pdf,0,,,2022,,2,4,promote,report,1,,
91065,20220908-helga-lyn-leaflet-final.pdf,"20220908 helga lyn leaflet final",application/pdf,0,,,2022,,2,4,promote,report,1,,
91066,20220908-helga-lyn-leaflet-final.pdf,"20220908 helga lyn leaflet final",application/pdf,0,,,2022,,2,4,promote,report,1,,
91067,20220908-helga-lyn-leaflet-final.pdf,"20220908 helga lyn leaflet final",application/pdf,0,,,2022,,2,4,promote,report,1,,
91068,20220908-helga-lyn-leaflet-final.pdf,"20220908 helga lyn leaflet final",application/pdf,0,,,2022,,2,4,promote,report,1,,
91069,20220908-helga-lyn-leaflet-final.pdf,"20220908 helga lyn leaflet final",application/pdf,0,,,2022,,2,4,promote,report,1,,
91070,20220908-helga-lyn-leaflet-final.pdf,"20220908 helga lyn leaflet final",application/pdf,0,,,2022,,2,4,promote,report,1,,
91071,20220908-helga-lyn-leaflet-final.pdf,"20220908 helga lyn leaflet final",application/pdf,0,,,2022,,2,4,promote,report,1,,
91072,20220908-helga-lyn-leaflet-final.pdf,"20220908 helga lyn leaflet final",application/pdf,0,,,2022,,2,4,promote,report,1,,
91075,Dossier_Schwarze_Liste-1.pdf,Dossier_Schwarze_Liste-1,application/pdf,0,,,2022,,2,4,promote,report,1,,
91076,Dossier_Schwarze_Liste-1.pdf,Dossier_Schwarze_Liste-1,application/pdf,0,,,2022,,2,4,promote,report,1,,
91077,Dossier_Schwarze_Liste-1.pdf,Dossier_Schwarze_Liste-1,application/pdf,0,,,2022,,2,4,promote,report,1,,
91078,Dossier_Schwarze_Liste-1.pdf,Dossier_Schwarze_Liste-1,application/pdf,0,,,2022,,2,4,promote,report,1,,
91079,Dossier_Schwarze_Liste-1.pdf,Dossier_Schwarze_Liste-1,application/pdf,0,,,2022,,2,4,promote,report,1,,
91080,Dossier_Schwarze_Liste-1.pdf,Dossier_Schwarze_Liste-1,application/pdf,0,,,2022,,2,4,promote,report,1,,
91081,Dossier_Schwarze_Liste-1.pdf,Dossier_Schwarze_Liste-1,application/pdf,0,,,2022,,2,4,promote,report,1,,
91082,Dossier_Schwarze_Liste-1.pdf,Dossier_Schwarze_Liste-1,application/pdf,0,,,2022,,2,4,promote,report,1,,
91083,Dossier_Schwarze_Liste-1.pdf,Dossier_Schwarze_Liste-1,application/pdf,0,,,2022,,2,4,promote,report,1,,
91084,Dossier_Schwarze_Liste-1.pdf,Dossier_Schwarze_Liste-1,application/pdf,0,,,2022,,2,4,promote,report,1,,
94811,20230207_earthquakes-lift-the-sanctions.pdf,20230207_earthquakes-lift-the-sanctions,application/pdf,94791,post,"Take this Tragedy as the Opportunity to Lift All Sanctions Against Syria",2023,,2,4,promote,report,1,,
94815,20230207_earthquakes-lift-the-sanctions.pdf,20230207_earthquakes-lift-the-sanctions,application/pdf,94822,post,"Diese Tragödie als Chance nutzen, alle Sanktionen gegen Syrien aufzuheben",2023,,2,4,promote,report,1,,
98811,20230905-argentina-program.pdf,20230905-argentina-program,application/pdf,0,,,2023,,2,4,promote,program,1,,
98812,20230905-argentina-program.pdf,20230905-argentina-program,application/pdf,0,,,2023,,2,4,promote,program,1,,
98813,20230905-argentina-program.pdf,20230905-argentina-program,application/pdf,0,,,2023,,2,4,promote,program,1,,
98815,20230905-argentina-program.pdf,20230905-argentina-program,application/pdf,0,,,2023,,2,4,promote,program,1,,
98816,20230905-argentina-program.pdf,20230905-argentina-program,application/pdf,0,,,2023,,2,4,promote,program,1,,
98817,20230905-argentina-program.pdf,20230905-argentina-program,application/pdf,0,,,2023,,2,4,promote,program,1,,
98818,20230905-argentina-program.pdf,20230905-argentina-program,application/pdf,0,,,2023,,2,4,promote,program,1,,
98819,20230905-argentina-program.pdf,20230905-argentina-program,application/pdf,0,,,2023,,2,4,promote,program,1,,
100262,Retooling-tables-leafletedited.pdf,Retooling-tables-leafletedited,application/pdf,0,,,2024,,2,4,promote,report,1,,
100263,Retooling-tables-leafletedited.pdf,Retooling-tables-leafletedited,application/pdf,0,,,2024,,2,4,promote,report,1,,
100264,Retooling-tables-leafletedited.pdf,Retooling-tables-leafletedited,application/pdf,0,,,2024,,2,4,promote,report,1,,
100266,Retooling-tables-leafletedited.pdf,Retooling-tables-leafletedited,application/pdf,0,,,2024,,2,4,promote,report,1,,
100267,Retooling-tables-leafletedited.pdf,Retooling-tables-leafletedited,application/pdf,0,,,2024,,2,4,promote,report,1,,
100268,Retooling-tables-leafletedited.pdf,Retooling-tables-leafletedited,application/pdf,0,,,2024,,2,4,promote,report,1,,
100269,Retooling-tables-leafletedited.pdf,Retooling-tables-leafletedited,application/pdf,0,,,2024,,2,4,promote,report,1,,
100270,Retooling-tables-leafletedited.pdf,Retooling-tables-leafletedited,application/pdf,0,,,2024,,2,4,promote,report,1,,
104831,Slides-Talk-in-Germany-on-Early-Warning-Threat-to-Russia-on-Firestorms-and-Fallout-from-Russian-Tactical-Nuclear-Attacks-in-Germany_October-2-2024_01_.pdf,Slides-Talk-in-Germany-on-Early-Warning-Threat-to-Russia-on-Firestorms-and-Fallout-from-Russian-Tactical-Nuclear-Attacks-in-Germany_October-2-2024_01_,application/pdf,104830,post,"Another Step Closer to Nuclear Armageddon — Germany Needs a New Security Architecture",2024,,3,4,promote,report,1,,
105546,20241125_SI_development_drive-corrected.pdf,20241125_SI_development_drive-corrected,application/pdf,0,,,2024,,4,4,promote,report,1,,
105547,20241125_SI_development_drive-corrected.pdf,20241125_SI_development_drive-corrected,application/pdf,0,,,2024,,4,4,promote,report,1,,
105548,20241125_SI_development_drive-corrected.pdf,20241125_SI_development_drive-corrected,application/pdf,0,,,2024,,4,4,promote,report,1,,
105550,20241125_SI_development_drive-corrected.pdf,20241125_SI_development_drive-corrected,application/pdf,0,,,2024,,4,4,promote,report,1,,
105551,20241125_SI_development_drive-corrected.pdf,20241125_SI_development_drive-corrected,application/pdf,0,,,2024,,4,4,promote,report,1,,
105552,20241125_SI_development_drive-corrected.pdf,20241125_SI_development_drive-corrected,application/pdf,0,,,2024,,4,4,promote,report,1,,
105553,20241125_SI_development_drive-corrected.pdf,20241125_SI_development_drive-corrected,application/pdf,0,,,2024,,4,4,promote,report,1,,
105554,20241125_SI_development_drive-corrected.pdf,20241125_SI_development_drive-corrected,application/pdf,0,,,2024,,4,4,promote,report,1,,
107755,202502_dossier_Plan_Oasis_english_final-1.pdf,202502_dossier_Plan_Oasis_english_final,application/pdf,107685,page,"The Oasis Plan - The LaRouche Solution for Southwest Asia",2025,,0,4,promote,report,1,,
107766,202502_dossier_Plan_Oasis_english_final-2.pdf,202502_dossier_Plan_Oasis_english_final,application/pdf,0,,,2025,,2,4,promote,report,1,,
107767,202502_dossier_Plan_Oasis_english_final-2.pdf,202502_dossier_Plan_Oasis_english_final,application/pdf,0,,,2025,,2,4,promote,report,1,,
107768,202502_dossier_Plan_Oasis_english_final-2.pdf,202502_dossier_Plan_Oasis_english_final,application/pdf,0,,,2025,,2,4,promote,report,1,,
107769,202502_dossier_Plan_Oasis_english_final-2.pdf,202502_dossier_Plan_Oasis_english_final,application/pdf,0,,,2025,,2,4,promote,report,1,,
107770,202502_dossier_Plan_Oasis_english_final-2.pdf,202502_dossier_Plan_Oasis_english_final,application/pdf,0,,,2025,,2,4,promote,report,1,,
107771,202502_dossier_Plan_Oasis_english_final-2.pdf,202502_dossier_Plan_Oasis_english_final,application/pdf,0,,,2025,,2,4,promote,report,1,,
107772,202502_dossier_Plan_Oasis_english_final-2.pdf,202502_dossier_Plan_Oasis_english_final,application/pdf,0,,,2025,,2,4,promote,report,1,,
107773,202502_dossier_Plan_Oasis_english_final-2.pdf,202502_dossier_Plan_Oasis_english_final,application/pdf,0,,,2025,,2,4,promote,report,1,,
107774,202502_dossier_Plan_Oasis_english_final-2.pdf,202502_dossier_Plan_Oasis_english_final,application/pdf,0,,,2025,,2,4,promote,report,1,,
115372,IPC-145-March-13-2026.pdf,"IPC #145 March 13 2026",application/pdf,115336,post,"Transcript: International Peace Coalition Meeting #145",2026,,3,4,promote,report,1,,
4708,si_brochure-20140218-web.pdf,si_brochure-20140218-web,application/pdf,0,,,2014,,6,3,promote,report,1,,
4709,si_brochure-20140218-web.pdf,si_brochure-20140218-web,application/pdf,0,,,2014,,6,3,promote,report,1,,
4710,si_brochure-20140218-web.pdf,si_brochure-20140218-web,application/pdf,0,,,2014,,6,3,promote,report,1,,
4711,si_brochure-20140218-web.pdf,si_brochure-20140218-web,application/pdf,0,,,2014,,6,3,promote,report,1,,
4712,si_brochure-20140218-web.pdf,si_brochure-20140218-web,application/pdf,0,,,2014,,6,3,promote,report,1,,
4713,si_brochure-20140218-web.pdf,si_brochure-20140218-web,application/pdf,0,,,2014,,6,3,promote,report,1,,
4714,si_brochure-20140218-web.pdf,si_brochure-20140218-web,application/pdf,0,,,2014,,6,3,promote,report,1,,
4715,si_brochure-20140218-web.pdf,si_brochure-20140218-web,application/pdf,0,,,2014,,6,3,promote,report,1,,
20107,20141018_conf_program_revised.pdf,20141018_conf_program_revised,application/pdf,0,,,2014,,0,3,promote,program,1,,
20109,20141018_conf_program_revised.pdf,20141018_conf_program_revised,application/pdf,0,,,2014,,0,3,promote,program,1,,
20110,20141018_conf_program_revised.pdf,20141018_conf_program_revised,application/pdf,0,,,2014,,0,3,promote,program,1,,
20111,20141018_conf_program_revised.pdf,20141018_conf_program_revised,application/pdf,0,,,2014,,0,3,promote,program,1,,
20112,20141018_conf_program_revised.pdf,20141018_conf_program_revised,application/pdf,0,,,2014,,0,3,promote,program,1,,
23208,20141124_resolution_brics_SI.pdf,20141124_resolution_brics_SI,application/pdf,0,,,2014,,0,3,promote,memorandum,1,,
23209,20141124_resolution_brics_SI.pdf,20141124_resolution_brics_SI,application/pdf,0,,,2014,,0,3,promote,memorandum,1,,
23211,20141124_resolution_brics_SI.pdf,20141124_resolution_brics_SI,application/pdf,0,,,2014,,0,3,promote,memorandum,1,,
23212,20141124_resolution_brics_SI.pdf,20141124_resolution_brics_SI,application/pdf,0,,,2014,,0,3,promote,memorandum,1,,
23213,20141124_resolution_brics_SI.pdf,20141124_resolution_brics_SI,application/pdf,0,,,2014,,0,3,promote,memorandum,1,,
23214,20141124_resolution_brics_SI.pdf,20141124_resolution_brics_SI,application/pdf,0,,,2014,,0,3,promote,memorandum,1,,
31545,20141124_resolution_brics_SI.pdf,20141124_resolution_brics_SI,application/pdf,0,,,2014,,0,3,promote,memorandum,1,,
23270,20141124_resolution_brics_SI_revised.pdf,20141124_resolution_brics_SI_revised,application/pdf,0,,,2014,,0,3,promote,memorandum,1,,
23271,20141124_resolution_brics_SI_revised.pdf,20141124_resolution_brics_SI_revised,application/pdf,0,,,2014,,0,3,promote,memorandum,1,,
23273,20141124_resolution_brics_SI_revised.pdf,20141124_resolution_brics_SI_revised,application/pdf,0,,,2014,,0,3,promote,memorandum,1,,
23274,20141124_resolution_brics_SI_revised.pdf,20141124_resolution_brics_SI_revised,application/pdf,0,,,2014,,0,3,promote,memorandum,1,,
23275,20141124_resolution_brics_SI_revised.pdf,20141124_resolution_brics_SI_revised,application/pdf,0,,,2014,,0,3,promote,memorandum,1,,
23276,20141124_resolution_brics_SI_revised.pdf,20141124_resolution_brics_SI_revised,application/pdf,0,,,2014,,0,3,promote,memorandum,1,,
31546,20141124_resolution_brics_SI_revised.pdf,20141124_resolution_brics_SI_revised,application/pdf,0,,,2014,,0,3,promote,memorandum,1,,
23507,20141124_resolution_brics_SI_FINAL.pdf,20141124_resolution_brics_SI_FINAL,application/pdf,0,,,2014,,0,3,promote,memorandum,1,,
23508,20141124_resolution_brics_SI_FINAL.pdf,20141124_resolution_brics_SI_FINAL,application/pdf,0,,,2014,,0,3,promote,memorandum,1,,
23510,20141124_resolution_brics_SI_FINAL.pdf,20141124_resolution_brics_SI_FINAL,application/pdf,0,,,2014,,0,3,promote,memorandum,1,,
23511,20141124_resolution_brics_SI_FINAL.pdf,20141124_resolution_brics_SI_FINAL,application/pdf,0,,,2014,,0,3,promote,memorandum,1,,
23512,20141124_resolution_brics_SI_FINAL.pdf,20141124_resolution_brics_SI_FINAL,application/pdf,0,,,2014,,0,3,promote,memorandum,1,,
23513,20141124_resolution_brics_SI_FINAL.pdf,20141124_resolution_brics_SI_FINAL,application/pdf,0,,,2014,,0,3,promote,memorandum,1,,
31547,20141124_resolution_brics_SI_FINAL.pdf,20141124_resolution_brics_SI_FINAL,application/pdf,0,,,2014,,0,3,promote,memorandum,1,,
32092,20141124_resolution_brics_SI__EN.pdf,20141124_resolution_brics_SI__EN,application/pdf,0,,,2015,,0,3,promote,memorandum,1,,
32093,20141124_resolution_brics_SI__EN.pdf,20141124_resolution_brics_SI__EN,application/pdf,0,,,2015,,0,3,promote,memorandum,1,,
32095,20141124_resolution_brics_SI__EN.pdf,20141124_resolution_brics_SI__EN,application/pdf,0,,,2015,,0,3,promote,memorandum,1,,
32097,20141124_resolution_brics_SI__EN.pdf,20141124_resolution_brics_SI__EN,application/pdf,0,,,2015,,0,3,promote,memorandum,1,,
32098,20141124_resolution_brics_SI__EN.pdf,20141124_resolution_brics_SI__EN,application/pdf,0,,,2015,,0,3,promote,memorandum,1,,
32099,20141124_resolution_brics_SI__EN.pdf,20141124_resolution_brics_SI__EN,application/pdf,0,,,2015,,0,3,promote,memorandum,1,,
32100,20141124_resolution_brics_SI__EN.pdf,20141124_resolution_brics_SI__EN,application/pdf,0,,,2015,,0,3,promote,memorandum,1,,
32263,20150829_hzl_un-last-chance_SI.pdf,20150829_hzl_un-last-chance_SI,application/pdf,864,page,Home,2015,,0,3,promote,report,1,,
32264,20150829_hzl_un-last-chance_SI.pdf,20150829_hzl_un-last-chance_SI,application/pdf,30979,page,首页,2015,,0,3,promote,report,1,,
32265,20150829_hzl_un-last-chance_SI.pdf,20150829_hzl_un-last-chance_SI,application/pdf,1256,page,Accueil,2015,,0,3,promote,report,1,,
32266,20150829_hzl_un-last-chance_SI.pdf,20150829_hzl_un-last-chance_SI,application/pdf,1244,page,Start,2015,,0,3,promote,report,1,,
32267,20150829_hzl_un-last-chance_SI.pdf,20150829_hzl_un-last-chance_SI,application/pdf,25797,page,Home,2015,,0,3,promote,report,1,,
32268,20150829_hzl_un-last-chance_SI.pdf,20150829_hzl_un-last-chance_SI,application/pdf,1801,page,Главная,2015,,0,3,promote,report,1,,
32269,20150829_hzl_un-last-chance_SI.pdf,20150829_hzl_un-last-chance_SI,application/pdf,2194,page,Inicio,2015,,0,3,promote,report,1,,
32274,20150829_hzl_un-letzte-chance_SI.pdf,20150829_hzl_un-letzte-chance_SI,application/pdf,1244,page,Start,2015,,0,3,promote,report,1,,
32275,20150829_hzl_un-letzte-chance_SI.pdf,20150829_hzl_un-letzte-chance_SI,application/pdf,30979,page,首页,2015,,0,3,promote,report,1,,
32276,20150829_hzl_un-letzte-chance_SI.pdf,20150829_hzl_un-letzte-chance_SI,application/pdf,864,page,Home,2015,,0,3,promote,report,1,,
32277,20150829_hzl_un-letzte-chance_SI.pdf,20150829_hzl_un-letzte-chance_SI,application/pdf,1256,page,Accueil,2015,,0,3,promote,report,1,,
32278,20150829_hzl_un-letzte-chance_SI.pdf,20150829_hzl_un-letzte-chance_SI,application/pdf,25797,page,Home,2015,,0,3,promote,report,1,,
32279,20150829_hzl_un-letzte-chance_SI.pdf,20150829_hzl_un-letzte-chance_SI,application/pdf,1801,page,Главная,2015,,0,3,promote,report,1,,
32280,20150829_hzl_un-letzte-chance_SI.pdf,20150829_hzl_un-letzte-chance_SI,application/pdf,2194,page,Inicio,2015,,0,3,promote,report,1,,
32744,20151106_aufruf-paris-cop21_SI.pdf,20151106_aufruf-paris-cop21_SI,application/pdf,1244,page,Start,2015,,0,3,promote,report,1,,
32745,20151106_aufruf-paris-cop21_SI.pdf,20151106_aufruf-paris-cop21_SI,application/pdf,30979,page,首页,2015,,0,3,promote,report,1,,
32746,20151106_aufruf-paris-cop21_SI.pdf,20151106_aufruf-paris-cop21_SI,application/pdf,864,page,Home,2015,,0,3,promote,report,1,,
32747,20151106_aufruf-paris-cop21_SI.pdf,20151106_aufruf-paris-cop21_SI,application/pdf,1256,page,Accueil,2015,,0,3,promote,report,1,,
32748,20151106_aufruf-paris-cop21_SI.pdf,20151106_aufruf-paris-cop21_SI,application/pdf,25797,page,Home,2015,,0,3,promote,report,1,,
32749,20151106_aufruf-paris-cop21_SI.pdf,20151106_aufruf-paris-cop21_SI,application/pdf,1801,page,Главная,2015,,0,3,promote,report,1,,
32750,20151106_aufruf-paris-cop21_SI.pdf,20151106_aufruf-paris-cop21_SI,application/pdf,2194,page,Inicio,2015,,0,3,promote,report,1,,
33003,20160213-HZL-newyears-CHINESE.pdf,20160213-HZL-newyears-CHINESE,application/pdf,30979,page,首页,2016,,1,3,promote,report,1,,
33004,20160213-HZL-newyears-CHINESE.pdf,20160213-HZL-newyears-CHINESE,application/pdf,864,page,Home,2016,,1,3,promote,report,1,,
33005,20160213-HZL-newyears-CHINESE.pdf,20160213-HZL-newyears-CHINESE,application/pdf,1256,page,Accueil,2016,,1,3,promote,report,1,,
33006,20160213-HZL-newyears-CHINESE.pdf,20160213-HZL-newyears-CHINESE,application/pdf,1244,page,Start,2016,,1,3,promote,report,1,,
33007,20160213-HZL-newyears-CHINESE.pdf,20160213-HZL-newyears-CHINESE,application/pdf,25797,page,Home,2016,,1,3,promote,report,1,,
33008,20160213-HZL-newyears-CHINESE.pdf,20160213-HZL-newyears-CHINESE,application/pdf,1801,page,Главная,2016,,1,3,promote,report,1,,
33009,20160213-HZL-newyears-CHINESE.pdf,20160213-HZL-newyears-CHINESE,application/pdf,2194,page,Inicio,2016,,1,3,promote,report,1,,
37311,Schiller-Sept-10-conf-Program-content-.pdf,schiller-sept-10-conf-program-content,application/pdf,0,,,2016,,1,3,promote,program,1,,
37312,Schiller-Sept-10-conf-Program-content-.pdf,schiller-sept-10-conf-program-content,application/pdf,0,,,2016,,1,3,promote,program,1,,
37313,Schiller-Sept-10-conf-Program-content-.pdf,schiller-sept-10-conf-program-content,application/pdf,0,,,2016,,1,3,promote,program,1,,
41034,20170407-New-Silk-Road-NYU-program.pdf,"20170407 New Silk Road NYU - program",application/pdf,0,,,2017,,1,3,promote,program,1,,
41035,20170407-New-Silk-Road-NYU-program.pdf,"20170407 New Silk Road NYU - program",application/pdf,0,,,2017,,1,3,promote,program,1,,
41036,20170407-New-Silk-Road-NYU-program.pdf,"20170407 New Silk Road NYU - program",application/pdf,0,,,2017,,1,3,promote,program,1,,
41037,20170407-New-Silk-Road-NYU-program.pdf,"20170407 New Silk Road NYU - program",application/pdf,0,,,2017,,1,3,promote,program,1,,
41038,20170407-New-Silk-Road-NYU-program.pdf,"20170407 New Silk Road NYU - program",application/pdf,0,,,2017,,1,3,promote,program,1,,
41039,20170407-New-Silk-Road-NYU-program.pdf,"20170407 New Silk Road NYU - program",application/pdf,0,,,2017,,1,3,promote,program,1,,
41040,20170407-New-Silk-Road-NYU-program.pdf,"20170407 New Silk Road NYU - program",application/pdf,0,,,2017,,1,3,promote,program,1,,
41041,20170407-New-Silk-Road-NYU-program.pdf,"20170407 New Silk Road NYU - program",application/pdf,0,,,2017,,1,3,promote,program,1,,
41042,20170407-New-Silk-Road-NYU-program.pdf,"20170407 New Silk Road NYU - program",application/pdf,0,,,2017,,1,3,promote,program,1,,
43383,konf-pgm_2017_en-2.pdf,konf-pgm_2017_en-2,application/pdf,43333,page,"Fulfilling The Dream of Mankind",2017,,1,3,promote,report,1,,
43387,konf-pgm_2017_en-2.pdf,konf-pgm_2017_en-2,application/pdf,43420,page,"Bad Soden • 25.- 26. November 2017",2017,,1,3,promote,report,1,,
43488,2017_bad-soden_EN.pdf,2017_bad-soden_EN,application/pdf,43333,page,"Fulfilling The Dream of Mankind",2017,,1,3,promote,report,1,,
43492,2017_bad-soden_EN.pdf,2017_bad-soden_EN,application/pdf,43420,page,"Bad Soden • 25.- 26. November 2017",2017,,1,3,promote,report,1,,
43498,2017_bad-soden_yemen_EN.pdf,2017_bad-soden_yemen_EN,application/pdf,43333,page,"Fulfilling The Dream of Mankind",2017,,1,3,promote,report,1,,
43502,2017_bad-soden_yemen_EN.pdf,2017_bad-soden_yemen_EN,application/pdf,43420,page,"Bad Soden • 25.- 26. November 2017",2017,,1,3,promote,report,1,,
44041,konf-pgm_2017_de-2.pdf.pdf,konf-pgm_2017_de-2.pdf,application/pdf,43420,page,"Bad Soden • 25.- 26. November 2017",2017,,1,3,promote,report,1,,
44044,konf-pgm_2017_de-2.pdf.pdf,konf-pgm_2017_de-2.pdf,application/pdf,43333,page,"Fulfilling The Dream of Mankind",2017,,1,3,promote,report,1,,
55843,Rehabilitierung-email.pdf,Rehabilitierung-email,application/pdf,55842,post,"Gebt Amerika seine Seele zurück: Rehabilitiert Lyndon LaRouche!",2019,,2,3,promote,report,1,,
62269,panel-2-clarification.pdf,panel-2-clarification,application/pdf,61582,post,"Conference: War Drive Towards Armageddon — Or a New Paradigm Among Sovereign Nations United by the Common Aims of Mankind?",2020,,2,3,promote,report,1,,
62273,panel-2-clarification.pdf,panel-2-clarification,application/pdf,61731,post,"Internet-Konferenz: Kriegstreiberei bis zum Armageddon oder ein neues Paradigma souveräner Nationen, geeint durch die gemeinsamen Ziele der Menschheit?",2020,,2,3,promote,report,1,,
69764,Offener-Brief-an-das-Klimakabinett-der-Bundesregierung.pdf,Offener-Brief-an-das-Klimakabinett-der-Bundesregierung,application/pdf,69762,page,"""Grün"" bedeutet Tod - Es gibt keine Grenzen des Wachstums",2021,,1,3,promote,report,1,,
69815,Stellungnahme-zur-Terra-X-Sendung-vom-18.10.2020.pdf,"Stellungnahme zur Terra-X Sendung vom 18.10.2020",application/pdf,69762,page,"""Grün"" bedeutet Tod - Es gibt keine Grenzen des Wachstums",2021,,1,3,promote,report,1,,
79755,20190608-memorial-program-updated.pdf,"20190608 memorial program-updated",application/pdf,0,,,2021,,1,3,promote,program,1,,
79756,20190608-memorial-program-updated.pdf,"20190608 memorial program-updated",application/pdf,0,,,2021,,1,3,promote,program,1,,
79757,20190608-memorial-program-updated.pdf,"20190608 memorial program-updated",application/pdf,0,,,2021,,1,3,promote,program,1,,
79758,20190608-memorial-program-updated.pdf,"20190608 memorial program-updated",application/pdf,0,,,2021,,1,3,promote,program,1,,
79759,20190608-memorial-program-updated.pdf,"20190608 memorial program-updated",application/pdf,0,,,2021,,1,3,promote,program,1,,
79760,20190608-memorial-program-updated.pdf,"20190608 memorial program-updated",application/pdf,0,,,2021,,1,3,promote,program,1,,
79761,20190608-memorial-program-updated.pdf,"20190608 memorial program-updated",application/pdf,0,,,2021,,1,3,promote,program,1,,
79762,20190608-memorial-program-updated.pdf,"20190608 memorial program-updated",application/pdf,0,,,2021,,1,3,promote,program,1,,
79763,20190608-memorial-program-updated.pdf,"20190608 memorial program-updated",application/pdf,0,,,2021,,1,3,promote,program,1,,
79764,20190608-memorial-program-updated.pdf,"20190608 memorial program-updated",application/pdf,0,,,2021,,1,3,promote,program,1,,
82212,20211120_berkhout-call-to-youth.pdf,20211120_berkhout-call-to-youth,application/pdf,0,,,2021,,2,3,promote,report,1,,
82213,20211120_berkhout-call-to-youth.pdf,20211120_berkhout-call-to-youth,application/pdf,0,,,2021,,2,3,promote,report,1,,
82214,20211120_berkhout-call-to-youth.pdf,20211120_berkhout-call-to-youth,application/pdf,0,,,2021,,2,3,promote,report,1,,
82215,20211120_berkhout-call-to-youth.pdf,20211120_berkhout-call-to-youth,application/pdf,0,,,2021,,2,3,promote,report,1,,
82216,20211120_berkhout-call-to-youth.pdf,20211120_berkhout-call-to-youth,application/pdf,0,,,2021,,2,3,promote,report,1,,
82217,20211120_berkhout-call-to-youth.pdf,20211120_berkhout-call-to-youth,application/pdf,0,,,2021,,2,3,promote,report,1,,
82218,20211120_berkhout-call-to-youth.pdf,20211120_berkhout-call-to-youth,application/pdf,0,,,2021,,2,3,promote,report,1,,
82219,20211120_berkhout-call-to-youth.pdf,20211120_berkhout-call-to-youth,application/pdf,0,,,2021,,2,3,promote,report,1,,
82220,20211120_berkhout-call-to-youth.pdf,20211120_berkhout-call-to-youth,application/pdf,0,,,2021,,2,3,promote,report,1,,
82221,20211120_berkhout-call-to-youth.pdf,20211120_berkhout-call-to-youth,application/pdf,0,,,2021,,2,3,promote,report,1,,
82626,Fitzgerald_Lorentz-.pdf,Fitzgerald_Lorentz,application/pdf,77988,page,"Shakespeare In Exile",2021,,1,3,promote,report,1,,
83512,Leonore-Fall-2021_preview.pdf,Leonore-Fall-2021_preview,application/pdf,0,,,2022,,4,3,promote,report,1,,
83513,Leonore-Fall-2021_preview.pdf,Leonore-Fall-2021_preview,application/pdf,0,,,2022,,4,3,promote,report,1,,
83514,Leonore-Fall-2021_preview.pdf,Leonore-Fall-2021_preview,application/pdf,0,,,2022,,4,3,promote,report,1,,
83515,Leonore-Fall-2021_preview.pdf,Leonore-Fall-2021_preview,application/pdf,0,,,2022,,4,3,promote,report,1,,
83516,Leonore-Fall-2021_preview.pdf,Leonore-Fall-2021_preview,application/pdf,0,,,2022,,4,3,promote,report,1,,
83517,Leonore-Fall-2021_preview.pdf,Leonore-Fall-2021_preview,application/pdf,0,,,2022,,4,3,promote,report,1,,
83518,Leonore-Fall-2021_preview.pdf,Leonore-Fall-2021_preview,application/pdf,0,,,2022,,4,3,promote,report,1,,
83519,Leonore-Fall-2021_preview.pdf,Leonore-Fall-2021_preview,application/pdf,0,,,2022,,4,3,promote,report,1,,
83520,Leonore-Fall-2021_preview.pdf,Leonore-Fall-2021_preview,application/pdf,0,,,2022,,4,3,promote,report,1,,
85289,Petition-for-new-security-architecture-conference.pdf,Petition-for-new-security-architecture-conference,application/pdf,85224,si_statement,"PETITION: Convoke an International Conference to Establish A New Security and Development Architecture for All Nations",2022,,0,3,promote,memorandum,1,,
85293,Petition-for-new-security-architecture-conference.pdf,Petition-for-new-security-architecture-conference,application/pdf,85261,si_statement,"Petition: Für eine internationale Konferenz zur Schaffung einer neuen Sicherheits- und Entwicklungsarchitektur für alle Nationen!",2022,,0,3,promote,memorandum,1,,
93540,20221212-one-step-nuclear-annihilation-dona-nobis.pdf,20221212-one-step-nuclear-annihilation-dona-nobis,application/pdf,93487,post,"One Step Away From the Nuclear Annihilation of Mankind!",2022,,2,3,promote,report,1,,
93544,20221212-one-step-nuclear-annihilation-dona-nobis.pdf,20221212-one-step-nuclear-annihilation-dona-nobis,application/pdf,93530,post,"Ein Schritt weg von der nuklearen Vernichtung der Menschheit!",2022,,2,3,promote,report,1,,
94812,20230207_earthquakes-lift-the-sanctions.pdf,20230207_earthquakes-lift-the-sanctions,application/pdf,0,,,2023,,2,3,promote,report,1,,
94813,20230207_earthquakes-lift-the-sanctions.pdf,20230207_earthquakes-lift-the-sanctions,application/pdf,0,,,2023,,2,3,promote,report,1,,
94814,20230207_earthquakes-lift-the-sanctions.pdf,20230207_earthquakes-lift-the-sanctions,application/pdf,0,,,2023,,2,3,promote,report,1,,
94816,20230207_earthquakes-lift-the-sanctions.pdf,20230207_earthquakes-lift-the-sanctions,application/pdf,0,,,2023,,2,3,promote,report,1,,
94817,20230207_earthquakes-lift-the-sanctions.pdf,20230207_earthquakes-lift-the-sanctions,application/pdf,0,,,2023,,2,3,promote,report,1,,
94818,20230207_earthquakes-lift-the-sanctions.pdf,20230207_earthquakes-lift-the-sanctions,application/pdf,0,,,2023,,2,3,promote,report,1,,
94819,20230207_earthquakes-lift-the-sanctions.pdf,20230207_earthquakes-lift-the-sanctions,application/pdf,0,,,2023,,2,3,promote,report,1,,
94820,20230207_earthquakes-lift-the-sanctions.pdf,20230207_earthquakes-lift-the-sanctions,application/pdf,0,,,2023,,2,3,promote,report,1,,
95470,20230219-rally-leaflet-v4.pdf,20230219-rally-leaflet-v4,application/pdf,95453,si_statement,"The Age of Reason or the Annihilation of Humanity?",2023,,0,3,promote,report,1,,
95474,20230219-rally-leaflet-v4.pdf,20230219-rally-leaflet-v4,application/pdf,95456,si_statement,"Das Zeitalter der Vernunft oder die Auslöschung der Menschheit?",2023,,0,3,promote,report,1,,
98122,REVISED-Press-Release-Black-and-White-take-2.pdf,REVISED-Press-Release-Black-and-White-take-2,application/pdf,97820,post,"Press Release: Humanity For Peace Aug. 6 International Demonstrations",2023,,2,3,promote,report,1,,
98126,REVISED-Press-Release-Black-and-White-take-2.pdf,REVISED-Press-Release-Black-and-White-take-2,application/pdf,98136,post,"Pressemitteilung: Menschheit für Frieden internationale Kundgebungen am 6. August",2023,,2,3,promote,report,1,,
100102,HZL-Christmas-Msg-1.pdf,HZL-Christmas-Msg-1,application/pdf,100068,post,"Christmas Message from Helga Zepp-LaRouche: Turn Swords into Plowshares!",2023,,2,3,promote,report,1,,
100178,Retooling-tables-leaflet2_0.pdf,Retooling-tables-leaflet2_0,application/pdf,100116,post,"The Military-Financial Complex Is Bloated on Blood Money from Wars",2023,,0,3,promote,report,1,,
100182,Retooling-tables-leaflet2_0.pdf,Retooling-tables-leaflet2_0,application/pdf,100206,post,"Der Militärisch-Finanzielle Komplex wird durch Blutgeld aus Kriegen aufgebläht",2023,,0,3,promote,report,1,,
100541,20240130-ICJ-arc-of-universe.pdf,20240130-ICJ-arc-of-universe,application/pdf,100540,post,"International Court of Justice Mandates: The Arc of the Moral Universe Bends Towards Justice!",2024,,2,3,promote,report,1,,
100662,200240204-knew-or-should-have-known-corrected.pdf,200240204-knew-or-should-have-known-corrected,application/pdf,100586,post,"“Knew or Should Have Known”: Governments Complicit in Genocide Will Not Be Able to Plead Ignorance at the Coming Nuremberg Tribunal",2024,,2,3,promote,report,1,,
101183,ConRobles_letter_small_240313_182238.pdf,ConRobles_letter_small_240313_182238,application/pdf,0,,,2024,,3,3,promote,report,1,,
101184,ConRobles_letter_small_240313_182238.pdf,ConRobles_letter_small_240313_182238,application/pdf,0,,,2024,,3,3,promote,report,1,,
101185,ConRobles_letter_small_240313_182238.pdf,ConRobles_letter_small_240313_182238,application/pdf,0,,,2024,,3,3,promote,report,1,,
101186,ConRobles_letter_small_240313_182238.pdf,ConRobles_letter_small_240313_182238,application/pdf,0,,,2024,,3,3,promote,report,1,,
101187,ConRobles_letter_small_240313_182238.pdf,ConRobles_letter_small_240313_182238,application/pdf,0,,,2024,,3,3,promote,report,1,,
101188,ConRobles_letter_small_240313_182238.pdf,ConRobles_letter_small_240313_182238,application/pdf,0,,,2024,,3,3,promote,report,1,,
101189,ConRobles_letter_small_240313_182238.pdf,ConRobles_letter_small_240313_182238,application/pdf,0,,,2024,,3,3,promote,report,1,,
101190,ConRobles_letter_small_240313_182238.pdf,ConRobles_letter_small_240313_182238,application/pdf,0,,,2024,,3,3,promote,report,1,,
101191,ConRobles_letter_small_240313_182238.pdf,ConRobles_letter_small_240313_182238,application/pdf,0,,,2024,,3,3,promote,report,1,,
101192,ConRobles_letter_small_240313_182238.pdf,ConRobles_letter_small_240313_182238,application/pdf,0,,,2024,,3,3,promote,report,1,,
101376,20240324-outcry.pdf,20240324-outcry,application/pdf,101359,post,"Our Outcry Must Not Come Too Late!",2024,,2,3,promote,report,1,,
101380,20240324-outcry.pdf,20240324-outcry,application/pdf,101372,post,"Unser Aufschrei darf nicht zu spät kommen!",2024,,2,3,promote,report,1,,
104338,Matlock-interview-pre-release.pdf,Matlock-interview-pre-release,application/pdf,104316,post,"Interview: Jack Matlock, ""To Save Mankind, Come Back to Diplomacy""",2024,,2,3,promote,report,1,,
104342,Matlock-interview-pre-release.pdf,Matlock-interview-pre-release,application/pdf,104515,post,"Interview mit Botschafter a.D. Jack Matlock: „Um die Menschheit zu retten, müssen wir zur Diplomatie zurückkehren“",2024,,2,3,promote,report,1,,
104832,Slides-Talk-in-Germany-on-Early-Warning-Threat-to-Russia-on-Firestorms-and-Fallout-from-Russian-Tactical-Nuclear-Attacks-in-Germany_October-2-2024_01_.pdf,Slides-Talk-in-Germany-on-Early-Warning-Threat-to-Russia-on-Firestorms-and-Fallout-from-Russian-Tactical-Nuclear-Attacks-in-Germany_October-2-2024_01_,application/pdf,0,,,2024,,3,3,promote,report,1,,
104833,Slides-Talk-in-Germany-on-Early-Warning-Threat-to-Russia-on-Firestorms-and-Fallout-from-Russian-Tactical-Nuclear-Attacks-in-Germany_October-2-2024_01_.pdf,Slides-Talk-in-Germany-on-Early-Warning-Threat-to-Russia-on-Firestorms-and-Fallout-from-Russian-Tactical-Nuclear-Attacks-in-Germany_October-2-2024_01_,application/pdf,0,,,2024,,3,3,promote,report,1,,
104834,Slides-Talk-in-Germany-on-Early-Warning-Threat-to-Russia-on-Firestorms-and-Fallout-from-Russian-Tactical-Nuclear-Attacks-in-Germany_October-2-2024_01_.pdf,Slides-Talk-in-Germany-on-Early-Warning-Threat-to-Russia-on-Firestorms-and-Fallout-from-Russian-Tactical-Nuclear-Attacks-in-Germany_October-2-2024_01_,application/pdf,0,,,2024,,3,3,promote,report,1,,
104835,Slides-Talk-in-Germany-on-Early-Warning-Threat-to-Russia-on-Firestorms-and-Fallout-from-Russian-Tactical-Nuclear-Attacks-in-Germany_October-2-2024_01_.pdf,Slides-Talk-in-Germany-on-Early-Warning-Threat-to-Russia-on-Firestorms-and-Fallout-from-Russian-Tactical-Nuclear-Attacks-in-Germany_October-2-2024_01_,application/pdf,0,,,2024,,3,3,promote,report,1,,
104836,Slides-Talk-in-Germany-on-Early-Warning-Threat-to-Russia-on-Firestorms-and-Fallout-from-Russian-Tactical-Nuclear-Attacks-in-Germany_October-2-2024_01_.pdf,Slides-Talk-in-Germany-on-Early-Warning-Threat-to-Russia-on-Firestorms-and-Fallout-from-Russian-Tactical-Nuclear-Attacks-in-Germany_October-2-2024_01_,application/pdf,0,,,2024,,3,3,promote,report,1,,
104837,Slides-Talk-in-Germany-on-Early-Warning-Threat-to-Russia-on-Firestorms-and-Fallout-from-Russian-Tactical-Nuclear-Attacks-in-Germany_October-2-2024_01_.pdf,Slides-Talk-in-Germany-on-Early-Warning-Threat-to-Russia-on-Firestorms-and-Fallout-from-Russian-Tactical-Nuclear-Attacks-in-Germany_October-2-2024_01_,application/pdf,0,,,2024,,3,3,promote,report,1,,
104838,Slides-Talk-in-Germany-on-Early-Warning-Threat-to-Russia-on-Firestorms-and-Fallout-from-Russian-Tactical-Nuclear-Attacks-in-Germany_October-2-2024_01_.pdf,Slides-Talk-in-Germany-on-Early-Warning-Threat-to-Russia-on-Firestorms-and-Fallout-from-Russian-Tactical-Nuclear-Attacks-in-Germany_October-2-2024_01_,application/pdf,0,,,2024,,3,3,promote,report,1,,
104839,Slides-Talk-in-Germany-on-Early-Warning-Threat-to-Russia-on-Firestorms-and-Fallout-from-Russian-Tactical-Nuclear-Attacks-in-Germany_October-2-2024_01_.pdf,Slides-Talk-in-Germany-on-Early-Warning-Threat-to-Russia-on-Firestorms-and-Fallout-from-Russian-Tactical-Nuclear-Attacks-in-Germany_October-2-2024_01_,application/pdf,0,,,2024,,3,3,promote,report,1,,
104840,Slides-Talk-in-Germany-on-Early-Warning-Threat-to-Russia-on-Firestorms-and-Fallout-from-Russian-Tactical-Nuclear-Attacks-in-Germany_October-2-2024_01_.pdf,Slides-Talk-in-Germany-on-Early-Warning-Threat-to-Russia-on-Firestorms-and-Fallout-from-Russian-Tactical-Nuclear-Attacks-in-Germany_October-2-2024_01_,application/pdf,0,,,2024,,3,3,promote,report,1,,
105828,Leonore-Winter-2024.pdf,"Leonore Winter 2024",application/pdf,0,,,2024,,4,3,promote,report,1,,
105829,Leonore-Winter-2024.pdf,"Leonore Winter 2024",application/pdf,0,,,2024,,4,3,promote,report,1,,
105830,Leonore-Winter-2024.pdf,"Leonore Winter 2024",application/pdf,0,,,2024,,4,3,promote,report,1,,
105831,Leonore-Winter-2024.pdf,"Leonore Winter 2024",application/pdf,0,,,2024,,4,3,promote,report,1,,
105832,Leonore-Winter-2024.pdf,"Leonore Winter 2024",application/pdf,0,,,2024,,4,3,promote,report,1,,
105833,Leonore-Winter-2024.pdf,"Leonore Winter 2024",application/pdf,0,,,2024,,4,3,promote,report,1,,
105834,Leonore-Winter-2024.pdf,"Leonore Winter 2024",application/pdf,0,,,2024,,4,3,promote,report,1,,
105835,Leonore-Winter-2024.pdf,"Leonore Winter 2024",application/pdf,0,,,2024,,4,3,promote,report,1,,
105836,Leonore-Winter-2024.pdf,"Leonore Winter 2024",application/pdf,0,,,2024,,4,3,promote,report,1,,
105851,Leonore-Winter-2024-2.pdf,"Leonore Winter 2024",application/pdf,0,,,2024,,4,3,promote,report,1,,
105852,Leonore-Winter-2024-2.pdf,"Leonore Winter 2024",application/pdf,0,,,2024,,4,3,promote,report,1,,
105853,Leonore-Winter-2024-2.pdf,"Leonore Winter 2024",application/pdf,0,,,2024,,4,3,promote,report,1,,
105854,Leonore-Winter-2024-2.pdf,"Leonore Winter 2024",application/pdf,0,,,2024,,4,3,promote,report,1,,
105855,Leonore-Winter-2024-2.pdf,"Leonore Winter 2024",application/pdf,0,,,2024,,4,3,promote,report,1,,
105856,Leonore-Winter-2024-2.pdf,"Leonore Winter 2024",application/pdf,0,,,2024,,4,3,promote,report,1,,
105857,Leonore-Winter-2024-2.pdf,"Leonore Winter 2024",application/pdf,0,,,2024,,4,3,promote,report,1,,
105858,Leonore-Winter-2024-2.pdf,"Leonore Winter 2024",application/pdf,0,,,2024,,4,3,promote,report,1,,
105859,Leonore-Winter-2024-2.pdf,"Leonore Winter 2024",application/pdf,0,,,2024,,4,3,promote,report,1,,
105889,Leonore-2022-final.pdf,"Leonore 2022- final",application/pdf,0,,,2024,,4,3,promote,report,1,,
105890,Leonore-2022-final.pdf,"Leonore 2022- final",application/pdf,0,,,2024,,4,3,promote,report,1,,
105891,Leonore-2022-final.pdf,"Leonore 2022- final",application/pdf,0,,,2024,,4,3,promote,report,1,,
105892,Leonore-2022-final.pdf,"Leonore 2022- final",application/pdf,0,,,2024,,4,3,promote,report,1,,
105893,Leonore-2022-final.pdf,"Leonore 2022- final",application/pdf,0,,,2024,,4,3,promote,report,1,,
105894,Leonore-2022-final.pdf,"Leonore 2022- final",application/pdf,0,,,2024,,4,3,promote,report,1,,
105895,Leonore-2022-final.pdf,"Leonore 2022- final",application/pdf,0,,,2024,,4,3,promote,report,1,,
105896,Leonore-2022-final.pdf,"Leonore 2022- final",application/pdf,0,,,2024,,4,3,promote,report,1,,
105897,Leonore-2022-final.pdf,"Leonore 2022- final",application/pdf,0,,,2024,,4,3,promote,report,1,,
105898,Leonore-2022-final.pdf,"Leonore 2022- final",application/pdf,0,,,2024,,4,3,promote,report,1,,
105899,Leonore-Summer-2021-Final.pdf,"Leonore Summer 2021 Final",application/pdf,0,,,2024,,3,3,promote,report,1,,
105900,Leonore-Summer-2021-Final.pdf,"Leonore Summer 2021 Final",application/pdf,0,,,2024,,3,3,promote,report,1,,
105901,Leonore-Summer-2021-Final.pdf,"Leonore Summer 2021 Final",application/pdf,0,,,2024,,3,3,promote,report,1,,
105902,Leonore-Summer-2021-Final.pdf,"Leonore Summer 2021 Final",application/pdf,0,,,2024,,3,3,promote,report,1,,
105903,Leonore-Summer-2021-Final.pdf,"Leonore Summer 2021 Final",application/pdf,0,,,2024,,3,3,promote,report,1,,
105904,Leonore-Summer-2021-Final.pdf,"Leonore Summer 2021 Final",application/pdf,0,,,2024,,3,3,promote,report,1,,
105905,Leonore-Summer-2021-Final.pdf,"Leonore Summer 2021 Final",application/pdf,0,,,2024,,3,3,promote,report,1,,
105906,Leonore-Summer-2021-Final.pdf,"Leonore Summer 2021 Final",application/pdf,0,,,2024,,3,3,promote,report,1,,
105907,Leonore-Summer-2021-Final.pdf,"Leonore Summer 2021 Final",application/pdf,0,,,2024,,3,3,promote,report,1,,
105908,Leonore-Summer-2021-Final.pdf,"Leonore Summer 2021 Final",application/pdf,0,,,2024,,3,3,promote,report,1,,
105919,Leonore-Fall-2021.pdf,"Leonore Fall 2021",application/pdf,0,,,2024,,4,3,promote,report,1,,
105920,Leonore-Fall-2021.pdf,"Leonore Fall 2021",application/pdf,0,,,2024,,4,3,promote,report,1,,
105921,Leonore-Fall-2021.pdf,"Leonore Fall 2021",application/pdf,0,,,2024,,4,3,promote,report,1,,
105922,Leonore-Fall-2021.pdf,"Leonore Fall 2021",application/pdf,0,,,2024,,4,3,promote,report,1,,
105923,Leonore-Fall-2021.pdf,"Leonore Fall 2021",application/pdf,0,,,2024,,4,3,promote,report,1,,
105924,Leonore-Fall-2021.pdf,"Leonore Fall 2021",application/pdf,0,,,2024,,4,3,promote,report,1,,
105925,Leonore-Fall-2021.pdf,"Leonore Fall 2021",application/pdf,0,,,2024,,4,3,promote,report,1,,
105926,Leonore-Fall-2021.pdf,"Leonore Fall 2021",application/pdf,0,,,2024,,4,3,promote,report,1,,
105927,Leonore-Fall-2021.pdf,"Leonore Fall 2021",application/pdf,0,,,2024,,4,3,promote,report,1,,
105928,Leonore-Fall-2021.pdf,"Leonore Fall 2021",application/pdf,0,,,2024,,4,3,promote,report,1,,
107414,202502_dossier_Plan_Oasis_final.pdf,202502_dossier_Plan_Oasis_final,application/pdf,107403,post,"Report — The Oasis Plan",2025,,1,3,promote,report,1,,
107415,202502_dossier_Plan_Oasis_final.pdf,202502_dossier_Plan_Oasis_final,application/pdf,0,,,2025,,1,3,promote,report,1,,
107416,202502_dossier_Plan_Oasis_final.pdf,202502_dossier_Plan_Oasis_final,application/pdf,0,,,2025,,1,3,promote,report,1,,
107417,202502_dossier_Plan_Oasis_final.pdf,202502_dossier_Plan_Oasis_final,application/pdf,0,,,2025,,1,3,promote,report,1,,
107418,202502_dossier_Plan_Oasis_final.pdf,202502_dossier_Plan_Oasis_final,application/pdf,0,,,2025,,1,3,promote,report,1,,
107419,202502_dossier_Plan_Oasis_final.pdf,202502_dossier_Plan_Oasis_final,application/pdf,0,,,2025,,1,3,promote,report,1,,
107420,202502_dossier_Plan_Oasis_final.pdf,202502_dossier_Plan_Oasis_final,application/pdf,0,,,2025,,1,3,promote,report,1,,
107421,202502_dossier_Plan_Oasis_final.pdf,202502_dossier_Plan_Oasis_final,application/pdf,0,,,2025,,1,3,promote,report,1,,
107422,202502_dossier_Plan_Oasis_final.pdf,202502_dossier_Plan_Oasis_final,application/pdf,0,,,2025,,1,3,promote,report,1,,
107423,202502_dossier_Plan_Oasis_final.pdf,202502_dossier_Plan_Oasis_final,application/pdf,0,,,2025,,1,3,promote,report,1,,
107979,20250524-conference-invitation-updated.pdf,"20250524 conference invitation updated",application/pdf,107277,post,"Conference Invitation—A Beautiful Vision for Humanity in Times of Great Turbulence!",2025,,2,3,promote,report,1,,
107983,20250524-conference-invitation-updated.pdf,"20250524 conference invitation updated",application/pdf,109312,post,"Konferenzeinladung: „Eine schöne Vision für die Menschheit in Zeiten großer Turbulenzen!“",2025,,2,3,promote,report,1,,
108108,Vincenzo-Role-of-Advanced-Nuclear-Energy-in-the-Oasis-Plan.pdf,"Vincenzo - Role of Advanced Nuclear Energy in the Oasis Plan",application/pdf,0,,,2025,,3,3,promote,report,1,,
108109,Vincenzo-Role-of-Advanced-Nuclear-Energy-in-the-Oasis-Plan.pdf,"Vincenzo - Role of Advanced Nuclear Energy in the Oasis Plan",application/pdf,0,,,2025,,3,3,promote,report,1,,
108110,Vincenzo-Role-of-Advanced-Nuclear-Energy-in-the-Oasis-Plan.pdf,"Vincenzo - Role of Advanced Nuclear Energy in the Oasis Plan",application/pdf,0,,,2025,,3,3,promote,report,1,,
108111,Vincenzo-Role-of-Advanced-Nuclear-Energy-in-the-Oasis-Plan.pdf,"Vincenzo - Role of Advanced Nuclear Energy in the Oasis Plan",application/pdf,0,,,2025,,3,3,promote,report,1,,
108112,Vincenzo-Role-of-Advanced-Nuclear-Energy-in-the-Oasis-Plan.pdf,"Vincenzo - Role of Advanced Nuclear Energy in the Oasis Plan",application/pdf,0,,,2025,,3,3,promote,report,1,,
108113,Vincenzo-Role-of-Advanced-Nuclear-Energy-in-the-Oasis-Plan.pdf,"Vincenzo - Role of Advanced Nuclear Energy in the Oasis Plan",application/pdf,0,,,2025,,3,3,promote,report,1,,
108114,Vincenzo-Role-of-Advanced-Nuclear-Energy-in-the-Oasis-Plan.pdf,"Vincenzo - Role of Advanced Nuclear Energy in the Oasis Plan",application/pdf,0,,,2025,,3,3,promote,report,1,,
108115,Vincenzo-Role-of-Advanced-Nuclear-Energy-in-the-Oasis-Plan.pdf,"Vincenzo - Role of Advanced Nuclear Energy in the Oasis Plan",application/pdf,0,,,2025,,3,3,promote,report,1,,
108116,Vincenzo-Role-of-Advanced-Nuclear-Energy-in-the-Oasis-Plan.pdf,"Vincenzo - Role of Advanced Nuclear Energy in the Oasis Plan",application/pdf,0,,,2025,,3,3,promote,report,1,,
108117,Vincenzo-Role-of-Advanced-Nuclear-Energy-in-the-Oasis-Plan.pdf,"Vincenzo - Role of Advanced Nuclear Energy in the Oasis Plan",application/pdf,0,,,2025,,3,3,promote,report,1,,
109648,Leonore-Spring-2025-Final.pdf,"Leonore Spring 2025-Final",application/pdf,0,,,2025,,7,3,promote,report,1,,
109649,Leonore-Spring-2025-Final.pdf,"Leonore Spring 2025-Final",application/pdf,0,,,2025,,7,3,promote,report,1,,
109650,Leonore-Spring-2025-Final.pdf,"Leonore Spring 2025-Final",application/pdf,0,,,2025,,7,3,promote,report,1,,
109651,Leonore-Spring-2025-Final.pdf,"Leonore Spring 2025-Final",application/pdf,0,,,2025,,7,3,promote,report,1,,
109652,Leonore-Spring-2025-Final.pdf,"Leonore Spring 2025-Final",application/pdf,0,,,2025,,7,3,promote,report,1,,
109653,Leonore-Spring-2025-Final.pdf,"Leonore Spring 2025-Final",application/pdf,0,,,2025,,7,3,promote,report,1,,
109654,Leonore-Spring-2025-Final.pdf,"Leonore Spring 2025-Final",application/pdf,0,,,2025,,7,3,promote,report,1,,
109655,Leonore-Spring-2025-Final.pdf,"Leonore Spring 2025-Final",application/pdf,0,,,2025,,7,3,promote,report,1,,
109656,Leonore-Spring-2025-Final.pdf,"Leonore Spring 2025-Final",application/pdf,0,,,2025,,7,3,promote,report,1,,
109799,Leonore-Spring-2025-Final-1.pdf,"Leonore Spring 2025-Final",application/pdf,0,,,2025,,3,3,promote,report,1,,
109800,Leonore-Spring-2025-Final-1.pdf,"Leonore Spring 2025-Final",application/pdf,0,,,2025,,3,3,promote,report,1,,
109801,Leonore-Spring-2025-Final-1.pdf,"Leonore Spring 2025-Final",application/pdf,0,,,2025,,3,3,promote,report,1,,
109802,Leonore-Spring-2025-Final-1.pdf,"Leonore Spring 2025-Final",application/pdf,0,,,2025,,3,3,promote,report,1,,
109803,Leonore-Spring-2025-Final-1.pdf,"Leonore Spring 2025-Final",application/pdf,0,,,2025,,3,3,promote,report,1,,
109804,Leonore-Spring-2025-Final-1.pdf,"Leonore Spring 2025-Final",application/pdf,0,,,2025,,3,3,promote,report,1,,
109805,Leonore-Spring-2025-Final-1.pdf,"Leonore Spring 2025-Final",application/pdf,0,,,2025,,3,3,promote,report,1,,
109806,Leonore-Spring-2025-Final-1.pdf,"Leonore Spring 2025-Final",application/pdf,0,,,2025,,3,3,promote,report,1,,
109807,Leonore-Spring-2025-Final-1.pdf,"Leonore Spring 2025-Final",application/pdf,0,,,2025,,3,3,promote,report,1,,
109844,20250602-statement.pdf,"20250602 statement",application/pdf,109843,post,"Step Back From The Brink of World War III!!",2025,,2,3,promote,report,1,,
109848,20250602-statement.pdf,"20250602 statement",application/pdf,109931,post,"Vom Abgrund des Dritten Weltkriegs zurücktreten!",2025,,2,3,promote,report,1,,
110355,20250614-statement-2-sided.pdf,"20250614 statement 2-sided",application/pdf,110274,post,"It Is Not Too Late to Avoid a ‘Doomsday Scenario’ in the Middle East",2025,,2,3,promote,report,1,,
110357,20250614-statement-2-sided.pdf,"20250614 statement 2-sided",application/pdf,110319,post,避免中东「末日景象」还不算太晚,2025,,2,3,promote,report,1,,
110359,20250614-statement-2-sided.pdf,"20250614 statement 2-sided",application/pdf,110337,post,"Es ist noch nicht zu spät, um ein „Weltuntergangsszenario“ im Nahen Osten zu vermeiden",2025,,2,3,promote,report,1,,
111454,Russiagate2025.pdf,Russiagate2025,application/pdf,0,,,2025,,4,3,promote,report,1,,
111455,Russiagate2025.pdf,Russiagate2025,application/pdf,0,,,2025,,4,3,promote,report,1,,
111456,Russiagate2025.pdf,Russiagate2025,application/pdf,0,,,2025,,4,3,promote,report,1,,
111457,Russiagate2025.pdf,Russiagate2025,application/pdf,0,,,2025,,4,3,promote,report,1,,
111458,Russiagate2025.pdf,Russiagate2025,application/pdf,0,,,2025,,4,3,promote,report,1,,
111459,Russiagate2025.pdf,Russiagate2025,application/pdf,0,,,2025,,4,3,promote,report,1,,
111460,Russiagate2025.pdf,Russiagate2025,application/pdf,0,,,2025,,4,3,promote,report,1,,
111461,Russiagate2025.pdf,Russiagate2025,application/pdf,0,,,2025,,4,3,promote,report,1,,
111462,Russiagate2025.pdf,Russiagate2025,application/pdf,0,,,2025,,4,3,promote,report,1,,
111463,Russiagate2025.pdf,Russiagate2025,application/pdf,0,,,2025,,4,3,promote,report,1,,
112535,20251015-bury-statement.pdf,"20251015 bury statement",application/pdf,112431,post,"Father Harry Bury Appeals to the World to Implement the Oasis Plan: Peace Through Development",2025,,2,3,promote,report,1,,
112539,20251015-bury-statement.pdf,"20251015 bury statement",application/pdf,112446,post,"Pater Harry Bury appelliert an die Welt, den Oasenplan umzusetzen: Frieden durch Entwicklung",2025,,2,3,promote,report,1,,
112785,Leonore-Summer-Fall-2025_FINAL-2.pdf,"Leonore Summer-Fall 2025_FINAL",application/pdf,0,,,2025,,4,3,promote,report,1,,
112786,Leonore-Summer-Fall-2025_FINAL-2.pdf,"Leonore Summer-Fall 2025_FINAL",application/pdf,0,,,2025,,4,3,promote,report,1,,
112787,Leonore-Summer-Fall-2025_FINAL-2.pdf,"Leonore Summer-Fall 2025_FINAL",application/pdf,0,,,2025,,4,3,promote,report,1,,
112788,Leonore-Summer-Fall-2025_FINAL-2.pdf,"Leonore Summer-Fall 2025_FINAL",application/pdf,0,,,2025,,4,3,promote,report,1,,
112789,Leonore-Summer-Fall-2025_FINAL-2.pdf,"Leonore Summer-Fall 2025_FINAL",application/pdf,0,,,2025,,4,3,promote,report,1,,
112790,Leonore-Summer-Fall-2025_FINAL-2.pdf,"Leonore Summer-Fall 2025_FINAL",application/pdf,0,,,2025,,4,3,promote,report,1,,
112791,Leonore-Summer-Fall-2025_FINAL-2.pdf,"Leonore Summer-Fall 2025_FINAL",application/pdf,0,,,2025,,4,3,promote,report,1,,
112792,Leonore-Summer-Fall-2025_FINAL-2.pdf,"Leonore Summer-Fall 2025_FINAL",application/pdf,0,,,2025,,4,3,promote,report,1,,
112793,Leonore-Summer-Fall-2025_FINAL-2.pdf,"Leonore Summer-Fall 2025_FINAL",application/pdf,0,,,2025,,4,3,promote,report,1,,
113798,Leonore-Winter-2025-1.pdf,"Leonore Winter 2025",application/pdf,0,,,2025,,4,3,promote,report,1,,
113799,Leonore-Winter-2025-1.pdf,"Leonore Winter 2025",application/pdf,0,,,2025,,4,3,promote,report,1,,
113800,Leonore-Winter-2025-1.pdf,"Leonore Winter 2025",application/pdf,0,,,2025,,4,3,promote,report,1,,
113801,Leonore-Winter-2025-1.pdf,"Leonore Winter 2025",application/pdf,0,,,2025,,4,3,promote,report,1,,
113802,Leonore-Winter-2025-1.pdf,"Leonore Winter 2025",application/pdf,0,,,2025,,4,3,promote,report,1,,
113803,Leonore-Winter-2025-1.pdf,"Leonore Winter 2025",application/pdf,0,,,2025,,4,3,promote,report,1,,
113804,Leonore-Winter-2025-1.pdf,"Leonore Winter 2025",application/pdf,0,,,2025,,4,3,promote,report,1,,
113805,Leonore-Winter-2025-1.pdf,"Leonore Winter 2025",application/pdf,0,,,2025,,4,3,promote,report,1,,
113806,Leonore-Winter-2025-1.pdf,"Leonore Winter 2025",application/pdf,0,,,2025,,4,3,promote,report,1,,
115373,IPC-145-March-13-2026.pdf,"IPC #145 March 13 2026",application/pdf,0,,,2026,,3,3,promote,report,1,,
115374,IPC-145-March-13-2026.pdf,"IPC #145 March 13 2026",application/pdf,0,,,2026,,3,3,promote,report,1,,
115375,IPC-145-March-13-2026.pdf,"IPC #145 March 13 2026",application/pdf,0,,,2026,,3,3,promote,report,1,,
115376,IPC-145-March-13-2026.pdf,"IPC #145 March 13 2026",application/pdf,0,,,2026,,3,3,promote,report,1,,
115377,IPC-145-March-13-2026.pdf,"IPC #145 March 13 2026",application/pdf,0,,,2026,,3,3,promote,report,1,,
115378,IPC-145-March-13-2026.pdf,"IPC #145 March 13 2026",application/pdf,0,,,2026,,3,3,promote,report,1,,
115379,IPC-145-March-13-2026.pdf,"IPC #145 March 13 2026",application/pdf,0,,,2026,,3,3,promote,report,1,,
115380,IPC-145-March-13-2026.pdf,"IPC #145 March 13 2026",application/pdf,0,,,2026,,3,3,promote,report,1,,
115381,IPC-145-March-13-2026.pdf,"IPC #145 March 13 2026",application/pdf,0,,,2026,,3,3,promote,report,1,,
116415,Leonore-Spring-2026.pdf,"Leonore Spring 2026",application/pdf,0,,,2026,,4,3,promote,report,1,,
116416,Leonore-Spring-2026.pdf,"Leonore Spring 2026",application/pdf,0,,,2026,,4,3,promote,report,1,,
116417,Leonore-Spring-2026.pdf,"Leonore Spring 2026",application/pdf,0,,,2026,,4,3,promote,report,1,,
116418,Leonore-Spring-2026.pdf,"Leonore Spring 2026",application/pdf,0,,,2026,,4,3,promote,report,1,,
116419,Leonore-Spring-2026.pdf,"Leonore Spring 2026",application/pdf,0,,,2026,,4,3,promote,report,1,,
116420,Leonore-Spring-2026.pdf,"Leonore Spring 2026",application/pdf,0,,,2026,,4,3,promote,report,1,,
116421,Leonore-Spring-2026.pdf,"Leonore Spring 2026",application/pdf,0,,,2026,,4,3,promote,report,1,,
116422,Leonore-Spring-2026.pdf,"Leonore Spring 2026",application/pdf,0,,,2026,,4,3,promote,report,1,,
116423,Leonore-Spring-2026.pdf,"Leonore Spring 2026",application/pdf,0,,,2026,,4,3,promote,report,1,,
117181,20260618-iran-deal-game-changer-corrected.pdf,"20260618 iran deal game changer corrected",application/pdf,117154,post,"Iran Deal Can Become a Game-changer for the World!",2026,,2,3,promote,report,1,,
117185,20260618-iran-deal-game-changer-corrected.pdf,"20260618 iran deal game changer corrected",application/pdf,117139,post,"Das Iran-Abkommen kann für die Welt eine Wende bedeuten!",2026,,2,3,promote,report,1,,
5022,0615-ny-program.pdf,0615-ny-program,application/pdf,0,,,2014,,0,2,promote,program,1,,
5023,0615-ny-program.pdf,0615-ny-program,application/pdf,0,,,2014,,0,2,promote,program,1,,
5024,0615-ny-program.pdf,0615-ny-program,application/pdf,0,,,2014,,0,2,promote,program,1,,
5025,0615-ny-program.pdf,0615-ny-program,application/pdf,0,,,2014,,0,2,promote,program,1,,
5026,0615-ny-program.pdf,0615-ny-program,application/pdf,0,,,2014,,0,2,promote,program,1,,
5027,0615-ny-program.pdf,0615-ny-program,application/pdf,0,,,2014,,0,2,promote,program,1,,
5028,0615-ny-program.pdf,0615-ny-program,application/pdf,0,,,2014,,0,2,promote,program,1,,
5029,0615-ny-program.pdf,0615-ny-program,application/pdf,0,,,2014,,0,2,promote,program,1,,
22754,Frankfurt_Program_RU.pdf,Frankfurt_Program_RU,application/pdf,0,,,2014,,0,2,promote,program,1,,
22755,Frankfurt_Program_RU.pdf,Frankfurt_Program_RU,application/pdf,0,,,2014,,0,2,promote,program,1,,
22756,Frankfurt_Program_RU.pdf,Frankfurt_Program_RU,application/pdf,0,,,2014,,0,2,promote,program,1,,
22757,Frankfurt_Program_RU.pdf,Frankfurt_Program_RU,application/pdf,0,,,2014,,0,2,promote,program,1,,
22758,Frankfurt_Program_RU.pdf,Frankfurt_Program_RU,application/pdf,0,,,2014,,0,2,promote,program,1,,
29492,PROGRAM-and-Speakers-Schiller_Conf-English.pdf,"PROGRAM  and Speakers Schiller_Conf English",application/pdf,0,,,2015,,0,2,promote,program,1,,
29493,PROGRAM-and-Speakers-Schiller_Conf-English.pdf,"PROGRAM  and Speakers Schiller_Conf English",application/pdf,0,,,2015,,0,2,promote,program,1,,
29494,PROGRAM-and-Speakers-Schiller_Conf-English.pdf,"PROGRAM  and Speakers Schiller_Conf English",application/pdf,0,,,2015,,0,2,promote,program,1,,
30248,Institut-Schiller-Programme-de-la-conférence-de-Paris.pdf,"Institut Schiller - Programme de la conférence de Paris",application/pdf,0,,,2015,,0,2,promote,program,1,,
30250,Institut-Schiller-Programme-de-la-conférence-de-Paris.pdf,"Institut Schiller - Programme de la conférence de Paris",application/pdf,0,,,2015,,0,2,promote,program,1,,
30251,Institut-Schiller-Programme-de-la-conférence-de-Paris.pdf,"Institut Schiller - Programme de la conférence de Paris",application/pdf,0,,,2015,,0,2,promote,program,1,,
30252,Institut-Schiller-Programme-de-la-conférence-de-Paris.pdf,"Institut Schiller - Programme de la conférence de Paris",application/pdf,0,,,2015,,0,2,promote,program,1,,
30253,Institut-Schiller-Programme-de-la-conférence-de-Paris.pdf,"Institut Schiller - Programme de la conférence de Paris",application/pdf,0,,,2015,,0,2,promote,program,1,,
30254,Institut-Schiller-Programme-de-la-conférence-de-Paris.pdf,"Institut Schiller - Programme de la conférence de Paris",application/pdf,0,,,2015,,0,2,promote,program,1,,
30255,Institut-Schiller-Programme-de-la-conférence-de-Paris.pdf,"Institut Schiller - Programme de la conférence de Paris",application/pdf,0,,,2015,,0,2,promote,program,1,,
30256,Institut-Schiller-Programme-de-la-conférence-de-Paris.pdf,"Institut Schiller - Programme de la conférence de Paris",application/pdf,0,,,2015,,0,2,promote,program,1,,
30305,Konferenzprogramm-Redner-.pdf,Konferenzprogramm-Redner,application/pdf,0,,,2015,,0,2,promote,program,1,,
30306,Konferenzprogramm-Redner-.pdf,Konferenzprogramm-Redner,application/pdf,0,,,2015,,0,2,promote,program,1,,
30307,Konferenzprogramm-Redner-.pdf,Konferenzprogramm-Redner,application/pdf,0,,,2015,,0,2,promote,program,1,,
31793,20150807_aufruf_krieg_august.pdf,20150807_aufruf_krieg_august,application/pdf,32075,si_statement,呼吁阻止即将发生第三次世界大战的危险！,2015,,0,2,promote,report,1,,
31794,20150807_aufruf_krieg_august.pdf,20150807_aufruf_krieg_august,application/pdf,1163,si_statement,"Stop World War III",2015,,0,2,promote,report,1,,
31795,20150807_aufruf_krieg_august.pdf,20150807_aufruf_krieg_august,application/pdf,31944,si_statement,"Appel à arrêter la menace immédiate d’une Troisième guerre mondiale",2015,,0,2,promote,report,1,,
31796,20150807_aufruf_krieg_august.pdf,20150807_aufruf_krieg_august,application/pdf,31857,si_statement,"Appello per scongiurare la terza guerra mondiale",2015,,0,2,promote,report,1,,
31797,20150807_aufruf_krieg_august.pdf,20150807_aufruf_krieg_august,application/pdf,1874,si_statement,"Предотвратить Третью мировую войну",2015,,0,2,promote,report,1,,
31798,20150807_aufruf_krieg_august.pdf,20150807_aufruf_krieg_august,application/pdf,2375,si_statement,"Alto a la tercera guerra Mundial",2015,,0,2,promote,report,1,,
31813,20150807_aufruf_krieg_august.pdf,20150807_aufruf_krieg_august,application/pdf,1656,si_statement,"Stoppt den dritten Weltkrieg!",2015,,0,2,promote,report,1,,
31802,20150807_aufruf_krieg_august_SI.pdf,20150807_aufruf_krieg_august_SI,application/pdf,1656,si_statement,"Stoppt den dritten Weltkrieg!",2015,,0,2,promote,report,1,,
31803,20150807_aufruf_krieg_august_SI.pdf,20150807_aufruf_krieg_august_SI,application/pdf,32075,si_statement,呼吁阻止即将发生第三次世界大战的危险！,2015,,0,2,promote,report,1,,
31804,20150807_aufruf_krieg_august_SI.pdf,20150807_aufruf_krieg_august_SI,application/pdf,1163,si_statement,"Stop World War III",2015,,0,2,promote,report,1,,
31805,20150807_aufruf_krieg_august_SI.pdf,20150807_aufruf_krieg_august_SI,application/pdf,31944,si_statement,"Appel à arrêter la menace immédiate d’une Troisième guerre mondiale",2015,,0,2,promote,report,1,,
31806,20150807_aufruf_krieg_august_SI.pdf,20150807_aufruf_krieg_august_SI,application/pdf,31857,si_statement,"Appello per scongiurare la terza guerra mondiale",2015,,0,2,promote,report,1,,
31807,20150807_aufruf_krieg_august_SI.pdf,20150807_aufruf_krieg_august_SI,application/pdf,1874,si_statement,"Предотвратить Третью мировую войну",2015,,0,2,promote,report,1,,
31808,20150807_aufruf_krieg_august_SI.pdf,20150807_aufruf_krieg_august_SI,application/pdf,2375,si_statement,"Alto a la tercera guerra Mundial",2015,,0,2,promote,report,1,,
31981,Schiller-Institute-Paris-conference-program.pdf,"Schiller Institute - Paris conference program",application/pdf,0,,,2015,,0,2,promote,program,1,,
31982,Schiller-Institute-Paris-conference-program.pdf,"Schiller Institute - Paris conference program",application/pdf,0,,,2015,,0,2,promote,program,1,,
31984,Schiller-Institute-Paris-conference-program.pdf,"Schiller Institute - Paris conference program",application/pdf,0,,,2015,,0,2,promote,program,1,,
31985,Schiller-Institute-Paris-conference-program.pdf,"Schiller Institute - Paris conference program",application/pdf,0,,,2015,,0,2,promote,program,1,,
31986,Schiller-Institute-Paris-conference-program.pdf,"Schiller Institute - Paris conference program",application/pdf,0,,,2015,,0,2,promote,program,1,,
31987,Schiller-Institute-Paris-conference-program.pdf,"Schiller Institute - Paris conference program",application/pdf,0,,,2015,,0,2,promote,program,1,,
31988,Schiller-Institute-Paris-conference-program.pdf,"Schiller Institute - Paris conference program",application/pdf,0,,,2015,,0,2,promote,program,1,,
31989,Schiller-Institute-Paris-conference-program.pdf,"Schiller Institute - Paris conference program",application/pdf,0,,,2015,,0,2,promote,program,1,,
31990,Schiller-Institute-Paris-conference-program.pdf,"Schiller Institute - Paris conference program",application/pdf,0,,,2015,,0,2,promote,program,1,,
32102,20150821_aufruf_krieg_august_SI_REVISED_01.pdf,20150821_aufruf_krieg_august_SI_REVISED_01,application/pdf,1656,si_statement,"Stoppt den dritten Weltkrieg!",2015,,0,2,promote,report,1,,
32103,20150821_aufruf_krieg_august_SI_REVISED_01.pdf,20150821_aufruf_krieg_august_SI_REVISED_01,application/pdf,32075,si_statement,呼吁阻止即将发生第三次世界大战的危险！,2015,,0,2,promote,report,1,,
32104,20150821_aufruf_krieg_august_SI_REVISED_01.pdf,20150821_aufruf_krieg_august_SI_REVISED_01,application/pdf,1163,si_statement,"Stop World War III",2015,,0,2,promote,report,1,,
32105,20150821_aufruf_krieg_august_SI_REVISED_01.pdf,20150821_aufruf_krieg_august_SI_REVISED_01,application/pdf,31944,si_statement,"Appel à arrêter la menace immédiate d’une Troisième guerre mondiale",2015,,0,2,promote,report,1,,
32106,20150821_aufruf_krieg_august_SI_REVISED_01.pdf,20150821_aufruf_krieg_august_SI_REVISED_01,application/pdf,31857,si_statement,"Appello per scongiurare la terza guerra mondiale",2015,,0,2,promote,report,1,,
32107,20150821_aufruf_krieg_august_SI_REVISED_01.pdf,20150821_aufruf_krieg_august_SI_REVISED_01,application/pdf,1874,si_statement,"Предотвратить Третью мировую войну",2015,,0,2,promote,report,1,,
32108,20150821_aufruf_krieg_august_SI_REVISED_01.pdf,20150821_aufruf_krieg_august_SI_REVISED_01,application/pdf,2375,si_statement,"Alto a la tercera guerra Mundial",2015,,0,2,promote,report,1,,
34663,Konf-Pgm_Berlin-2016_05_DE-revised.pdf,Konf-Pgm_Berlin-2016_05_DE-revised,application/pdf,34660,post,Presseerklärung,2016,,1,2,promote,report,1,,
36577,Musical-Dialogue-of-Cultures-Program.pdf,"Musical Dialogue of Cultures Program",application/pdf,0,,,2016,,0,2,promote,program,1,,
36578,Musical-Dialogue-of-Cultures-Program.pdf,"Musical Dialogue of Cultures Program",application/pdf,0,,,2016,,0,2,promote,program,1,,
36580,Musical-Dialogue-of-Cultures-Program.pdf,"Musical Dialogue of Cultures Program",application/pdf,0,,,2016,,0,2,promote,program,1,,
36581,Musical-Dialogue-of-Cultures-Program.pdf,"Musical Dialogue of Cultures Program",application/pdf,0,,,2016,,0,2,promote,program,1,,
36582,Musical-Dialogue-of-Cultures-Program.pdf,"Musical Dialogue of Cultures Program",application/pdf,0,,,2016,,0,2,promote,program,1,,
36583,Musical-Dialogue-of-Cultures-Program.pdf,"Musical Dialogue of Cultures Program",application/pdf,0,,,2016,,0,2,promote,program,1,,
36584,Musical-Dialogue-of-Cultures-Program.pdf,"Musical Dialogue of Cultures Program",application/pdf,0,,,2016,,0,2,promote,program,1,,
36585,Musical-Dialogue-of-Cultures-Program.pdf,"Musical Dialogue of Cultures Program",application/pdf,0,,,2016,,0,2,promote,program,1,,
37356,2016_SI_UN_Aufruft.pdf,2016_si_un_aufruft,application/pdf,1244,page,Start,2016,,0,2,promote,report,1,,
37357,2016_SI_UN_Aufruft.pdf,2016_si_un_aufruft,application/pdf,30979,page,首页,2016,,0,2,promote,report,1,,
37358,2016_SI_UN_Aufruft.pdf,2016_si_un_aufruft,application/pdf,864,page,Home,2016,,0,2,promote,report,1,,
37359,2016_SI_UN_Aufruft.pdf,2016_si_un_aufruft,application/pdf,1256,page,Accueil,2016,,0,2,promote,report,1,,
37360,2016_SI_UN_Aufruft.pdf,2016_si_un_aufruft,application/pdf,25797,page,Home,2016,,0,2,promote,report,1,,
37361,2016_SI_UN_Aufruft.pdf,2016_si_un_aufruft,application/pdf,1801,page,Главная,2016,,0,2,promote,report,1,,
37362,2016_SI_UN_Aufruft.pdf,2016_si_un_aufruft,application/pdf,2194,page,Inicio,2016,,0,2,promote,report,1,,
37415,EssenLyonPE-korr.pdf,essenlyonpe-korr,application/pdf,1244,page,Start,2016,,0,2,promote,report,1,,
37416,EssenLyonPE-korr.pdf,essenlyonpe-korr,application/pdf,30979,page,首页,2016,,0,2,promote,report,1,,
37417,EssenLyonPE-korr.pdf,essenlyonpe-korr,application/pdf,864,page,Home,2016,,0,2,promote,report,1,,
37418,EssenLyonPE-korr.pdf,essenlyonpe-korr,application/pdf,1256,page,Accueil,2016,,0,2,promote,report,1,,
37419,EssenLyonPE-korr.pdf,essenlyonpe-korr,application/pdf,25797,page,Home,2016,,0,2,promote,report,1,,
37420,EssenLyonPE-korr.pdf,essenlyonpe-korr,application/pdf,1801,page,Главная,2016,,0,2,promote,report,1,,
37421,EssenLyonPE-korr.pdf,essenlyonpe-korr,application/pdf,2194,page,Inicio,2016,,0,2,promote,report,1,,
37677,Schiller-Institut-Konferenz-Essen-Oktober-2016.pdf,schiller-institut-konferenz-essen-oktober-2016,application/pdf,37397,post,"Erfolgreiche Konferenz des Schiller-Instituts in Lyon und Essen: Europa muß die Chancen der Neuen Seidenstraße ergreifen!",2016,,1,2,promote,report,1,,
41250,May-14-Agenda_BRF-Thematic-Session-on-Think-Tank-Exchanges.pdf,"May 14 Agenda_BRF Thematic Session on Think Tank Exchanges",application/pdf,0,,,2017,,2,2,promote,program,1,,
41251,May-14-Agenda_BRF-Thematic-Session-on-Think-Tank-Exchanges.pdf,"May 14 Agenda_BRF Thematic Session on Think Tank Exchanges",application/pdf,0,,,2017,,2,2,promote,program,1,,
41252,May-14-Agenda_BRF-Thematic-Session-on-Think-Tank-Exchanges.pdf,"May 14 Agenda_BRF Thematic Session on Think Tank Exchanges",application/pdf,0,,,2017,,2,2,promote,program,1,,
41254,May-14-Agenda_BRF-Thematic-Session-on-Think-Tank-Exchanges.pdf,"May 14 Agenda_BRF Thematic Session on Think Tank Exchanges",application/pdf,0,,,2017,,2,2,promote,program,1,,
41255,May-14-Agenda_BRF-Thematic-Session-on-Think-Tank-Exchanges.pdf,"May 14 Agenda_BRF Thematic Session on Think Tank Exchanges",application/pdf,0,,,2017,,2,2,promote,program,1,,
41256,May-14-Agenda_BRF-Thematic-Session-on-Think-Tank-Exchanges.pdf,"May 14 Agenda_BRF Thematic Session on Think Tank Exchanges",application/pdf,0,,,2017,,2,2,promote,program,1,,
41257,May-14-Agenda_BRF-Thematic-Session-on-Think-Tank-Exchanges.pdf,"May 14 Agenda_BRF Thematic Session on Think Tank Exchanges",application/pdf,0,,,2017,,2,2,promote,program,1,,
41258,May-14-Agenda_BRF-Thematic-Session-on-Think-Tank-Exchanges.pdf,"May 14 Agenda_BRF Thematic Session on Think Tank Exchanges",application/pdf,0,,,2017,,2,2,promote,program,1,,
41260,May-15-Agenda_Global-Think-Tank-Summit.pdf,"May 15 Agenda_Global Think Tank Summit",application/pdf,0,,,2017,,2,2,promote,program,1,,
41261,May-15-Agenda_Global-Think-Tank-Summit.pdf,"May 15 Agenda_Global Think Tank Summit",application/pdf,0,,,2017,,2,2,promote,program,1,,
41262,May-15-Agenda_Global-Think-Tank-Summit.pdf,"May 15 Agenda_Global Think Tank Summit",application/pdf,0,,,2017,,2,2,promote,program,1,,
41264,May-15-Agenda_Global-Think-Tank-Summit.pdf,"May 15 Agenda_Global Think Tank Summit",application/pdf,0,,,2017,,2,2,promote,program,1,,
41265,May-15-Agenda_Global-Think-Tank-Summit.pdf,"May 15 Agenda_Global Think Tank Summit",application/pdf,0,,,2017,,2,2,promote,program,1,,
41266,May-15-Agenda_Global-Think-Tank-Summit.pdf,"May 15 Agenda_Global Think Tank Summit",application/pdf,0,,,2017,,2,2,promote,program,1,,
41267,May-15-Agenda_Global-Think-Tank-Summit.pdf,"May 15 Agenda_Global Think Tank Summit",application/pdf,0,,,2017,,2,2,promote,program,1,,
41268,May-15-Agenda_Global-Think-Tank-Summit.pdf,"May 15 Agenda_Global Think Tank Summit",application/pdf,0,,,2017,,2,2,promote,program,1,,
43517,2017_bad-soden_DE.pdf,2017_bad-soden_DE,application/pdf,0,,,2017,,2,2,promote,report,1,,
43518,2017_bad-soden_DE.pdf,2017_bad-soden_DE,application/pdf,0,,,2017,,2,2,promote,report,1,,
43520,2017_bad-soden_DE.pdf,2017_bad-soden_DE,application/pdf,0,,,2017,,2,2,promote,report,1,,
43521,2017_bad-soden_DE.pdf,2017_bad-soden_DE,application/pdf,0,,,2017,,2,2,promote,report,1,,
43522,2017_bad-soden_DE.pdf,2017_bad-soden_DE,application/pdf,0,,,2017,,2,2,promote,report,1,,
43523,2017_bad-soden_DE.pdf,2017_bad-soden_DE,application/pdf,0,,,2017,,2,2,promote,report,1,,
43524,2017_bad-soden_DE.pdf,2017_bad-soden_DE,application/pdf,0,,,2017,,2,2,promote,report,1,,
43525,2017_bad-soden_DE.pdf,2017_bad-soden_DE,application/pdf,0,,,2017,,2,2,promote,report,1,,
43527,2017_bad-soden_jemen_DE.pdf,2017_bad-soden_jemen_DE,application/pdf,0,,,2017,,2,2,promote,report,1,,
43528,2017_bad-soden_jemen_DE.pdf,2017_bad-soden_jemen_DE,application/pdf,0,,,2017,,2,2,promote,report,1,,
43530,2017_bad-soden_jemen_DE.pdf,2017_bad-soden_jemen_DE,application/pdf,0,,,2017,,2,2,promote,report,1,,
43531,2017_bad-soden_jemen_DE.pdf,2017_bad-soden_jemen_DE,application/pdf,0,,,2017,,2,2,promote,report,1,,
43532,2017_bad-soden_jemen_DE.pdf,2017_bad-soden_jemen_DE,application/pdf,0,,,2017,,2,2,promote,report,1,,
43533,2017_bad-soden_jemen_DE.pdf,2017_bad-soden_jemen_DE,application/pdf,0,,,2017,,2,2,promote,report,1,,
43534,2017_bad-soden_jemen_DE.pdf,2017_bad-soden_jemen_DE,application/pdf,0,,,2017,,2,2,promote,report,1,,
43535,2017_bad-soden_jemen_DE.pdf,2017_bad-soden_jemen_DE,application/pdf,0,,,2017,,2,2,promote,report,1,,
44063,20171216-program_final_05.pdf,"2017 Brooklyn Christmas Concert Program",application/pdf,0,,,2017,,0,2,promote,program,1,,
44064,20171216-program_final_05.pdf,20171216-program_final_05,application/pdf,0,,,2017,,0,2,promote,program,1,,
44065,20171216-program_final_05.pdf,20171216-program_final_05,application/pdf,0,,,2017,,0,2,promote,program,1,,
44066,20171216-program_final_05.pdf,20171216-program_final_05,application/pdf,0,,,2017,,0,2,promote,program,1,,
44067,20171216-program_final_05.pdf,20171216-program_final_05,application/pdf,0,,,2017,,0,2,promote,program,1,,
44068,20171216-program_final_05.pdf,20171216-program_final_05,application/pdf,0,,,2017,,0,2,promote,program,1,,
44069,20171216-program_final_05.pdf,20171216-program_final_05,application/pdf,0,,,2017,,0,2,promote,program,1,,
44070,20171216-program_final_05.pdf,20171216-program_final_05,application/pdf,0,,,2017,,0,2,promote,program,1,,
44071,20171216-program_final_05.pdf,20171216-program_final_05,application/pdf,0,,,2017,,0,2,promote,program,1,,
44072,20171216-program_final_05.pdf,20171216-program_final_05,application/pdf,0,,,2017,,0,2,promote,program,1,,
55844,Rehabilitierung-email.pdf,Rehabilitierung-email,application/pdf,0,,,2019,,2,2,promote,report,1,,
55845,Rehabilitierung-email.pdf,Rehabilitierung-email,application/pdf,0,,,2019,,2,2,promote,report,1,,
55846,Rehabilitierung-email.pdf,Rehabilitierung-email,application/pdf,0,,,2019,,2,2,promote,report,1,,
55847,Rehabilitierung-email.pdf,Rehabilitierung-email,application/pdf,0,,,2019,,2,2,promote,report,1,,
55848,Rehabilitierung-email.pdf,Rehabilitierung-email,application/pdf,0,,,2019,,2,2,promote,report,1,,
55849,Rehabilitierung-email.pdf,Rehabilitierung-email,application/pdf,0,,,2019,,2,2,promote,report,1,,
55850,Rehabilitierung-email.pdf,Rehabilitierung-email,application/pdf,0,,,2019,,2,2,promote,report,1,,
55851,Rehabilitierung-email.pdf,Rehabilitierung-email,application/pdf,0,,,2019,,2,2,promote,report,1,,
55852,Rehabilitierung-email.pdf,Rehabilitierung-email,application/pdf,0,,,2019,,2,2,promote,report,1,,
55952,20190923-schiller-chinese-petition.pdf,20190923-schiller-chinese-petition,application/pdf,0,,,2019,,0,2,promote,memorandum,1,,
55953,20190923-schiller-chinese-petition.pdf,20190923-schiller-chinese-petition,application/pdf,0,,,2019,,0,2,promote,memorandum,1,,
55954,20190923-schiller-chinese-petition.pdf,20190923-schiller-chinese-petition,application/pdf,0,,,2019,,0,2,promote,memorandum,1,,
55955,20190923-schiller-chinese-petition.pdf,20190923-schiller-chinese-petition,application/pdf,0,,,2019,,0,2,promote,memorandum,1,,
55956,20190923-schiller-chinese-petition.pdf,20190923-schiller-chinese-petition,application/pdf,0,,,2019,,0,2,promote,memorandum,1,,
55957,20190923-schiller-chinese-petition.pdf,20190923-schiller-chinese-petition,application/pdf,0,,,2019,,0,2,promote,memorandum,1,,
55958,20190923-schiller-chinese-petition.pdf,20190923-schiller-chinese-petition,application/pdf,0,,,2019,,0,2,promote,memorandum,1,,
55959,20190923-schiller-chinese-petition.pdf,20190923-schiller-chinese-petition,application/pdf,0,,,2019,,0,2,promote,memorandum,1,,
55960,20190923-schiller-chinese-petition.pdf,20190923-schiller-chinese-petition,application/pdf,0,,,2019,,0,2,promote,memorandum,1,,
55961,20190923-schiller-chinese-petition.pdf,20190923-schiller-chinese-petition,application/pdf,0,,,2019,,0,2,promote,memorandum,1,,
56435,Landwirteflugblatt-2019.pdf,Landwirteflugblatt-2019,application/pdf,56263,post,"Bauernproteste: Verteidigt das Gemeinwohl gegen grüne EU-Diktatur und Finanzkartelle!",2019,,1,2,promote,report,1,,
57631,20200127-SIFB_Von_der_Unfähigkeit.pdf,20200127-SIFB_Von_der_Unfähigkeit,application/pdf,57613,post,"Zerstörung Beethovens im Beethovenjahr 2020?",2020,,1,2,promote,report,1,,
57642,20200127-SIFB_Von_der_Unfähigkeit_A3.pdf,20200127-SIFB_Von_der_Unfähigkeit_A3,application/pdf,57613,post,"Zerstörung Beethovens im Beethovenjahr 2020?",2020,,1,2,promote,report,1,,
62270,panel-2-clarification.pdf,panel-2-clarification,application/pdf,0,,,2020,,2,2,promote,report,1,,
62271,panel-2-clarification.pdf,panel-2-clarification,application/pdf,0,,,2020,,2,2,promote,report,1,,
62272,panel-2-clarification.pdf,panel-2-clarification,application/pdf,0,,,2020,,2,2,promote,report,1,,
62274,panel-2-clarification.pdf,panel-2-clarification,application/pdf,0,,,2020,,2,2,promote,report,1,,
62275,panel-2-clarification.pdf,panel-2-clarification,application/pdf,0,,,2020,,2,2,promote,report,1,,
62276,panel-2-clarification.pdf,panel-2-clarification,application/pdf,0,,,2020,,2,2,promote,report,1,,
62277,panel-2-clarification.pdf,panel-2-clarification,application/pdf,0,,,2020,,2,2,promote,report,1,,
62278,panel-2-clarification.pdf,panel-2-clarification,application/pdf,0,,,2020,,2,2,promote,report,1,,
64544,20201119-resolution-stop-global-fascism.pdf,20201119-resolution-stop-global-fascism,application/pdf,0,,,2020,,0,2,promote,memorandum,1,,
64545,20201119-resolution-stop-global-fascism.pdf,20201119-resolution-stop-global-fascism,application/pdf,0,,,2020,,0,2,promote,memorandum,1,,
64546,20201119-resolution-stop-global-fascism.pdf,20201119-resolution-stop-global-fascism,application/pdf,0,,,2020,,0,2,promote,memorandum,1,,
64547,20201119-resolution-stop-global-fascism.pdf,20201119-resolution-stop-global-fascism,application/pdf,0,,,2020,,0,2,promote,memorandum,1,,
64548,20201119-resolution-stop-global-fascism.pdf,20201119-resolution-stop-global-fascism,application/pdf,0,,,2020,,0,2,promote,memorandum,1,,
64549,20201119-resolution-stop-global-fascism.pdf,20201119-resolution-stop-global-fascism,application/pdf,0,,,2020,,0,2,promote,memorandum,1,,
64550,20201119-resolution-stop-global-fascism.pdf,20201119-resolution-stop-global-fascism,application/pdf,0,,,2020,,0,2,promote,memorandum,1,,
64551,20201119-resolution-stop-global-fascism.pdf,20201119-resolution-stop-global-fascism,application/pdf,0,,,2020,,0,2,promote,memorandum,1,,
64552,20201119-resolution-stop-global-fascism.pdf,20201119-resolution-stop-global-fascism,application/pdf,0,,,2020,,0,2,promote,memorandum,1,,
64553,20201119-resolution-stop-global-fascism.pdf,20201119-resolution-stop-global-fascism,application/pdf,0,,,2020,,0,2,promote,memorandum,1,,
65384,20201219-assange-2.pdf,"20201219-assange 2",application/pdf,0,,,2020,,2,2,promote,report,1,,
65385,20201219-assange-2.pdf,"20201219-assange 2",application/pdf,0,,,2020,,2,2,promote,report,1,,
65386,20201219-assange-2.pdf,"20201219-assange 2",application/pdf,0,,,2020,,2,2,promote,report,1,,
65387,20201219-assange-2.pdf,"20201219-assange 2",application/pdf,0,,,2020,,2,2,promote,report,1,,
65388,20201219-assange-2.pdf,"20201219-assange 2",application/pdf,0,,,2020,,2,2,promote,report,1,,
65389,20201219-assange-2.pdf,"20201219-assange 2",application/pdf,0,,,2020,,2,2,promote,report,1,,
65390,20201219-assange-2.pdf,"20201219-assange 2",application/pdf,0,,,2020,,2,2,promote,report,1,,
65391,20201219-assange-2.pdf,"20201219-assange 2",application/pdf,0,,,2020,,2,2,promote,report,1,,
65392,20201219-assange-2.pdf,"20201219-assange 2",application/pdf,0,,,2020,,2,2,promote,report,1,,
65393,20201219-assange-2.pdf,"20201219-assange 2",application/pdf,0,,,2020,,2,2,promote,report,1,,
72505,20210415-hzl-urgent-call.pdf,20210415-hzl-urgent-call,application/pdf,0,,,2021,,2,2,promote,report,1,,
72506,20210415-hzl-urgent-call.pdf,20210415-hzl-urgent-call,application/pdf,0,,,2021,,2,2,promote,report,1,,
72507,20210415-hzl-urgent-call.pdf,20210415-hzl-urgent-call,application/pdf,0,,,2021,,2,2,promote,report,1,,
72508,20210415-hzl-urgent-call.pdf,20210415-hzl-urgent-call,application/pdf,0,,,2021,,2,2,promote,report,1,,
72509,20210415-hzl-urgent-call.pdf,20210415-hzl-urgent-call,application/pdf,0,,,2021,,2,2,promote,report,1,,
72510,20210415-hzl-urgent-call.pdf,20210415-hzl-urgent-call,application/pdf,0,,,2021,,2,2,promote,report,1,,
72511,20210415-hzl-urgent-call.pdf,20210415-hzl-urgent-call,application/pdf,0,,,2021,,2,2,promote,report,1,,
72512,20210415-hzl-urgent-call.pdf,20210415-hzl-urgent-call,application/pdf,0,,,2021,,2,2,promote,report,1,,
72513,20210415-hzl-urgent-call.pdf,20210415-hzl-urgent-call,application/pdf,0,,,2021,,2,2,promote,report,1,,
72514,20210415-hzl-urgent-call.pdf,20210415-hzl-urgent-call,application/pdf,0,,,2021,,2,2,promote,report,1,,
72863,20210422-SIFB_Dringender_Appell_03.pdf,20210422-SIFB_Dringender_Appell_03,application/pdf,72624,post,"Zepp-LaRouche: Dringender Appell, den Völkermord in Syrien und Jemen zu stoppen und den moralischen Bankrott des Westens mit neuem Paradigma zu ersetzen",2021,,1,2,promote,report,1,,
72866,20210422-SIFB_Dringender_Appell_03.pdf,20210422-SIFB_Dringender_Appell_03,application/pdf,72438,post,"Zepp-LaRouche: Urgent Call to Stop the Genocide in Syria and Yemen; the Moral Collapse of the West Cries Out for a New Paradigm",2021,,1,2,promote,report,1,,
78723,20210821-afghanistan-event-final.pdf,"20210821 afghanistan event final",application/pdf,0,,,2021,,2,2,promote,report,1,,
78724,20210821-afghanistan-event-final.pdf,"20210821 afghanistan event final",application/pdf,0,,,2021,,2,2,promote,report,1,,
78725,20210821-afghanistan-event-final.pdf,"20210821 afghanistan event final",application/pdf,0,,,2021,,2,2,promote,report,1,,
78726,20210821-afghanistan-event-final.pdf,"20210821 afghanistan event final",application/pdf,0,,,2021,,2,2,promote,report,1,,
78727,20210821-afghanistan-event-final.pdf,"20210821 afghanistan event final",application/pdf,0,,,2021,,2,2,promote,report,1,,
78728,20210821-afghanistan-event-final.pdf,"20210821 afghanistan event final",application/pdf,0,,,2021,,2,2,promote,report,1,,
78729,20210821-afghanistan-event-final.pdf,"20210821 afghanistan event final",application/pdf,0,,,2021,,2,2,promote,report,1,,
78730,20210821-afghanistan-event-final.pdf,"20210821 afghanistan event final",application/pdf,0,,,2021,,2,2,promote,report,1,,
78731,20210821-afghanistan-event-final.pdf,"20210821 afghanistan event final",application/pdf,0,,,2021,,2,2,promote,report,1,,
78732,20210821-afghanistan-event-final.pdf,"20210821 afghanistan event final",application/pdf,0,,,2021,,2,2,promote,report,1,,
79105,20210906-what-afghanistan-needs.pdf,"20210906-what afghanistan needs",application/pdf,0,,,2021,,2,2,promote,report,1,,
79106,20210906-what-afghanistan-needs.pdf,"20210906-what afghanistan needs",application/pdf,0,,,2021,,2,2,promote,report,1,,
79107,20210906-what-afghanistan-needs.pdf,"20210906-what afghanistan needs",application/pdf,0,,,2021,,2,2,promote,report,1,,
79108,20210906-what-afghanistan-needs.pdf,"20210906-what afghanistan needs",application/pdf,0,,,2021,,2,2,promote,report,1,,
79109,20210906-what-afghanistan-needs.pdf,"20210906-what afghanistan needs",application/pdf,0,,,2021,,2,2,promote,report,1,,
79110,20210906-what-afghanistan-needs.pdf,"20210906-what afghanistan needs",application/pdf,0,,,2021,,2,2,promote,report,1,,
79111,20210906-what-afghanistan-needs.pdf,"20210906-what afghanistan needs",application/pdf,0,,,2021,,2,2,promote,report,1,,
79112,20210906-what-afghanistan-needs.pdf,"20210906-what afghanistan needs",application/pdf,0,,,2021,,2,2,promote,report,1,,
79113,20210906-what-afghanistan-needs.pdf,"20210906-what afghanistan needs",application/pdf,0,,,2021,,2,2,promote,report,1,,
79114,20210906-what-afghanistan-needs.pdf,"20210906-what afghanistan needs",application/pdf,0,,,2021,,2,2,promote,report,1,,
79740,20210921-world-food-summit.pdf,"20210921 world food summit",application/pdf,0,,,2021,,2,2,promote,report,1,,
79741,20210921-world-food-summit.pdf,"20210921 world food summit",application/pdf,0,,,2021,,2,2,promote,report,1,,
79742,20210921-world-food-summit.pdf,"20210921 world food summit",application/pdf,0,,,2021,,2,2,promote,report,1,,
79743,20210921-world-food-summit.pdf,"20210921 world food summit",application/pdf,0,,,2021,,2,2,promote,report,1,,
79744,20210921-world-food-summit.pdf,"20210921 world food summit",application/pdf,0,,,2021,,2,2,promote,report,1,,
79745,20210921-world-food-summit.pdf,"20210921 world food summit",application/pdf,0,,,2021,,2,2,promote,report,1,,
79746,20210921-world-food-summit.pdf,"20210921 world food summit",application/pdf,0,,,2021,,2,2,promote,report,1,,
79747,20210921-world-food-summit.pdf,"20210921 world food summit",application/pdf,0,,,2021,,2,2,promote,report,1,,
79748,20210921-world-food-summit.pdf,"20210921 world food summit",application/pdf,0,,,2021,,2,2,promote,report,1,,
79749,20210921-world-food-summit.pdf,"20210921 world food summit",application/pdf,0,,,2021,,2,2,promote,report,1,,
81238,20211011-wake-up-call-petition.pdf,"20211011 wake up call petition",application/pdf,0,,,2021,,0,2,promote,memorandum,1,,
81239,20211011-wake-up-call-petition.pdf,"20211011 wake up call petition",application/pdf,0,,,2021,,0,2,promote,memorandum,1,,
81240,20211011-wake-up-call-petition.pdf,"20211011 wake up call petition",application/pdf,0,,,2021,,0,2,promote,memorandum,1,,
81241,20211011-wake-up-call-petition.pdf,"20211011 wake up call petition",application/pdf,0,,,2021,,0,2,promote,memorandum,1,,
81242,20211011-wake-up-call-petition.pdf,"20211011 wake up call petition",application/pdf,0,,,2021,,0,2,promote,memorandum,1,,
81243,20211011-wake-up-call-petition.pdf,"20211011 wake up call petition",application/pdf,0,,,2021,,0,2,promote,memorandum,1,,
81244,20211011-wake-up-call-petition.pdf,"20211011 wake up call petition",application/pdf,0,,,2021,,0,2,promote,memorandum,1,,
81245,20211011-wake-up-call-petition.pdf,"20211011 wake up call petition",application/pdf,0,,,2021,,0,2,promote,memorandum,1,,
81246,20211011-wake-up-call-petition.pdf,"20211011 wake up call petition",application/pdf,0,,,2021,,0,2,promote,memorandum,1,,
81247,20211011-wake-up-call-petition-1.pdf,"20211011 wake up call petition",application/pdf,0,,,2021,,0,2,promote,memorandum,1,,
81248,20211011-wake-up-call-petition-1.pdf,"20211011 wake up call petition",application/pdf,0,,,2021,,0,2,promote,memorandum,1,,
81249,20211011-wake-up-call-petition-1.pdf,"20211011 wake up call petition",application/pdf,0,,,2021,,0,2,promote,memorandum,1,,
81250,20211011-wake-up-call-petition-1.pdf,"20211011 wake up call petition",application/pdf,0,,,2021,,0,2,promote,memorandum,1,,
81251,20211011-wake-up-call-petition-1.pdf,"20211011 wake up call petition",application/pdf,0,,,2021,,0,2,promote,memorandum,1,,
81252,20211011-wake-up-call-petition-1.pdf,"20211011 wake up call petition",application/pdf,0,,,2021,,0,2,promote,memorandum,1,,
81253,20211011-wake-up-call-petition-1.pdf,"20211011 wake up call petition",application/pdf,0,,,2021,,0,2,promote,memorandum,1,,
81254,20211011-wake-up-call-petition-1.pdf,"20211011 wake up call petition",application/pdf,0,,,2021,,0,2,promote,memorandum,1,,
81255,20211011-wake-up-call-petition-1.pdf,"20211011 wake up call petition",application/pdf,0,,,2021,,0,2,promote,memorandum,1,,
81256,20211011-wake-up-call-petition-1.pdf,"20211011 wake up call petition",application/pdf,0,,,2021,,0,2,promote,memorandum,1,,
81257,20211011-wake-up-call-petition-2.pdf,"20211011 wake up call petition",application/pdf,0,,,2021,,0,2,promote,memorandum,1,,
81258,20211011-wake-up-call-petition-2.pdf,"20211011 wake up call petition",application/pdf,0,,,2021,,0,2,promote,memorandum,1,,
81259,20211011-wake-up-call-petition-2.pdf,"20211011 wake up call petition",application/pdf,0,,,2021,,0,2,promote,memorandum,1,,
81260,20211011-wake-up-call-petition-2.pdf,"20211011 wake up call petition",application/pdf,0,,,2021,,0,2,promote,memorandum,1,,
81261,20211011-wake-up-call-petition-2.pdf,"20211011 wake up call petition",application/pdf,0,,,2021,,0,2,promote,memorandum,1,,
81262,20211011-wake-up-call-petition-2.pdf,"20211011 wake up call petition",application/pdf,0,,,2021,,0,2,promote,memorandum,1,,
81263,20211011-wake-up-call-petition-2.pdf,"20211011 wake up call petition",application/pdf,0,,,2021,,0,2,promote,memorandum,1,,
81264,20211011-wake-up-call-petition-2.pdf,"20211011 wake up call petition",application/pdf,0,,,2021,,0,2,promote,memorandum,1,,
81265,20211011-wake-up-call-petition-2.pdf,"20211011 wake up call petition",application/pdf,0,,,2021,,0,2,promote,memorandum,1,,
81266,20211011-wake-up-call-petition-2.pdf,"20211011 wake up call petition",application/pdf,0,,,2021,,0,2,promote,memorandum,1,,
81267,20211011-wake-up-call-petition-3.pdf,"20211011 wake up call petition",application/pdf,0,,,2021,,0,2,promote,memorandum,1,,
81268,20211011-wake-up-call-petition-3.pdf,"20211011 wake up call petition",application/pdf,0,,,2021,,0,2,promote,memorandum,1,,
81269,20211011-wake-up-call-petition-3.pdf,"20211011 wake up call petition",application/pdf,0,,,2021,,0,2,promote,memorandum,1,,
81270,20211011-wake-up-call-petition-3.pdf,"20211011 wake up call petition",application/pdf,0,,,2021,,0,2,promote,memorandum,1,,
81271,20211011-wake-up-call-petition-3.pdf,"20211011 wake up call petition",application/pdf,0,,,2021,,0,2,promote,memorandum,1,,
81272,20211011-wake-up-call-petition-3.pdf,"20211011 wake up call petition",application/pdf,0,,,2021,,0,2,promote,memorandum,1,,
81273,20211011-wake-up-call-petition-3.pdf,"20211011 wake up call petition",application/pdf,0,,,2021,,0,2,promote,memorandum,1,,
81274,20211011-wake-up-call-petition-3.pdf,"20211011 wake up call petition",application/pdf,0,,,2021,,0,2,promote,memorandum,1,,
81275,20211011-wake-up-call-petition-3.pdf,"20211011 wake up call petition",application/pdf,0,,,2021,,0,2,promote,memorandum,1,,
81276,20211011-wake-up-call-petition-3.pdf,"20211011 wake up call petition",application/pdf,0,,,2021,,0,2,promote,memorandum,1,,
81277,20211011-wake-up-call-petition-corrected.pdf,"20211011 wake up call petition corrected",application/pdf,0,,,2021,,0,2,promote,memorandum,1,,
81278,20211011-wake-up-call-petition-corrected.pdf,"20211011 wake up call petition corrected",application/pdf,0,,,2021,,0,2,promote,memorandum,1,,
81279,20211011-wake-up-call-petition-corrected.pdf,"20211011 wake up call petition corrected",application/pdf,0,,,2021,,0,2,promote,memorandum,1,,
81280,20211011-wake-up-call-petition-corrected.pdf,"20211011 wake up call petition corrected",application/pdf,0,,,2021,,0,2,promote,memorandum,1,,
81281,20211011-wake-up-call-petition-corrected.pdf,"20211011 wake up call petition corrected",application/pdf,0,,,2021,,0,2,promote,memorandum,1,,
81282,20211011-wake-up-call-petition-corrected.pdf,"20211011 wake up call petition corrected",application/pdf,0,,,2021,,0,2,promote,memorandum,1,,
81283,20211011-wake-up-call-petition-corrected.pdf,"20211011 wake up call petition corrected",application/pdf,0,,,2021,,0,2,promote,memorandum,1,,
81284,20211011-wake-up-call-petition-corrected.pdf,"20211011 wake up call petition corrected",application/pdf,0,,,2021,,0,2,promote,memorandum,1,,
81285,20211011-wake-up-call-petition-corrected.pdf,"20211011 wake up call petition corrected",application/pdf,0,,,2021,,0,2,promote,memorandum,1,,
81286,20211011-wake-up-call-petition-corrected.pdf,"20211011 wake up call petition corrected",application/pdf,0,,,2021,,0,2,promote,memorandum,1,,
81287,20211011-wake-up-call-petition-corrected-1.pdf,"20211011 wake up call petition corrected",application/pdf,0,,,2021,,0,2,promote,memorandum,1,,
81288,20211011-wake-up-call-petition-corrected-1.pdf,"20211011 wake up call petition corrected",application/pdf,0,,,2021,,0,2,promote,memorandum,1,,
81289,20211011-wake-up-call-petition-corrected-1.pdf,"20211011 wake up call petition corrected",application/pdf,0,,,2021,,0,2,promote,memorandum,1,,
81290,20211011-wake-up-call-petition-corrected-1.pdf,"20211011 wake up call petition corrected",application/pdf,0,,,2021,,0,2,promote,memorandum,1,,
81291,20211011-wake-up-call-petition-corrected-1.pdf,"20211011 wake up call petition corrected",application/pdf,0,,,2021,,0,2,promote,memorandum,1,,
81292,20211011-wake-up-call-petition-corrected-1.pdf,"20211011 wake up call petition corrected",application/pdf,0,,,2021,,0,2,promote,memorandum,1,,
81293,20211011-wake-up-call-petition-corrected-1.pdf,"20211011 wake up call petition corrected",application/pdf,0,,,2021,,0,2,promote,memorandum,1,,
81294,20211011-wake-up-call-petition-corrected-1.pdf,"20211011 wake up call petition corrected",application/pdf,0,,,2021,,0,2,promote,memorandum,1,,
81295,20211011-wake-up-call-petition-corrected-1.pdf,"20211011 wake up call petition corrected",application/pdf,0,,,2021,,0,2,promote,memorandum,1,,
81296,20211011-wake-up-call-petition-corrected-1.pdf,"20211011 wake up call petition corrected",application/pdf,0,,,2021,,0,2,promote,memorandum,1,,
81758,20211106-green-energy-killers.pdf,"20211106 green energy killers",application/pdf,81746,post,"The Green Energy Killers and the Silence Of The Children",2021,,1,2,promote,report,1,,
84682,20220206-helga-doomsday-clock-updated.pdf,"20220206 helga doomsday clock updated",application/pdf,0,,,2022,,2,2,promote,report,1,,
84683,20220206-helga-doomsday-clock-updated.pdf,"20220206 helga doomsday clock updated",application/pdf,0,,,2022,,2,2,promote,report,1,,
84684,20220206-helga-doomsday-clock-updated.pdf,"20220206 helga doomsday clock updated",application/pdf,0,,,2022,,2,2,promote,report,1,,
84685,20220206-helga-doomsday-clock-updated.pdf,"20220206 helga doomsday clock updated",application/pdf,0,,,2022,,2,2,promote,report,1,,
84686,20220206-helga-doomsday-clock-updated.pdf,"20220206 helga doomsday clock updated",application/pdf,0,,,2022,,2,2,promote,report,1,,
84687,20220206-helga-doomsday-clock-updated.pdf,"20220206 helga doomsday clock updated",application/pdf,0,,,2022,,2,2,promote,report,1,,
84688,20220206-helga-doomsday-clock-updated.pdf,"20220206 helga doomsday clock updated",application/pdf,0,,,2022,,2,2,promote,report,1,,
84689,20220206-helga-doomsday-clock-updated.pdf,"20220206 helga doomsday clock updated",application/pdf,0,,,2022,,2,2,promote,report,1,,
84690,20220206-helga-doomsday-clock-updated.pdf,"20220206 helga doomsday clock updated",application/pdf,0,,,2022,,2,2,promote,report,1,,
84691,20220206-helga-doomsday-clock-updated.pdf,"20220206 helga doomsday clock updated",application/pdf,0,,,2022,,2,2,promote,report,1,,
85290,Petition-for-new-security-architecture-conference.pdf,Petition-for-new-security-architecture-conference,application/pdf,0,,,2022,,0,2,promote,memorandum,1,,
85291,Petition-for-new-security-architecture-conference.pdf,Petition-for-new-security-architecture-conference,application/pdf,0,,,2022,,0,2,promote,memorandum,1,,
85292,Petition-for-new-security-architecture-conference.pdf,Petition-for-new-security-architecture-conference,application/pdf,0,,,2022,,0,2,promote,memorandum,1,,
85294,Petition-for-new-security-architecture-conference.pdf,Petition-for-new-security-architecture-conference,application/pdf,0,,,2022,,0,2,promote,memorandum,1,,
85295,Petition-for-new-security-architecture-conference.pdf,Petition-for-new-security-architecture-conference,application/pdf,0,,,2022,,0,2,promote,memorandum,1,,
85296,Petition-for-new-security-architecture-conference.pdf,Petition-for-new-security-architecture-conference,application/pdf,0,,,2022,,0,2,promote,memorandum,1,,
85297,Petition-for-new-security-architecture-conference.pdf,Petition-for-new-security-architecture-conference,application/pdf,0,,,2022,,0,2,promote,memorandum,1,,
85298,Petition-for-new-security-architecture-conference.pdf,Petition-for-new-security-architecture-conference,application/pdf,0,,,2022,,0,2,promote,memorandum,1,,
85398,carnegie-hall-leaflet.pdf,"carnegie hall leaflet",application/pdf,0,,,2022,,0,2,promote,report,1,,
85399,carnegie-hall-leaflet.pdf,"carnegie hall leaflet",application/pdf,0,,,2022,,0,2,promote,report,1,,
85400,carnegie-hall-leaflet.pdf,"carnegie hall leaflet",application/pdf,0,,,2022,,0,2,promote,report,1,,
85401,carnegie-hall-leaflet.pdf,"carnegie hall leaflet",application/pdf,0,,,2022,,0,2,promote,report,1,,
85402,carnegie-hall-leaflet.pdf,"carnegie hall leaflet",application/pdf,0,,,2022,,0,2,promote,report,1,,
85403,carnegie-hall-leaflet.pdf,"carnegie hall leaflet",application/pdf,0,,,2022,,0,2,promote,report,1,,
85404,carnegie-hall-leaflet.pdf,"carnegie hall leaflet",application/pdf,0,,,2022,,0,2,promote,report,1,,
85405,carnegie-hall-leaflet.pdf,"carnegie hall leaflet",application/pdf,0,,,2022,,0,2,promote,report,1,,
85406,carnegie-hall-leaflet.pdf,"carnegie hall leaflet",application/pdf,0,,,2022,,0,2,promote,report,1,,
85407,carnegie-hall-leaflet.pdf,"carnegie hall leaflet",application/pdf,0,,,2022,,0,2,promote,report,1,,
85408,carnegie-hall-leaflet-corrected.pdf,"carnegie hall leaflet corrected",application/pdf,0,,,2022,,0,2,promote,report,1,,
85409,carnegie-hall-leaflet-corrected.pdf,"carnegie hall leaflet corrected",application/pdf,0,,,2022,,0,2,promote,report,1,,
85410,carnegie-hall-leaflet-corrected.pdf,"carnegie hall leaflet corrected",application/pdf,0,,,2022,,0,2,promote,report,1,,
85411,carnegie-hall-leaflet-corrected.pdf,"carnegie hall leaflet corrected",application/pdf,0,,,2022,,0,2,promote,report,1,,
85412,carnegie-hall-leaflet-corrected.pdf,"carnegie hall leaflet corrected",application/pdf,0,,,2022,,0,2,promote,report,1,,
85413,carnegie-hall-leaflet-corrected.pdf,"carnegie hall leaflet corrected",application/pdf,0,,,2022,,0,2,promote,report,1,,
85414,carnegie-hall-leaflet-corrected.pdf,"carnegie hall leaflet corrected",application/pdf,0,,,2022,,0,2,promote,report,1,,
85415,carnegie-hall-leaflet-corrected.pdf,"carnegie hall leaflet corrected",application/pdf,0,,,2022,,0,2,promote,report,1,,
85416,carnegie-hall-leaflet-corrected.pdf,"carnegie hall leaflet corrected",application/pdf,0,,,2022,,0,2,promote,report,1,,
85417,carnegie-hall-leaflet-corrected.pdf,"carnegie hall leaflet corrected",application/pdf,0,,,2022,,0,2,promote,report,1,,
89349,SI_Fugblatt_Beendet_die_Sanktionen_2022.pdf,SI_Fugblatt_Beendet_die_Sanktionen_2022,application/pdf,0,,,2022,,2,2,promote,report,1,,
89350,SI_Fugblatt_Beendet_die_Sanktionen_2022.pdf,SI_Fugblatt_Beendet_die_Sanktionen_2022,application/pdf,0,,,2022,,2,2,promote,report,1,,
89351,SI_Fugblatt_Beendet_die_Sanktionen_2022.pdf,SI_Fugblatt_Beendet_die_Sanktionen_2022,application/pdf,0,,,2022,,2,2,promote,report,1,,
89352,SI_Fugblatt_Beendet_die_Sanktionen_2022.pdf,SI_Fugblatt_Beendet_die_Sanktionen_2022,application/pdf,0,,,2022,,2,2,promote,report,1,,
89353,SI_Fugblatt_Beendet_die_Sanktionen_2022.pdf,SI_Fugblatt_Beendet_die_Sanktionen_2022,application/pdf,0,,,2022,,2,2,promote,report,1,,
89354,SI_Fugblatt_Beendet_die_Sanktionen_2022.pdf,SI_Fugblatt_Beendet_die_Sanktionen_2022,application/pdf,0,,,2022,,2,2,promote,report,1,,
89355,SI_Fugblatt_Beendet_die_Sanktionen_2022.pdf,SI_Fugblatt_Beendet_die_Sanktionen_2022,application/pdf,0,,,2022,,2,2,promote,report,1,,
89356,SI_Fugblatt_Beendet_die_Sanktionen_2022.pdf,SI_Fugblatt_Beendet_die_Sanktionen_2022,application/pdf,0,,,2022,,2,2,promote,report,1,,
89357,SI_Fugblatt_Beendet_die_Sanktionen_2022.pdf,SI_Fugblatt_Beendet_die_Sanktionen_2022,application/pdf,0,,,2022,,2,2,promote,report,1,,
89358,SI_Fugblatt_Beendet_die_Sanktionen_2022.pdf,SI_Fugblatt_Beendet_die_Sanktionen_2022,application/pdf,0,,,2022,,2,2,promote,report,1,,
89362,20220719-end-sanctions-corrected.pdf,"20220719 end sanctions corrected",application/pdf,0,,,2022,,2,2,promote,report,1,,
89363,20220719-end-sanctions-corrected.pdf,"20220719 end sanctions corrected",application/pdf,0,,,2022,,2,2,promote,report,1,,
89364,20220719-end-sanctions-corrected.pdf,"20220719 end sanctions corrected",application/pdf,0,,,2022,,2,2,promote,report,1,,
89365,20220719-end-sanctions-corrected.pdf,"20220719 end sanctions corrected",application/pdf,0,,,2022,,2,2,promote,report,1,,
89366,20220719-end-sanctions-corrected.pdf,"20220719 end sanctions corrected",application/pdf,0,,,2022,,2,2,promote,report,1,,
89367,20220719-end-sanctions-corrected.pdf,"20220719 end sanctions corrected",application/pdf,0,,,2022,,2,2,promote,report,1,,
89368,20220719-end-sanctions-corrected.pdf,"20220719 end sanctions corrected",application/pdf,0,,,2022,,2,2,promote,report,1,,
89369,20220719-end-sanctions-corrected.pdf,"20220719 end sanctions corrected",application/pdf,0,,,2022,,2,2,promote,report,1,,
89370,20220719-end-sanctions-corrected.pdf,"20220719 end sanctions corrected",application/pdf,0,,,2022,,2,2,promote,report,1,,
89371,20220719-end-sanctions-corrected.pdf,"20220719 end sanctions corrected",application/pdf,0,,,2022,,2,2,promote,report,1,,
91028,HZL_Lyn-100-2022.pdf,HZL_Lyn-100-2022,application/pdf,0,,,2022,,2,2,promote,report,1,,
91029,HZL_Lyn-100-2022.pdf,HZL_Lyn-100-2022,application/pdf,0,,,2022,,2,2,promote,report,1,,
91030,HZL_Lyn-100-2022.pdf,HZL_Lyn-100-2022,application/pdf,0,,,2022,,2,2,promote,report,1,,
91031,HZL_Lyn-100-2022.pdf,HZL_Lyn-100-2022,application/pdf,0,,,2022,,2,2,promote,report,1,,
91032,HZL_Lyn-100-2022.pdf,HZL_Lyn-100-2022,application/pdf,0,,,2022,,2,2,promote,report,1,,
91033,HZL_Lyn-100-2022.pdf,HZL_Lyn-100-2022,application/pdf,0,,,2022,,2,2,promote,report,1,,
91034,HZL_Lyn-100-2022.pdf,HZL_Lyn-100-2022,application/pdf,0,,,2022,,2,2,promote,report,1,,
91035,HZL_Lyn-100-2022.pdf,HZL_Lyn-100-2022,application/pdf,0,,,2022,,2,2,promote,report,1,,
91036,HZL_Lyn-100-2022.pdf,HZL_Lyn-100-2022,application/pdf,0,,,2022,,2,2,promote,report,1,,
91037,HZL_Lyn-100-2022.pdf,HZL_Lyn-100-2022,application/pdf,0,,,2022,,2,2,promote,report,1,,
91870,Kurzanalyse-Sabotage-an-den-North-Stream-Gaspipelines.pdf,"Kurzanalyse Sabotage an den North Stream Gaspipelines",application/pdf,0,,,2022,,2,2,promote,report,1,,
91871,Kurzanalyse-Sabotage-an-den-North-Stream-Gaspipelines.pdf,"Kurzanalyse Sabotage an den North Stream Gaspipelines",application/pdf,0,,,2022,,2,2,promote,report,1,,
91872,Kurzanalyse-Sabotage-an-den-North-Stream-Gaspipelines.pdf,"Kurzanalyse Sabotage an den North Stream Gaspipelines",application/pdf,0,,,2022,,2,2,promote,report,1,,
91873,Kurzanalyse-Sabotage-an-den-North-Stream-Gaspipelines.pdf,"Kurzanalyse Sabotage an den North Stream Gaspipelines",application/pdf,0,,,2022,,2,2,promote,report,1,,
91874,Kurzanalyse-Sabotage-an-den-North-Stream-Gaspipelines.pdf,"Kurzanalyse Sabotage an den North Stream Gaspipelines",application/pdf,0,,,2022,,2,2,promote,report,1,,
91875,Kurzanalyse-Sabotage-an-den-North-Stream-Gaspipelines.pdf,"Kurzanalyse Sabotage an den North Stream Gaspipelines",application/pdf,0,,,2022,,2,2,promote,report,1,,
91876,Kurzanalyse-Sabotage-an-den-North-Stream-Gaspipelines.pdf,"Kurzanalyse Sabotage an den North Stream Gaspipelines",application/pdf,0,,,2022,,2,2,promote,report,1,,
91877,Kurzanalyse-Sabotage-an-den-North-Stream-Gaspipelines.pdf,"Kurzanalyse Sabotage an den North Stream Gaspipelines",application/pdf,0,,,2022,,2,2,promote,report,1,,
91878,Kurzanalyse-Sabotage-an-den-North-Stream-Gaspipelines.pdf,"Kurzanalyse Sabotage an den North Stream Gaspipelines",application/pdf,0,,,2022,,2,2,promote,report,1,,
91879,Kurzanalyse-Sabotage-an-den-North-Stream-Gaspipelines.pdf,"Kurzanalyse Sabotage an den North Stream Gaspipelines",application/pdf,0,,,2022,,2,2,promote,report,1,,
92652,SI_Existentielle_Gefahr_Kurswechsel.pdf,SI_Existentielle_Gefahr_Kurswechsel,application/pdf,0,,,2022,,2,2,promote,report,1,,
92653,SI_Existentielle_Gefahr_Kurswechsel.pdf,SI_Existentielle_Gefahr_Kurswechsel,application/pdf,0,,,2022,,2,2,promote,report,1,,
92654,SI_Existentielle_Gefahr_Kurswechsel.pdf,SI_Existentielle_Gefahr_Kurswechsel,application/pdf,0,,,2022,,2,2,promote,report,1,,
92655,SI_Existentielle_Gefahr_Kurswechsel.pdf,SI_Existentielle_Gefahr_Kurswechsel,application/pdf,0,,,2022,,2,2,promote,report,1,,
92656,SI_Existentielle_Gefahr_Kurswechsel.pdf,SI_Existentielle_Gefahr_Kurswechsel,application/pdf,0,,,2022,,2,2,promote,report,1,,
92657,SI_Existentielle_Gefahr_Kurswechsel.pdf,SI_Existentielle_Gefahr_Kurswechsel,application/pdf,0,,,2022,,2,2,promote,report,1,,
92658,SI_Existentielle_Gefahr_Kurswechsel.pdf,SI_Existentielle_Gefahr_Kurswechsel,application/pdf,0,,,2022,,2,2,promote,report,1,,
92659,SI_Existentielle_Gefahr_Kurswechsel.pdf,SI_Existentielle_Gefahr_Kurswechsel,application/pdf,0,,,2022,,2,2,promote,report,1,,
92660,SI_Existentielle_Gefahr_Kurswechsel.pdf,SI_Existentielle_Gefahr_Kurswechsel,application/pdf,0,,,2022,,2,2,promote,report,1,,
92661,SI_Existentielle_Gefahr_Kurswechsel.pdf,SI_Existentielle_Gefahr_Kurswechsel,application/pdf,0,,,2022,,2,2,promote,report,1,,
93541,20221212-one-step-nuclear-annihilation-dona-nobis.pdf,20221212-one-step-nuclear-annihilation-dona-nobis,application/pdf,0,,,2022,,2,2,promote,report,1,,
93542,20221212-one-step-nuclear-annihilation-dona-nobis.pdf,20221212-one-step-nuclear-annihilation-dona-nobis,application/pdf,0,,,2022,,2,2,promote,report,1,,
93543,20221212-one-step-nuclear-annihilation-dona-nobis.pdf,20221212-one-step-nuclear-annihilation-dona-nobis,application/pdf,0,,,2022,,2,2,promote,report,1,,
93545,20221212-one-step-nuclear-annihilation-dona-nobis.pdf,20221212-one-step-nuclear-annihilation-dona-nobis,application/pdf,0,,,2022,,2,2,promote,report,1,,
93546,20221212-one-step-nuclear-annihilation-dona-nobis.pdf,20221212-one-step-nuclear-annihilation-dona-nobis,application/pdf,0,,,2022,,2,2,promote,report,1,,
93547,20221212-one-step-nuclear-annihilation-dona-nobis.pdf,20221212-one-step-nuclear-annihilation-dona-nobis,application/pdf,0,,,2022,,2,2,promote,report,1,,
93548,20221212-one-step-nuclear-annihilation-dona-nobis.pdf,20221212-one-step-nuclear-annihilation-dona-nobis,application/pdf,0,,,2022,,2,2,promote,report,1,,
93549,20221212-one-step-nuclear-annihilation-dona-nobis.pdf,20221212-one-step-nuclear-annihilation-dona-nobis,application/pdf,0,,,2022,,2,2,promote,report,1,,
95471,20230219-rally-leaflet-v4.pdf,20230219-rally-leaflet-v4,application/pdf,0,,,2023,,0,2,promote,report,1,,
95472,20230219-rally-leaflet-v4.pdf,20230219-rally-leaflet-v4,application/pdf,0,,,2023,,0,2,promote,report,1,,
95473,20230219-rally-leaflet-v4.pdf,20230219-rally-leaflet-v4,application/pdf,0,,,2023,,0,2,promote,report,1,,
95475,20230219-rally-leaflet-v4.pdf,20230219-rally-leaflet-v4,application/pdf,0,,,2023,,0,2,promote,report,1,,
95476,20230219-rally-leaflet-v4.pdf,20230219-rally-leaflet-v4,application/pdf,0,,,2023,,0,2,promote,report,1,,
95477,20230219-rally-leaflet-v4.pdf,20230219-rally-leaflet-v4,application/pdf,0,,,2023,,0,2,promote,report,1,,
95478,20230219-rally-leaflet-v4.pdf,20230219-rally-leaflet-v4,application/pdf,0,,,2023,,0,2,promote,report,1,,
95479,20230219-rally-leaflet-v4.pdf,20230219-rally-leaflet-v4,application/pdf,0,,,2023,,0,2,promote,report,1,,
98123,REVISED-Press-Release-Black-and-White-take-2.pdf,REVISED-Press-Release-Black-and-White-take-2,application/pdf,0,,,2023,,2,2,promote,report,1,,
98124,REVISED-Press-Release-Black-and-White-take-2.pdf,REVISED-Press-Release-Black-and-White-take-2,application/pdf,0,,,2023,,2,2,promote,report,1,,
98125,REVISED-Press-Release-Black-and-White-take-2.pdf,REVISED-Press-Release-Black-and-White-take-2,application/pdf,0,,,2023,,2,2,promote,report,1,,
98127,REVISED-Press-Release-Black-and-White-take-2.pdf,REVISED-Press-Release-Black-and-White-take-2,application/pdf,0,,,2023,,2,2,promote,report,1,,
98128,REVISED-Press-Release-Black-and-White-take-2.pdf,REVISED-Press-Release-Black-and-White-take-2,application/pdf,0,,,2023,,2,2,promote,report,1,,
98129,REVISED-Press-Release-Black-and-White-take-2.pdf,REVISED-Press-Release-Black-and-White-take-2,application/pdf,0,,,2023,,2,2,promote,report,1,,
98130,REVISED-Press-Release-Black-and-White-take-2.pdf,REVISED-Press-Release-Black-and-White-take-2,application/pdf,0,,,2023,,2,2,promote,report,1,,
98131,REVISED-Press-Release-Black-and-White-take-2.pdf,REVISED-Press-Release-Black-and-White-take-2,application/pdf,0,,,2023,,2,2,promote,report,1,,
98406,Strasbourg-Intros-Speeches-Dialogue-1.1.pdf,"Strasbourg Intros, Speeches, Dialogue 1.1",application/pdf,0,,,2023,,2,2,promote,report,1,,
98407,Strasbourg-Intros-Speeches-Dialogue-1.1.pdf,"Strasbourg Intros, Speeches, Dialogue 1.1",application/pdf,0,,,2023,,2,2,promote,report,1,,
98408,Strasbourg-Intros-Speeches-Dialogue-1.1.pdf,"Strasbourg Intros, Speeches, Dialogue 1.1",application/pdf,0,,,2023,,2,2,promote,report,1,,
98409,Strasbourg-Intros-Speeches-Dialogue-1.1.pdf,"Strasbourg Intros, Speeches, Dialogue 1.1",application/pdf,0,,,2023,,2,2,promote,report,1,,
98410,Strasbourg-Intros-Speeches-Dialogue-1.1.pdf,"Strasbourg Intros, Speeches, Dialogue 1.1",application/pdf,0,,,2023,,2,2,promote,report,1,,
98411,Strasbourg-Intros-Speeches-Dialogue-1.1.pdf,"Strasbourg Intros, Speeches, Dialogue 1.1",application/pdf,0,,,2023,,2,2,promote,report,1,,
98412,Strasbourg-Intros-Speeches-Dialogue-1.1.pdf,"Strasbourg Intros, Speeches, Dialogue 1.1",application/pdf,0,,,2023,,2,2,promote,report,1,,
98413,Strasbourg-Intros-Speeches-Dialogue-1.1.pdf,"Strasbourg Intros, Speeches, Dialogue 1.1",application/pdf,0,,,2023,,2,2,promote,report,1,,
98414,Strasbourg-Intros-Speeches-Dialogue-1.1.pdf,"Strasbourg Intros, Speeches, Dialogue 1.1",application/pdf,0,,,2023,,2,2,promote,report,1,,
98415,Strasbourg-Intros-Speeches-Dialogue-1.1.pdf,"Strasbourg Intros, Speeches, Dialogue 1.1",application/pdf,0,,,2023,,2,2,promote,report,1,,
98682,Wie-die-Internationale-Entwicklungsbank-arbeiten-wird.pdf,"Wie die Internationale Entwicklungsbank arbeiten wird",application/pdf,0,,,2023,,2,2,promote,report,1,,
98683,Wie-die-Internationale-Entwicklungsbank-arbeiten-wird.pdf,"Wie die Internationale Entwicklungsbank arbeiten wird",application/pdf,0,,,2023,,2,2,promote,report,1,,
98684,Wie-die-Internationale-Entwicklungsbank-arbeiten-wird.pdf,"Wie die Internationale Entwicklungsbank arbeiten wird",application/pdf,0,,,2023,,2,2,promote,report,1,,
98685,Wie-die-Internationale-Entwicklungsbank-arbeiten-wird.pdf,"Wie die Internationale Entwicklungsbank arbeiten wird",application/pdf,0,,,2023,,2,2,promote,report,1,,
98686,Wie-die-Internationale-Entwicklungsbank-arbeiten-wird.pdf,"Wie die Internationale Entwicklungsbank arbeiten wird",application/pdf,0,,,2023,,2,2,promote,report,1,,
98687,Wie-die-Internationale-Entwicklungsbank-arbeiten-wird.pdf,"Wie die Internationale Entwicklungsbank arbeiten wird",application/pdf,0,,,2023,,2,2,promote,report,1,,
98688,Wie-die-Internationale-Entwicklungsbank-arbeiten-wird.pdf,"Wie die Internationale Entwicklungsbank arbeiten wird",application/pdf,0,,,2023,,2,2,promote,report,1,,
98689,Wie-die-Internationale-Entwicklungsbank-arbeiten-wird.pdf,"Wie die Internationale Entwicklungsbank arbeiten wird",application/pdf,0,,,2023,,2,2,promote,report,1,,
98690,Wie-die-Internationale-Entwicklungsbank-arbeiten-wird.pdf,"Wie die Internationale Entwicklungsbank arbeiten wird",application/pdf,0,,,2023,,2,2,promote,report,1,,
98691,Wie-die-Internationale-Entwicklungsbank-arbeiten-wird.pdf,"Wie die Internationale Entwicklungsbank arbeiten wird",application/pdf,0,,,2023,,2,2,promote,report,1,,
99606,HFP-Petition_UN242_SI.pdf,HFP-Petition_UN242_SI,application/pdf,0,,,2023,,0,2,promote,memorandum,1,,
99607,HFP-Petition_UN242_SI.pdf,HFP-Petition_UN242_SI,application/pdf,0,,,2023,,0,2,promote,memorandum,1,,
99608,HFP-Petition_UN242_SI.pdf,HFP-Petition_UN242_SI,application/pdf,0,,,2023,,0,2,promote,memorandum,1,,
99609,HFP-Petition_UN242_SI.pdf,HFP-Petition_UN242_SI,application/pdf,0,,,2023,,0,2,promote,memorandum,1,,
99610,HFP-Petition_UN242_SI.pdf,HFP-Petition_UN242_SI,application/pdf,0,,,2023,,0,2,promote,memorandum,1,,
99611,HFP-Petition_UN242_SI.pdf,HFP-Petition_UN242_SI,application/pdf,0,,,2023,,0,2,promote,memorandum,1,,
99612,HFP-Petition_UN242_SI.pdf,HFP-Petition_UN242_SI,application/pdf,0,,,2023,,0,2,promote,memorandum,1,,
99613,HFP-Petition_UN242_SI.pdf,HFP-Petition_UN242_SI,application/pdf,0,,,2023,,0,2,promote,memorandum,1,,
99614,HFP-Petition_UN242_SI.pdf,HFP-Petition_UN242_SI,application/pdf,0,,,2023,,0,2,promote,memorandum,1,,
99615,HFP-Petition_UN242_SI.pdf,HFP-Petition_UN242_SI,application/pdf,0,,,2023,,0,2,promote,memorandum,1,,
100056,SI_Flugblatt_21122023-Weihnachtsflugblatt2023.pdf,SI_Flugblatt_21122023-Weihnachtsflugblatt2023,application/pdf,0,,,2023,,2,2,promote,report,1,,
100057,SI_Flugblatt_21122023-Weihnachtsflugblatt2023.pdf,SI_Flugblatt_21122023-Weihnachtsflugblatt2023,application/pdf,0,,,2023,,2,2,promote,report,1,,
100058,SI_Flugblatt_21122023-Weihnachtsflugblatt2023.pdf,SI_Flugblatt_21122023-Weihnachtsflugblatt2023,application/pdf,0,,,2023,,2,2,promote,report,1,,
100059,SI_Flugblatt_21122023-Weihnachtsflugblatt2023.pdf,SI_Flugblatt_21122023-Weihnachtsflugblatt2023,application/pdf,0,,,2023,,2,2,promote,report,1,,
100060,SI_Flugblatt_21122023-Weihnachtsflugblatt2023.pdf,SI_Flugblatt_21122023-Weihnachtsflugblatt2023,application/pdf,0,,,2023,,2,2,promote,report,1,,
100061,SI_Flugblatt_21122023-Weihnachtsflugblatt2023.pdf,SI_Flugblatt_21122023-Weihnachtsflugblatt2023,application/pdf,0,,,2023,,2,2,promote,report,1,,
100062,SI_Flugblatt_21122023-Weihnachtsflugblatt2023.pdf,SI_Flugblatt_21122023-Weihnachtsflugblatt2023,application/pdf,0,,,2023,,2,2,promote,report,1,,
100063,SI_Flugblatt_21122023-Weihnachtsflugblatt2023.pdf,SI_Flugblatt_21122023-Weihnachtsflugblatt2023,application/pdf,0,,,2023,,2,2,promote,report,1,,
100064,SI_Flugblatt_21122023-Weihnachtsflugblatt2023.pdf,SI_Flugblatt_21122023-Weihnachtsflugblatt2023,application/pdf,0,,,2023,,2,2,promote,report,1,,
100065,SI_Flugblatt_21122023-Weihnachtsflugblatt2023.pdf,SI_Flugblatt_21122023-Weihnachtsflugblatt2023,application/pdf,0,,,2023,,2,2,promote,report,1,,
100103,HZL-Christmas-Msg-1.pdf,HZL-Christmas-Msg-1,application/pdf,0,,,2023,,2,2,promote,report,1,,
100104,HZL-Christmas-Msg-1.pdf,HZL-Christmas-Msg-1,application/pdf,0,,,2023,,2,2,promote,report,1,,
100105,HZL-Christmas-Msg-1.pdf,HZL-Christmas-Msg-1,application/pdf,0,,,2023,,2,2,promote,report,1,,
100106,HZL-Christmas-Msg-1.pdf,HZL-Christmas-Msg-1,application/pdf,0,,,2023,,2,2,promote,report,1,,
100107,HZL-Christmas-Msg-1.pdf,HZL-Christmas-Msg-1,application/pdf,0,,,2023,,2,2,promote,report,1,,
100108,HZL-Christmas-Msg-1.pdf,HZL-Christmas-Msg-1,application/pdf,0,,,2023,,2,2,promote,report,1,,
100109,HZL-Christmas-Msg-1.pdf,HZL-Christmas-Msg-1,application/pdf,0,,,2023,,2,2,promote,report,1,,
100110,HZL-Christmas-Msg-1.pdf,HZL-Christmas-Msg-1,application/pdf,0,,,2023,,2,2,promote,report,1,,
100111,HZL-Christmas-Msg-1.pdf,HZL-Christmas-Msg-1,application/pdf,0,,,2023,,2,2,promote,report,1,,
100179,Retooling-tables-leaflet2_0.pdf,Retooling-tables-leaflet2_0,application/pdf,0,,,2023,,0,2,promote,report,1,,
100180,Retooling-tables-leaflet2_0.pdf,Retooling-tables-leaflet2_0,application/pdf,0,,,2023,,0,2,promote,report,1,,
100181,Retooling-tables-leaflet2_0.pdf,Retooling-tables-leaflet2_0,application/pdf,0,,,2023,,0,2,promote,report,1,,
100183,Retooling-tables-leaflet2_0.pdf,Retooling-tables-leaflet2_0,application/pdf,0,,,2023,,0,2,promote,report,1,,
100184,Retooling-tables-leaflet2_0.pdf,Retooling-tables-leaflet2_0,application/pdf,0,,,2023,,0,2,promote,report,1,,
100185,Retooling-tables-leaflet2_0.pdf,Retooling-tables-leaflet2_0,application/pdf,0,,,2023,,0,2,promote,report,1,,
100186,Retooling-tables-leaflet2_0.pdf,Retooling-tables-leaflet2_0,application/pdf,0,,,2023,,0,2,promote,report,1,,
100187,Retooling-tables-leaflet2_0.pdf,Retooling-tables-leaflet2_0,application/pdf,0,,,2023,,0,2,promote,report,1,,
100542,20240130-ICJ-arc-of-universe.pdf,20240130-ICJ-arc-of-universe,application/pdf,0,,,2024,,2,2,promote,report,1,,
100543,20240130-ICJ-arc-of-universe.pdf,20240130-ICJ-arc-of-universe,application/pdf,0,,,2024,,2,2,promote,report,1,,
100544,20240130-ICJ-arc-of-universe.pdf,20240130-ICJ-arc-of-universe,application/pdf,0,,,2024,,2,2,promote,report,1,,
100545,20240130-ICJ-arc-of-universe.pdf,20240130-ICJ-arc-of-universe,application/pdf,0,,,2024,,2,2,promote,report,1,,
100546,20240130-ICJ-arc-of-universe.pdf,20240130-ICJ-arc-of-universe,application/pdf,0,,,2024,,2,2,promote,report,1,,
100547,20240130-ICJ-arc-of-universe.pdf,20240130-ICJ-arc-of-universe,application/pdf,0,,,2024,,2,2,promote,report,1,,
100548,20240130-ICJ-arc-of-universe.pdf,20240130-ICJ-arc-of-universe,application/pdf,0,,,2024,,2,2,promote,report,1,,
100549,20240130-ICJ-arc-of-universe.pdf,20240130-ICJ-arc-of-universe,application/pdf,0,,,2024,,2,2,promote,report,1,,
100550,20240130-ICJ-arc-of-universe.pdf,20240130-ICJ-arc-of-universe,application/pdf,0,,,2024,,2,2,promote,report,1,,
100663,200240204-knew-or-should-have-known-corrected.pdf,200240204-knew-or-should-have-known-corrected,application/pdf,0,,,2024,,2,2,promote,report,1,,
100664,200240204-knew-or-should-have-known-corrected.pdf,200240204-knew-or-should-have-known-corrected,application/pdf,0,,,2024,,2,2,promote,report,1,,
100665,200240204-knew-or-should-have-known-corrected.pdf,200240204-knew-or-should-have-known-corrected,application/pdf,0,,,2024,,2,2,promote,report,1,,
100666,200240204-knew-or-should-have-known-corrected.pdf,200240204-knew-or-should-have-known-corrected,application/pdf,0,,,2024,,2,2,promote,report,1,,
100667,200240204-knew-or-should-have-known-corrected.pdf,200240204-knew-or-should-have-known-corrected,application/pdf,0,,,2024,,2,2,promote,report,1,,
100668,200240204-knew-or-should-have-known-corrected.pdf,200240204-knew-or-should-have-known-corrected,application/pdf,0,,,2024,,2,2,promote,report,1,,
100669,200240204-knew-or-should-have-known-corrected.pdf,200240204-knew-or-should-have-known-corrected,application/pdf,0,,,2024,,2,2,promote,report,1,,
100670,200240204-knew-or-should-have-known-corrected.pdf,200240204-knew-or-should-have-known-corrected,application/pdf,0,,,2024,,2,2,promote,report,1,,
100671,200240204-knew-or-should-have-known-corrected.pdf,200240204-knew-or-should-have-known-corrected,application/pdf,0,,,2024,,2,2,promote,report,1,,
101377,20240324-outcry.pdf,20240324-outcry,application/pdf,0,,,2024,,2,2,promote,report,1,,
101378,20240324-outcry.pdf,20240324-outcry,application/pdf,0,,,2024,,2,2,promote,report,1,,
101379,20240324-outcry.pdf,20240324-outcry,application/pdf,0,,,2024,,2,2,promote,report,1,,
101381,20240324-outcry.pdf,20240324-outcry,application/pdf,0,,,2024,,2,2,promote,report,1,,
101382,20240324-outcry.pdf,20240324-outcry,application/pdf,0,,,2024,,2,2,promote,report,1,,
101383,20240324-outcry.pdf,20240324-outcry,application/pdf,0,,,2024,,2,2,promote,report,1,,
101384,20240324-outcry.pdf,20240324-outcry,application/pdf,0,,,2024,,2,2,promote,report,1,,
101385,20240324-outcry.pdf,20240324-outcry,application/pdf,0,,,2024,,2,2,promote,report,1,,
104339,Matlock-interview-pre-release.pdf,Matlock-interview-pre-release,application/pdf,0,,,2024,,2,2,promote,report,1,,
104340,Matlock-interview-pre-release.pdf,Matlock-interview-pre-release,application/pdf,0,,,2024,,2,2,promote,report,1,,
104341,Matlock-interview-pre-release.pdf,Matlock-interview-pre-release,application/pdf,0,,,2024,,2,2,promote,report,1,,
104343,Matlock-interview-pre-release.pdf,Matlock-interview-pre-release,application/pdf,0,,,2024,,2,2,promote,report,1,,
104344,Matlock-interview-pre-release.pdf,Matlock-interview-pre-release,application/pdf,0,,,2024,,2,2,promote,report,1,,
104345,Matlock-interview-pre-release.pdf,Matlock-interview-pre-release,application/pdf,0,,,2024,,2,2,promote,report,1,,
104346,Matlock-interview-pre-release.pdf,Matlock-interview-pre-release,application/pdf,0,,,2024,,2,2,promote,report,1,,
104347,Matlock-interview-pre-release.pdf,Matlock-interview-pre-release,application/pdf,0,,,2024,,2,2,promote,report,1,,
105500,20241123_SI_migration_final-1-1.pdf,20241123_SI_migration_final-1-1,application/pdf,105479,post,"Report: Development Drive Means Billions of New Jobs, No Refugees, No War",2024,,0,2,promote,report,1,,
105504,20241123_SI_migration_final-1-1.pdf,20241123_SI_migration_final-1-1,application/pdf,105561,post,"„Entwicklungsoffensive bedeutet Milliarden neue Arbeitsplätze, keine Flüchtlinge, kein Krieg“",2024,,0,2,promote,report,1,,
105839,Leonore-Winter-2024-1.pdf,"Leonore Winter 2024",application/pdf,105816,page,"Leonore Magazine - Art, Science and Statecraft Winter 2024",2024,,0,2,promote,report,1,,
107404,202502_dossier_Plan_Oasis_english_final.pdf,202502_dossier_Plan_Oasis_english_final,application/pdf,107403,post,"Report — The Oasis Plan",2025,,0,2,promote,report,1,,
107405,202502_dossier_Plan_Oasis_english_final.pdf,202502_dossier_Plan_Oasis_english_final,application/pdf,0,,,2025,,0,2,promote,report,1,,
107406,202502_dossier_Plan_Oasis_english_final.pdf,202502_dossier_Plan_Oasis_english_final,application/pdf,0,,,2025,,0,2,promote,report,1,,
107407,202502_dossier_Plan_Oasis_english_final.pdf,202502_dossier_Plan_Oasis_english_final,application/pdf,0,,,2025,,0,2,promote,report,1,,
107408,202502_dossier_Plan_Oasis_english_final.pdf,202502_dossier_Plan_Oasis_english_final,application/pdf,0,,,2025,,0,2,promote,report,1,,
107409,202502_dossier_Plan_Oasis_english_final.pdf,202502_dossier_Plan_Oasis_english_final,application/pdf,0,,,2025,,0,2,promote,report,1,,
107410,202502_dossier_Plan_Oasis_english_final.pdf,202502_dossier_Plan_Oasis_english_final,application/pdf,0,,,2025,,0,2,promote,report,1,,
107411,202502_dossier_Plan_Oasis_english_final.pdf,202502_dossier_Plan_Oasis_english_final,application/pdf,0,,,2025,,0,2,promote,report,1,,
107412,202502_dossier_Plan_Oasis_english_final.pdf,202502_dossier_Plan_Oasis_english_final,application/pdf,0,,,2025,,0,2,promote,report,1,,
107413,202502_dossier_Plan_Oasis_english_final.pdf,202502_dossier_Plan_Oasis_english_final,application/pdf,0,,,2025,,0,2,promote,report,1,,
107756,202502_dossier_Plan_Oasis_english_final-1.pdf,202502_dossier_Plan_Oasis_english_final,application/pdf,0,,,2025,,0,2,promote,report,1,,
107757,202502_dossier_Plan_Oasis_english_final-1.pdf,202502_dossier_Plan_Oasis_english_final,application/pdf,0,,,2025,,0,2,promote,report,1,,
107758,202502_dossier_Plan_Oasis_english_final-1.pdf,202502_dossier_Plan_Oasis_english_final,application/pdf,0,,,2025,,0,2,promote,report,1,,
107759,202502_dossier_Plan_Oasis_english_final-1.pdf,202502_dossier_Plan_Oasis_english_final,application/pdf,0,,,2025,,0,2,promote,report,1,,
107760,202502_dossier_Plan_Oasis_english_final-1.pdf,202502_dossier_Plan_Oasis_english_final,application/pdf,0,,,2025,,0,2,promote,report,1,,
107761,202502_dossier_Plan_Oasis_english_final-1.pdf,202502_dossier_Plan_Oasis_english_final,application/pdf,0,,,2025,,0,2,promote,report,1,,
107762,202502_dossier_Plan_Oasis_english_final-1.pdf,202502_dossier_Plan_Oasis_english_final,application/pdf,0,,,2025,,0,2,promote,report,1,,
107763,202502_dossier_Plan_Oasis_english_final-1.pdf,202502_dossier_Plan_Oasis_english_final,application/pdf,0,,,2025,,0,2,promote,report,1,,
107764,202502_dossier_Plan_Oasis_english_final-1.pdf,202502_dossier_Plan_Oasis_english_final,application/pdf,0,,,2025,,0,2,promote,report,1,,
107980,20250524-conference-invitation-updated.pdf,"20250524 conference invitation updated",application/pdf,0,,,2025,,2,2,promote,report,1,,
107981,20250524-conference-invitation-updated.pdf,"20250524 conference invitation updated",application/pdf,0,,,2025,,2,2,promote,report,1,,
107982,20250524-conference-invitation-updated.pdf,"20250524 conference invitation updated",application/pdf,0,,,2025,,2,2,promote,report,1,,
107984,20250524-conference-invitation-updated.pdf,"20250524 conference invitation updated",application/pdf,0,,,2025,,2,2,promote,report,1,,
107985,20250524-conference-invitation-updated.pdf,"20250524 conference invitation updated",application/pdf,0,,,2025,,2,2,promote,report,1,,
107986,20250524-conference-invitation-updated.pdf,"20250524 conference invitation updated",application/pdf,0,,,2025,,2,2,promote,report,1,,
107987,20250524-conference-invitation-updated.pdf,"20250524 conference invitation updated",application/pdf,0,,,2025,,2,2,promote,report,1,,
107988,20250524-conference-invitation-updated.pdf,"20250524 conference invitation updated",application/pdf,0,,,2025,,2,2,promote,report,1,,
108865,20250411-lar-has-solution-4-page.pdf,"20250411 lar has solution 4 page",application/pdf,108705,post,"What Each and Every Nation Must Do Now — Wall Street Gave Us This Crisis; LaRouche Has the Solution",2025,,1,2,promote,report,1,,
108869,20250411-lar-has-solution-4-page.pdf,"20250411 lar has solution 4 page",application/pdf,108752,post,"Was jetzt jedes Land tun muß",2025,,1,2,promote,report,1,,
109845,20250602-statement.pdf,"20250602 statement",application/pdf,0,,,2025,,2,2,promote,report,1,,
109846,20250602-statement.pdf,"20250602 statement",application/pdf,0,,,2025,,2,2,promote,report,1,,
109847,20250602-statement.pdf,"20250602 statement",application/pdf,0,,,2025,,2,2,promote,report,1,,
109849,20250602-statement.pdf,"20250602 statement",application/pdf,0,,,2025,,2,2,promote,report,1,,
109850,20250602-statement.pdf,"20250602 statement",application/pdf,0,,,2025,,2,2,promote,report,1,,
109851,20250602-statement.pdf,"20250602 statement",application/pdf,0,,,2025,,2,2,promote,report,1,,
109852,20250602-statement.pdf,"20250602 statement",application/pdf,0,,,2025,,2,2,promote,report,1,,
109853,20250602-statement.pdf,"20250602 statement",application/pdf,0,,,2025,,2,2,promote,report,1,,
110356,20250614-statement-2-sided.pdf,"20250614 statement 2-sided",application/pdf,0,,,2025,,2,2,promote,report,1,,
110358,20250614-statement-2-sided.pdf,"20250614 statement 2-sided",application/pdf,0,,,2025,,2,2,promote,report,1,,
110360,20250614-statement-2-sided.pdf,"20250614 statement 2-sided",application/pdf,0,,,2025,,2,2,promote,report,1,,
110361,20250614-statement-2-sided.pdf,"20250614 statement 2-sided",application/pdf,0,,,2025,,2,2,promote,report,1,,
110362,20250614-statement-2-sided.pdf,"20250614 statement 2-sided",application/pdf,0,,,2025,,2,2,promote,report,1,,
110363,20250614-statement-2-sided.pdf,"20250614 statement 2-sided",application/pdf,0,,,2025,,2,2,promote,report,1,,
110364,20250614-statement-2-sided.pdf,"20250614 statement 2-sided",application/pdf,0,,,2025,,2,2,promote,report,1,,
112536,20251015-bury-statement.pdf,"20251015 bury statement",application/pdf,0,,,2025,,2,2,promote,report,1,,
112537,20251015-bury-statement.pdf,"20251015 bury statement",application/pdf,0,,,2025,,2,2,promote,report,1,,
112538,20251015-bury-statement.pdf,"20251015 bury statement",application/pdf,0,,,2025,,2,2,promote,report,1,,
112540,20251015-bury-statement.pdf,"20251015 bury statement",application/pdf,0,,,2025,,2,2,promote,report,1,,
112541,20251015-bury-statement.pdf,"20251015 bury statement",application/pdf,0,,,2025,,2,2,promote,report,1,,
112542,20251015-bury-statement.pdf,"20251015 bury statement",application/pdf,0,,,2025,,2,2,promote,report,1,,
112543,20251015-bury-statement.pdf,"20251015 bury statement",application/pdf,0,,,2025,,2,2,promote,report,1,,
112544,20251015-bury-statement.pdf,"20251015 bury statement",application/pdf,0,,,2025,,2,2,promote,report,1,,
113787,Leonore-Winter-2025.pdf,"Leonore Winter 2025",application/pdf,105887,page,"All Issues of Leonore Magazine – Art, Science and Statecraft",2025,,0,2,promote,report,1,,
117182,20260618-iran-deal-game-changer-corrected.pdf,"20260618 iran deal game changer corrected",application/pdf,0,,,2026,,2,2,promote,report,1,,
117183,20260618-iran-deal-game-changer-corrected.pdf,"20260618 iran deal game changer corrected",application/pdf,0,,,2026,,2,2,promote,report,1,,
117184,20260618-iran-deal-game-changer-corrected.pdf,"20260618 iran deal game changer corrected",application/pdf,0,,,2026,,2,2,promote,report,1,,
117186,20260618-iran-deal-game-changer-corrected.pdf,"20260618 iran deal game changer corrected",application/pdf,0,,,2026,,2,2,promote,report,1,,
117187,20260618-iran-deal-game-changer-corrected.pdf,"20260618 iran deal game changer corrected",application/pdf,0,,,2026,,2,2,promote,report,1,,
117188,20260618-iran-deal-game-changer-corrected.pdf,"20260618 iran deal game changer corrected",application/pdf,0,,,2026,,2,2,promote,report,1,,
117189,20260618-iran-deal-game-changer-corrected.pdf,"20260618 iran deal game changer corrected",application/pdf,0,,,2026,,2,2,promote,report,1,,
117190,20260618-iran-deal-game-changer-corrected.pdf,"20260618 iran deal game changer corrected",application/pdf,0,,,2026,,2,2,promote,report,1,,
4737,SI-Bro_WEB.pdf,SI-Bro_WEB,application/pdf,0,,,2014,,1,1,leave,report,1,,
4738,SI-Bro_WEB.pdf,SI-Bro_WEB,application/pdf,0,,,2014,,1,1,leave,report,1,,
4739,SI-Bro_WEB.pdf,SI-Bro_WEB,application/pdf,0,,,2014,,1,1,leave,report,1,,
4740,SI-Bro_WEB.pdf,SI-Bro_WEB,application/pdf,0,,,2014,,1,1,leave,report,1,,
4741,SI-Bro_WEB.pdf,SI-Bro_WEB,application/pdf,0,,,2014,,1,1,leave,report,1,,
4742,SI-Bro_WEB.pdf,SI-Bro_WEB,application/pdf,0,,,2014,,1,1,leave,report,1,,
4743,SI-Bro_WEB.pdf,SI-Bro_WEB,application/pdf,0,,,2014,,1,1,leave,report,1,,
4744,SI-Bro_WEB.pdf,SI-Bro_WEB,application/pdf,0,,,2014,,1,1,leave,report,1,,
4749,SI-mg_WEB.pdf,SI-mg_WEB,application/pdf,0,,,2014,,1,1,leave,report,1,,
4750,SI-mg_WEB.pdf,SI-mg_WEB,application/pdf,0,,,2014,,1,1,leave,report,1,,
4751,SI-mg_WEB.pdf,SI-mg_WEB,application/pdf,0,,,2014,,1,1,leave,report,1,,
4752,SI-mg_WEB.pdf,SI-mg_WEB,application/pdf,0,,,2014,,1,1,leave,report,1,,
4753,SI-mg_WEB.pdf,SI-mg_WEB,application/pdf,0,,,2014,,1,1,leave,report,1,,
4754,SI-mg_WEB.pdf,SI-mg_WEB,application/pdf,0,,,2014,,1,1,leave,report,1,,
4755,SI-mg_WEB.pdf,SI-mg_WEB,application/pdf,0,,,2014,,1,1,leave,report,1,,
4756,SI-mg_WEB.pdf,SI-mg_WEB,application/pdf,0,,,2014,,1,1,leave,report,1,,
20865,HZL-Presentation.pdf,HZL-Presentation,application/pdf,19872,si_presentation,"Helga Zepp-LaRouche: The New Silk Road Is Transforming The Planet - A NEW ERA OF MANKIND",2014,,0,1,leave,report,1,,
20866,HZL-Presentation.pdf,HZL-Presentation,application/pdf,21420,si_presentation,"Helga Zepp-LaRouche: ""La Nouvelle Route de la Soie transforme la planète: Une nouvelle ère pour l'humanité""",2014,,0,1,leave,report,1,,
20867,HZL-Presentation.pdf,HZL-Presentation,application/pdf,21419,si_presentation,"H. Zepp-LaRouche: ""Die Neue Seidenstraße transformiert den Planeten: Eine neue Ära der Menschheit""",2014,,0,1,leave,report,1,,
20869,HZL-Presentation.pdf,HZL-Presentation,application/pdf,21421,si_presentation,"Хельга Цепп-Ларуш: Вступительное слово - Новая эра в истории человечества",2014,,0,1,leave,report,1,,
21229,Natalja-Vitrenko.pdf,"Natalja Vitrenko",application/pdf,19914,si_presentation,"Natalia Vitrenko: A Constructive Alternative to the Existing World Order, and Stability in Ukraine - Pathway to Saving Mankind",2014,,0,1,leave,report,1,,
21230,Natalja-Vitrenko.pdf,"Natalja Vitrenko",application/pdf,21586,si_presentation,"""Une alternative constructive à l'ordre mondial actuel et la stabilité en Ukraine – La voie pour sauver l'humanité""",2014,,0,1,leave,report,1,,
21231,Natalja-Vitrenko.pdf,"Natalja Vitrenko",application/pdf,21587,si_presentation,"Natalja Witrenko: Eine konstruktive Alternative zur bestehenden Weltordnung",2014,,0,1,leave,report,1,,
21233,Natalja-Vitrenko.pdf,"Natalja Vitrenko",application/pdf,22571,si_presentation,"Д-р Натaлия Витренко: Конструктивная альтернатива существующему миропорядку и стабильность на Украине – путь спасения человечества",2014,,0,1,leave,report,1,,
23516,Presserklaerung_lang.pdf,Presserklaerung_lang,application/pdf,23447,si_presentation,Presseerklärung,2014,,0,1,leave,report,1,,
23517,Presserklaerung_lang.pdf,Presserklaerung_lang,application/pdf,23402,si_presentation,"Press Release : Prominent Leaders Back Resolution Calling For U.S. and Europe To Reject Geopolitics and Collaborate With the BRICS",2014,,0,1,leave,report,1,,
31799,20150807_aufruf_krieg_august.pdf,20150807_aufruf_krieg_august,application/pdf,0,,,2015,,0,1,leave,report,1,,
31800,20150807_aufruf_krieg_august.pdf,20150807_aufruf_krieg_august,application/pdf,0,,,2015,,0,1,leave,report,1,,
31801,20150807_aufruf_krieg_august.pdf,20150807_aufruf_krieg_august,application/pdf,0,,,2015,,0,1,leave,report,1,,
31809,20150807_aufruf_krieg_august_SI.pdf,20150807_aufruf_krieg_august_SI,application/pdf,0,,,2015,,0,1,leave,report,1,,
31810,20150807_aufruf_krieg_august_SI.pdf,20150807_aufruf_krieg_august_SI,application/pdf,0,,,2015,,0,1,leave,report,1,,
31811,20150807_aufruf_krieg_august_SI.pdf,20150807_aufruf_krieg_august_SI,application/pdf,0,,,2015,,0,1,leave,report,1,,
32109,20150821_aufruf_krieg_august_SI_REVISED_01.pdf,20150821_aufruf_krieg_august_SI_REVISED_01,application/pdf,0,,,2015,,0,1,leave,report,1,,
32110,20150821_aufruf_krieg_august_SI_REVISED_01.pdf,20150821_aufruf_krieg_august_SI_REVISED_01,application/pdf,0,,,2015,,0,1,leave,report,1,,
32111,20150821_aufruf_krieg_august_SI_REVISED_01.pdf,20150821_aufruf_krieg_august_SI_REVISED_01,application/pdf,0,,,2015,,0,1,leave,report,1,,
32270,20150829_hzl_un-last-chance_SI.pdf,20150829_hzl_un-last-chance_SI,application/pdf,0,,,2015,,0,1,leave,report,1,,
32271,20150829_hzl_un-last-chance_SI.pdf,20150829_hzl_un-last-chance_SI,application/pdf,0,,,2015,,0,1,leave,report,1,,
32272,20150829_hzl_un-last-chance_SI.pdf,20150829_hzl_un-last-chance_SI,application/pdf,0,,,2015,,0,1,leave,report,1,,
32281,20150829_hzl_un-letzte-chance_SI.pdf,20150829_hzl_un-letzte-chance_SI,application/pdf,0,,,2015,,0,1,leave,report,1,,
32282,20150829_hzl_un-letzte-chance_SI.pdf,20150829_hzl_un-letzte-chance_SI,application/pdf,0,,,2015,,0,1,leave,report,1,,
32283,20150829_hzl_un-letzte-chance_SI.pdf,20150829_hzl_un-letzte-chance_SI,application/pdf,0,,,2015,,0,1,leave,report,1,,
32751,20151106_aufruf-paris-cop21_SI.pdf,20151106_aufruf-paris-cop21_SI,application/pdf,0,,,2015,,0,1,leave,report,1,,
32752,20151106_aufruf-paris-cop21_SI.pdf,20151106_aufruf-paris-cop21_SI,application/pdf,0,,,2015,,0,1,leave,report,1,,
32753,20151106_aufruf-paris-cop21_SI.pdf,20151106_aufruf-paris-cop21_SI,application/pdf,0,,,2015,,0,1,leave,report,1,,
33010,20160213-HZL-newyears-CHINESE.pdf,20160213-HZL-newyears-CHINESE,application/pdf,0,,,2016,,1,1,leave,report,1,,
33011,20160213-HZL-newyears-CHINESE.pdf,20160213-HZL-newyears-CHINESE,application/pdf,0,,,2016,,1,1,leave,report,1,,
33012,20160213-HZL-newyears-CHINESE.pdf,20160213-HZL-newyears-CHINESE,application/pdf,0,,,2016,,1,1,leave,report,1,,
34276,Konf-Pgm_Berlin-2016_05_EN.pdf,Konf-Pgm_Berlin-2016_05_EN,application/pdf,34203,si_conference,"Conference Berlin 2016 June 25-26",2016,,0,1,leave,report,1,,
34278,Konf-Pgm_Berlin-2016_05_EN.pdf,Konf-Pgm_Berlin-2016_05_EN,application/pdf,34728,si_conference,"Conference Berlin 2016 June 25-26",2016,,0,1,leave,report,1,,
34279,Konf-Pgm_Berlin-2016_05_EN.pdf,Konf-Pgm_Berlin-2016_05_EN,application/pdf,34646,si_conference,"Conference Berlin 2016 June 25-26",2016,,0,1,leave,report,1,,
34280,Konf-Pgm_Berlin-2016_05_EN.pdf,Konf-Pgm_Berlin-2016_05_EN,application/pdf,35648,page,"Conferenza Internazionale dello Schiller Institute, Berlino, 25-26 giugno 2016",2016,,0,1,leave,report,1,,
34286,Konf-Pgm_Berlin-2016_05_EN-revised.pdf,Konf-Pgm_Berlin-2016_05_EN-revised,application/pdf,34203,si_conference,"Conference Berlin 2016 June 25-26",2016,,0,1,leave,report,1,,
34288,Konf-Pgm_Berlin-2016_05_EN-revised.pdf,Konf-Pgm_Berlin-2016_05_EN-revised,application/pdf,34728,si_conference,"Conference Berlin 2016 June 25-26",2016,,0,1,leave,report,1,,
34289,Konf-Pgm_Berlin-2016_05_EN-revised.pdf,Konf-Pgm_Berlin-2016_05_EN-revised,application/pdf,34646,si_conference,"Conference Berlin 2016 June 25-26",2016,,0,1,leave,report,1,,
34290,Konf-Pgm_Berlin-2016_05_EN-revised.pdf,Konf-Pgm_Berlin-2016_05_EN-revised,application/pdf,35648,page,"Conferenza Internazionale dello Schiller Institute, Berlino, 25-26 giugno 2016",2016,,0,1,leave,report,1,,
34664,Konf-Pgm_Berlin-2016_05_DE-revised.pdf,Konf-Pgm_Berlin-2016_05_DE-revised,application/pdf,0,,,2016,,1,1,leave,report,1,,
34666,Konf-Pgm_Berlin-2016_05_DE-revised.pdf,Konf-Pgm_Berlin-2016_05_DE-revised,application/pdf,0,,,2016,,1,1,leave,report,1,,
34667,Konf-Pgm_Berlin-2016_05_DE-revised.pdf,Konf-Pgm_Berlin-2016_05_DE-revised,application/pdf,0,,,2016,,1,1,leave,report,1,,
34668,Konf-Pgm_Berlin-2016_05_DE-revised.pdf,Konf-Pgm_Berlin-2016_05_DE-revised,application/pdf,0,,,2016,,1,1,leave,report,1,,
34669,Konf-Pgm_Berlin-2016_05_DE-revised.pdf,Konf-Pgm_Berlin-2016_05_DE-revised,application/pdf,0,,,2016,,1,1,leave,report,1,,
34670,Konf-Pgm_Berlin-2016_05_DE-revised.pdf,Konf-Pgm_Berlin-2016_05_DE-revised,application/pdf,0,,,2016,,1,1,leave,report,1,,
34671,Konf-Pgm_Berlin-2016_05_DE-revised.pdf,Konf-Pgm_Berlin-2016_05_DE-revised,application/pdf,0,,,2016,,1,1,leave,report,1,,
34672,Konf-Pgm_Berlin-2016_05_DE-revised.pdf,Konf-Pgm_Berlin-2016_05_DE-revised,application/pdf,0,,,2016,,1,1,leave,report,1,,
34800,Konf-Pgm_Berlin-2016_05_FR.pdf,Konf-Pgm_Berlin-2016_05_FR,application/pdf,34728,si_conference,"Conference Berlin 2016 June 25-26",2016,,0,1,leave,report,1,,
34802,Konf-Pgm_Berlin-2016_05_FR.pdf,Konf-Pgm_Berlin-2016_05_FR,application/pdf,34203,si_conference,"Conference Berlin 2016 June 25-26",2016,,0,1,leave,report,1,,
34803,Konf-Pgm_Berlin-2016_05_FR.pdf,Konf-Pgm_Berlin-2016_05_FR,application/pdf,34646,si_conference,"Conference Berlin 2016 June 25-26",2016,,0,1,leave,report,1,,
34804,Konf-Pgm_Berlin-2016_05_FR.pdf,Konf-Pgm_Berlin-2016_05_FR,application/pdf,35648,page,"Conferenza Internazionale dello Schiller Institute, Berlino, 25-26 giugno 2016",2016,,0,1,leave,report,1,,
37678,Schiller-Institut-Konferenz-Essen-Oktober-2016.pdf,schiller-institut-konferenz-essen-oktober-2016,application/pdf,0,,,2016,,1,1,leave,report,1,,
37679,Schiller-Institut-Konferenz-Essen-Oktober-2016.pdf,schiller-institut-konferenz-essen-oktober-2016,application/pdf,0,,,2016,,1,1,leave,report,1,,
37681,Schiller-Institut-Konferenz-Essen-Oktober-2016.pdf,schiller-institut-konferenz-essen-oktober-2016,application/pdf,0,,,2016,,1,1,leave,report,1,,
37682,Schiller-Institut-Konferenz-Essen-Oktober-2016.pdf,schiller-institut-konferenz-essen-oktober-2016,application/pdf,0,,,2016,,1,1,leave,report,1,,
37683,Schiller-Institut-Konferenz-Essen-Oktober-2016.pdf,schiller-institut-konferenz-essen-oktober-2016,application/pdf,0,,,2016,,1,1,leave,report,1,,
37684,Schiller-Institut-Konferenz-Essen-Oktober-2016.pdf,schiller-institut-konferenz-essen-oktober-2016,application/pdf,0,,,2016,,1,1,leave,report,1,,
37685,Schiller-Institut-Konferenz-Essen-Oktober-2016.pdf,schiller-institut-konferenz-essen-oktober-2016,application/pdf,0,,,2016,,1,1,leave,report,1,,
37686,Schiller-Institut-Konferenz-Essen-Oktober-2016.pdf,schiller-institut-konferenz-essen-oktober-2016,application/pdf,0,,,2016,,1,1,leave,report,1,,
41015,April13-14-conf-schedule-2.pdf,April13-14-conf-schedule-2,application/pdf,40985,si_conference,"Schiller Institute Conference in New York: ""U.S.-China Cooperation on the Belt & Road Initiative""",2017,,0,1,leave,report,1,,
42663,SCHILLER_invitation_24octobre.pdf,SCHILLER_invitation_24octobre,application/pdf,0,,,2017,,1,1,leave,report,1,,
42664,SCHILLER_invitation_24octobre.pdf,SCHILLER_invitation_24octobre,application/pdf,0,,,2017,,1,1,leave,report,1,,
42665,SCHILLER_invitation_24octobre.pdf,SCHILLER_invitation_24octobre,application/pdf,0,,,2017,,1,1,leave,report,1,,
42666,SCHILLER_invitation_24octobre.pdf,SCHILLER_invitation_24octobre,application/pdf,0,,,2017,,1,1,leave,report,1,,
42667,SCHILLER_invitation_24octobre.pdf,SCHILLER_invitation_24octobre,application/pdf,0,,,2017,,1,1,leave,report,1,,
42668,SCHILLER_invitation_24octobre.pdf,SCHILLER_invitation_24octobre,application/pdf,0,,,2017,,1,1,leave,report,1,,
42669,SCHILLER_invitation_24octobre.pdf,SCHILLER_invitation_24octobre,application/pdf,0,,,2017,,1,1,leave,report,1,,
42670,SCHILLER_invitation_24octobre.pdf,SCHILLER_invitation_24octobre,application/pdf,0,,,2017,,1,1,leave,report,1,,
42671,SCHILLER_invitation_24octobre.pdf,SCHILLER_invitation_24octobre,application/pdf,0,,,2017,,1,1,leave,report,1,,
42672,SCHILLER_invitation_24octobre.pdf,SCHILLER_invitation_24octobre,application/pdf,0,,,2017,,1,1,leave,report,1,,
43384,konf-pgm_2017_en-2.pdf,konf-pgm_2017_en-2,application/pdf,0,,,2017,,1,1,leave,report,1,,
43385,konf-pgm_2017_en-2.pdf,konf-pgm_2017_en-2,application/pdf,0,,,2017,,1,1,leave,report,1,,
43386,konf-pgm_2017_en-2.pdf,konf-pgm_2017_en-2,application/pdf,0,,,2017,,1,1,leave,report,1,,
43388,konf-pgm_2017_en-2.pdf,konf-pgm_2017_en-2,application/pdf,0,,,2017,,1,1,leave,report,1,,
43389,konf-pgm_2017_en-2.pdf,konf-pgm_2017_en-2,application/pdf,0,,,2017,,1,1,leave,report,1,,
43390,konf-pgm_2017_en-2.pdf,konf-pgm_2017_en-2,application/pdf,0,,,2017,,1,1,leave,report,1,,
43391,konf-pgm_2017_en-2.pdf,konf-pgm_2017_en-2,application/pdf,0,,,2017,,1,1,leave,report,1,,
43392,konf-pgm_2017_en-2.pdf,konf-pgm_2017_en-2,application/pdf,0,,,2017,,1,1,leave,report,1,,
43489,2017_bad-soden_EN.pdf,2017_bad-soden_EN,application/pdf,0,,,2017,,1,1,leave,report,1,,
43490,2017_bad-soden_EN.pdf,2017_bad-soden_EN,application/pdf,0,,,2017,,1,1,leave,report,1,,
43491,2017_bad-soden_EN.pdf,2017_bad-soden_EN,application/pdf,0,,,2017,,1,1,leave,report,1,,
43493,2017_bad-soden_EN.pdf,2017_bad-soden_EN,application/pdf,0,,,2017,,1,1,leave,report,1,,
43494,2017_bad-soden_EN.pdf,2017_bad-soden_EN,application/pdf,0,,,2017,,1,1,leave,report,1,,
43495,2017_bad-soden_EN.pdf,2017_bad-soden_EN,application/pdf,0,,,2017,,1,1,leave,report,1,,
43496,2017_bad-soden_EN.pdf,2017_bad-soden_EN,application/pdf,0,,,2017,,1,1,leave,report,1,,
43497,2017_bad-soden_EN.pdf,2017_bad-soden_EN,application/pdf,0,,,2017,,1,1,leave,report,1,,
43499,2017_bad-soden_yemen_EN.pdf,2017_bad-soden_yemen_EN,application/pdf,0,,,2017,,1,1,leave,report,1,,
43500,2017_bad-soden_yemen_EN.pdf,2017_bad-soden_yemen_EN,application/pdf,0,,,2017,,1,1,leave,report,1,,
43501,2017_bad-soden_yemen_EN.pdf,2017_bad-soden_yemen_EN,application/pdf,0,,,2017,,1,1,leave,report,1,,
43503,2017_bad-soden_yemen_EN.pdf,2017_bad-soden_yemen_EN,application/pdf,0,,,2017,,1,1,leave,report,1,,
43504,2017_bad-soden_yemen_EN.pdf,2017_bad-soden_yemen_EN,application/pdf,0,,,2017,,1,1,leave,report,1,,
43505,2017_bad-soden_yemen_EN.pdf,2017_bad-soden_yemen_EN,application/pdf,0,,,2017,,1,1,leave,report,1,,
43506,2017_bad-soden_yemen_EN.pdf,2017_bad-soden_yemen_EN,application/pdf,0,,,2017,,1,1,leave,report,1,,
43507,2017_bad-soden_yemen_EN.pdf,2017_bad-soden_yemen_EN,application/pdf,0,,,2017,,1,1,leave,report,1,,
44042,konf-pgm_2017_de-2.pdf.pdf,konf-pgm_2017_de-2.pdf,application/pdf,0,,,2017,,1,1,leave,report,1,,
44043,konf-pgm_2017_de-2.pdf.pdf,konf-pgm_2017_de-2.pdf,application/pdf,0,,,2017,,1,1,leave,report,1,,
44045,konf-pgm_2017_de-2.pdf.pdf,konf-pgm_2017_de-2.pdf,application/pdf,0,,,2017,,1,1,leave,report,1,,
44046,konf-pgm_2017_de-2.pdf.pdf,konf-pgm_2017_de-2.pdf,application/pdf,0,,,2017,,1,1,leave,report,1,,
44047,konf-pgm_2017_de-2.pdf.pdf,konf-pgm_2017_de-2.pdf,application/pdf,0,,,2017,,1,1,leave,report,1,,
44048,konf-pgm_2017_de-2.pdf.pdf,konf-pgm_2017_de-2.pdf,application/pdf,0,,,2017,,1,1,leave,report,1,,
44049,konf-pgm_2017_de-2.pdf.pdf,konf-pgm_2017_de-2.pdf,application/pdf,0,,,2017,,1,1,leave,report,1,,
44050,konf-pgm_2017_de-2.pdf.pdf,konf-pgm_2017_de-2.pdf,application/pdf,0,,,2017,,1,1,leave,report,1,,
48646,20180923-schiller-peititon.pdf,20180923-schiller-peititon,application/pdf,48608,post,"Prominent leaders endorse LaRouche's New Bretton Woods",2018,,0,1,leave,report,1,,
52702,20190315-larouche-rehabilitieren.pdf,20190315-larouche-rehabilitieren,application/pdf,0,,,2019,,1,1,leave,report,1,,
52703,20190315-larouche-rehabilitieren.pdf,20190315-larouche-rehabilitieren,application/pdf,0,,,2019,,1,1,leave,report,1,,
52704,20190315-larouche-rehabilitieren.pdf,20190315-larouche-rehabilitieren,application/pdf,0,,,2019,,1,1,leave,report,1,,
52705,20190315-larouche-rehabilitieren.pdf,20190315-larouche-rehabilitieren,application/pdf,0,,,2019,,1,1,leave,report,1,,
52706,20190315-larouche-rehabilitieren.pdf,20190315-larouche-rehabilitieren,application/pdf,0,,,2019,,1,1,leave,report,1,,
52707,20190315-larouche-rehabilitieren.pdf,20190315-larouche-rehabilitieren,application/pdf,0,,,2019,,1,1,leave,report,1,,
52708,20190315-larouche-rehabilitieren.pdf,20190315-larouche-rehabilitieren,application/pdf,0,,,2019,,1,1,leave,report,1,,
52709,20190315-larouche-rehabilitieren.pdf,20190315-larouche-rehabilitieren,application/pdf,0,,,2019,,1,1,leave,report,1,,
52710,20190315-larouche-rehabilitieren.pdf,20190315-larouche-rehabilitieren,application/pdf,0,,,2019,,1,1,leave,report,1,,
52711,20190315-larouche-rehabilitieren.pdf,20190315-larouche-rehabilitieren,application/pdf,0,,,2019,,1,1,leave,report,1,,
53516,Fimmen-Für-ein-neues-‚Jemen-felix‘.pdf,"Fimmen - Für ein neues ‚Jemen felix‘",application/pdf,53514,si_coverage,"Kulturaustausch: Für ein Neues 'Jemen felix' !",2019,,0,1,leave,report,1,,
55688,20190907-schiller-internationaler-aufruf-an-die-jugend-02.pdf,20190907-schiller-internationaler-aufruf-an-die-jugend-02,application/pdf,55616,si_statement,"Internationaler Aufruf an die Jugend: Das Zeitalter der Vernunft liegt in den Sternen!",2019,,0,1,leave,report,1,,
56436,Landwirteflugblatt-2019.pdf,Landwirteflugblatt-2019,application/pdf,0,,,2019,,1,1,leave,report,1,,
56437,Landwirteflugblatt-2019.pdf,Landwirteflugblatt-2019,application/pdf,0,,,2019,,1,1,leave,report,1,,
56438,Landwirteflugblatt-2019.pdf,Landwirteflugblatt-2019,application/pdf,0,,,2019,,1,1,leave,report,1,,
56439,Landwirteflugblatt-2019.pdf,Landwirteflugblatt-2019,application/pdf,0,,,2019,,1,1,leave,report,1,,
56440,Landwirteflugblatt-2019.pdf,Landwirteflugblatt-2019,application/pdf,0,,,2019,,1,1,leave,report,1,,
56441,Landwirteflugblatt-2019.pdf,Landwirteflugblatt-2019,application/pdf,0,,,2019,,1,1,leave,report,1,,
56442,Landwirteflugblatt-2019.pdf,Landwirteflugblatt-2019,application/pdf,0,,,2019,,1,1,leave,report,1,,
56443,Landwirteflugblatt-2019.pdf,Landwirteflugblatt-2019,application/pdf,0,,,2019,,1,1,leave,report,1,,
56444,Landwirteflugblatt-2019.pdf,Landwirteflugblatt-2019,application/pdf,0,,,2019,,1,1,leave,report,1,,
57401,20200108-schiller-call-for-summit.pdf,20200108-schiller-call-for-summit,application/pdf,57384,si_statement,"Call for Presidents Trump, Putin & Xi to Convene Emergency Summit to Address Danger of War",2020,,0,1,leave,report,1,,
57405,20200108-schiller-call-for-summit.pdf,20200108-schiller-call-for-summit,application/pdf,57412,si_statement,"Aufruf an die Präsidenten Trump, Putin und Xi zur Einberufung eines Sondergipfels zur Bewältigung der Kriegsgefahr",2020,,0,1,leave,report,1,,
57416,20200104-sondergipfel-01.pdf,20200104-sondergipfel-01,application/pdf,57353,si_statement,"Helga Zepp-LaRouches Erklärung zu der Ermordung des iranischen Generals Qasem Soleimani",2020,,0,1,leave,report,1,,
57419,20200104-sondergipfel-01.pdf,20200104-sondergipfel-01,application/pdf,57308,si_statement,"Helga Zepp-LaRouche Statement on the Assassination of Qasem Soleimani",2020,,0,1,leave,report,1,,
57632,20200127-SIFB_Von_der_Unfähigkeit.pdf,20200127-SIFB_Von_der_Unfähigkeit,application/pdf,0,,,2020,,1,1,leave,report,1,,
57633,20200127-SIFB_Von_der_Unfähigkeit.pdf,20200127-SIFB_Von_der_Unfähigkeit,application/pdf,0,,,2020,,1,1,leave,report,1,,
57634,20200127-SIFB_Von_der_Unfähigkeit.pdf,20200127-SIFB_Von_der_Unfähigkeit,application/pdf,0,,,2020,,1,1,leave,report,1,,
57635,20200127-SIFB_Von_der_Unfähigkeit.pdf,20200127-SIFB_Von_der_Unfähigkeit,application/pdf,0,,,2020,,1,1,leave,report,1,,
57636,20200127-SIFB_Von_der_Unfähigkeit.pdf,20200127-SIFB_Von_der_Unfähigkeit,application/pdf,0,,,2020,,1,1,leave,report,1,,
57637,20200127-SIFB_Von_der_Unfähigkeit.pdf,20200127-SIFB_Von_der_Unfähigkeit,application/pdf,0,,,2020,,1,1,leave,report,1,,
57638,20200127-SIFB_Von_der_Unfähigkeit.pdf,20200127-SIFB_Von_der_Unfähigkeit,application/pdf,0,,,2020,,1,1,leave,report,1,,
57639,20200127-SIFB_Von_der_Unfähigkeit.pdf,20200127-SIFB_Von_der_Unfähigkeit,application/pdf,0,,,2020,,1,1,leave,report,1,,
57640,20200127-SIFB_Von_der_Unfähigkeit.pdf,20200127-SIFB_Von_der_Unfähigkeit,application/pdf,0,,,2020,,1,1,leave,report,1,,
57643,20200127-SIFB_Von_der_Unfähigkeit_A3.pdf,20200127-SIFB_Von_der_Unfähigkeit_A3,application/pdf,0,,,2020,,1,1,leave,report,1,,
57644,20200127-SIFB_Von_der_Unfähigkeit_A3.pdf,20200127-SIFB_Von_der_Unfähigkeit_A3,application/pdf,0,,,2020,,1,1,leave,report,1,,
57645,20200127-SIFB_Von_der_Unfähigkeit_A3.pdf,20200127-SIFB_Von_der_Unfähigkeit_A3,application/pdf,0,,,2020,,1,1,leave,report,1,,
57646,20200127-SIFB_Von_der_Unfähigkeit_A3.pdf,20200127-SIFB_Von_der_Unfähigkeit_A3,application/pdf,0,,,2020,,1,1,leave,report,1,,
57647,20200127-SIFB_Von_der_Unfähigkeit_A3.pdf,20200127-SIFB_Von_der_Unfähigkeit_A3,application/pdf,0,,,2020,,1,1,leave,report,1,,
57648,20200127-SIFB_Von_der_Unfähigkeit_A3.pdf,20200127-SIFB_Von_der_Unfähigkeit_A3,application/pdf,0,,,2020,,1,1,leave,report,1,,
57649,20200127-SIFB_Von_der_Unfähigkeit_A3.pdf,20200127-SIFB_Von_der_Unfähigkeit_A3,application/pdf,0,,,2020,,1,1,leave,report,1,,
57650,20200127-SIFB_Von_der_Unfähigkeit_A3.pdf,20200127-SIFB_Von_der_Unfähigkeit_A3,application/pdf,0,,,2020,,1,1,leave,report,1,,
57651,20200127-SIFB_Von_der_Unfähigkeit_A3.pdf,20200127-SIFB_Von_der_Unfähigkeit_A3,application/pdf,0,,,2020,,1,1,leave,report,1,,
57880,20200228-helga-statement-4-laws.pdf,20200228-helga-statement-4-laws,application/pdf,57843,si_statement,"Zepp-LaRouche: Time for LaRouche's Four Laws Globally",2020,,0,1,leave,report,1,,
57884,20200228-helga-statement-4-laws.pdf,20200228-helga-statement-4-laws,application/pdf,57909,si_statement,"Dringender Appell",2020,,0,1,leave,report,1,,
58063,20200309-SIFB_Dringender_Appell_01.pdf,20200309-SIFB_Dringender_Appell_01,application/pdf,57909,si_statement,"Dringender Appell",2020,,0,1,leave,report,1,,
58066,20200309-SIFB_Dringender_Appell_01.pdf,20200309-SIFB_Dringender_Appell_01,application/pdf,57843,si_statement,"Zepp-LaRouche: Time for LaRouche's Four Laws Globally",2020,,0,1,leave,report,1,,
58105,20200309-SIFB_Dringender_Appell_02.pdf,20200309-SIFB_Dringender_Appell_02,application/pdf,57909,si_statement,"Dringender Appell",2020,,0,1,leave,report,1,,
58108,20200309-SIFB_Dringender_Appell_02.pdf,20200309-SIFB_Dringender_Appell_02,application/pdf,57843,si_statement,"Zepp-LaRouche: Time for LaRouche's Four Laws Globally",2020,,0,1,leave,report,1,,
64620,SI-GreatReset2020.pdf,SI-GreatReset2020_German,application/pdf,64616,si_statement,"Weltweiter Widerstand gegen globalen Faschismus: Stoppt die Machtergreifung der Zentralbanken!",2020,,0,1,leave,report,1,,
64623,SI-GreatReset2020.pdf,SI-GreatReset2020,application/pdf,64529,si_statement,"Resolution for a Worldwide Resistance to Global Fascism— Stop the Central Bank Takeover",2020,,0,1,leave,report,1,,
69765,Offener-Brief-an-das-Klimakabinett-der-Bundesregierung.pdf,Offener-Brief-an-das-Klimakabinett-der-Bundesregierung,application/pdf,0,,,2021,,1,1,leave,report,1,,
69766,Offener-Brief-an-das-Klimakabinett-der-Bundesregierung.pdf,Offener-Brief-an-das-Klimakabinett-der-Bundesregierung,application/pdf,0,,,2021,,1,1,leave,report,1,,
69767,Offener-Brief-an-das-Klimakabinett-der-Bundesregierung.pdf,Offener-Brief-an-das-Klimakabinett-der-Bundesregierung,application/pdf,0,,,2021,,1,1,leave,report,1,,
69768,Offener-Brief-an-das-Klimakabinett-der-Bundesregierung.pdf,Offener-Brief-an-das-Klimakabinett-der-Bundesregierung,application/pdf,0,,,2021,,1,1,leave,report,1,,
69769,Offener-Brief-an-das-Klimakabinett-der-Bundesregierung.pdf,Offener-Brief-an-das-Klimakabinett-der-Bundesregierung,application/pdf,0,,,2021,,1,1,leave,report,1,,
69770,Offener-Brief-an-das-Klimakabinett-der-Bundesregierung.pdf,Offener-Brief-an-das-Klimakabinett-der-Bundesregierung,application/pdf,0,,,2021,,1,1,leave,report,1,,
69771,Offener-Brief-an-das-Klimakabinett-der-Bundesregierung.pdf,Offener-Brief-an-das-Klimakabinett-der-Bundesregierung,application/pdf,0,,,2021,,1,1,leave,report,1,,
69772,Offener-Brief-an-das-Klimakabinett-der-Bundesregierung.pdf,Offener-Brief-an-das-Klimakabinett-der-Bundesregierung,application/pdf,0,,,2021,,1,1,leave,report,1,,
69773,Offener-Brief-an-das-Klimakabinett-der-Bundesregierung.pdf,Offener-Brief-an-das-Klimakabinett-der-Bundesregierung,application/pdf,0,,,2021,,1,1,leave,report,1,,
69816,Stellungnahme-zur-Terra-X-Sendung-vom-18.10.2020.pdf,"Stellungnahme zur Terra-X Sendung vom 18.10.2020",application/pdf,0,,,2021,,1,1,leave,report,1,,
69817,Stellungnahme-zur-Terra-X-Sendung-vom-18.10.2020.pdf,"Stellungnahme zur Terra-X Sendung vom 18.10.2020",application/pdf,0,,,2021,,1,1,leave,report,1,,
69818,Stellungnahme-zur-Terra-X-Sendung-vom-18.10.2020.pdf,"Stellungnahme zur Terra-X Sendung vom 18.10.2020",application/pdf,0,,,2021,,1,1,leave,report,1,,
69819,Stellungnahme-zur-Terra-X-Sendung-vom-18.10.2020.pdf,"Stellungnahme zur Terra-X Sendung vom 18.10.2020",application/pdf,0,,,2021,,1,1,leave,report,1,,
69820,Stellungnahme-zur-Terra-X-Sendung-vom-18.10.2020.pdf,"Stellungnahme zur Terra-X Sendung vom 18.10.2020",application/pdf,0,,,2021,,1,1,leave,report,1,,
69821,Stellungnahme-zur-Terra-X-Sendung-vom-18.10.2020.pdf,"Stellungnahme zur Terra-X Sendung vom 18.10.2020",application/pdf,0,,,2021,,1,1,leave,report,1,,
69822,Stellungnahme-zur-Terra-X-Sendung-vom-18.10.2020.pdf,"Stellungnahme zur Terra-X Sendung vom 18.10.2020",application/pdf,0,,,2021,,1,1,leave,report,1,,
69823,Stellungnahme-zur-Terra-X-Sendung-vom-18.10.2020.pdf,"Stellungnahme zur Terra-X Sendung vom 18.10.2020",application/pdf,0,,,2021,,1,1,leave,report,1,,
69824,Stellungnahme-zur-Terra-X-Sendung-vom-18.10.2020.pdf,"Stellungnahme zur Terra-X Sendung vom 18.10.2020",application/pdf,0,,,2021,,1,1,leave,report,1,,
72864,20210422-SIFB_Dringender_Appell_03.pdf,20210422-SIFB_Dringender_Appell_03,application/pdf,0,,,2021,,1,1,leave,report,1,,
72865,20210422-SIFB_Dringender_Appell_03.pdf,20210422-SIFB_Dringender_Appell_03,application/pdf,0,,,2021,,1,1,leave,report,1,,
72867,20210422-SIFB_Dringender_Appell_03.pdf,20210422-SIFB_Dringender_Appell_03,application/pdf,0,,,2021,,1,1,leave,report,1,,
72868,20210422-SIFB_Dringender_Appell_03.pdf,20210422-SIFB_Dringender_Appell_03,application/pdf,0,,,2021,,1,1,leave,report,1,,
72869,20210422-SIFB_Dringender_Appell_03.pdf,20210422-SIFB_Dringender_Appell_03,application/pdf,0,,,2021,,1,1,leave,report,1,,
72870,20210422-SIFB_Dringender_Appell_03.pdf,20210422-SIFB_Dringender_Appell_03,application/pdf,0,,,2021,,1,1,leave,report,1,,
72871,20210422-SIFB_Dringender_Appell_03.pdf,20210422-SIFB_Dringender_Appell_03,application/pdf,0,,,2021,,1,1,leave,report,1,,
72872,20210422-SIFB_Dringender_Appell_03.pdf,20210422-SIFB_Dringender_Appell_03,application/pdf,0,,,2021,,1,1,leave,report,1,,
78556,Leonore-Summer-2021.pdf,Leonore-Summer-2021,application/pdf,78555,page,"Leonore Summer 2021 Issue",2021,,0,1,leave,report,1,,
78573,Leonore-Summer-2021-Pre-Final.pdf,Leonore-Summer-2021-Pre-Final,application/pdf,78555,page,"Leonore Summer 2021 Issue",2021,,0,1,leave,report,1,,
79057,Notes_RefsWills-KingLear-PartI.pdf,"Notes_RefsWills KingLear PartI",application/pdf,0,,,2021,,1,1,leave,report,1,,
79058,Notes_RefsWills-KingLear-PartI.pdf,"Notes_RefsWills KingLear PartI",application/pdf,0,,,2021,,1,1,leave,report,1,,
79059,Notes_RefsWills-KingLear-PartI.pdf,"Notes_RefsWills KingLear PartI",application/pdf,0,,,2021,,1,1,leave,report,1,,
79060,Notes_RefsWills-KingLear-PartI.pdf,"Notes_RefsWills KingLear PartI",application/pdf,0,,,2021,,1,1,leave,report,1,,
79061,Notes_RefsWills-KingLear-PartI.pdf,"Notes_RefsWills KingLear PartI",application/pdf,0,,,2021,,1,1,leave,report,1,,
79062,Notes_RefsWills-KingLear-PartI.pdf,"Notes_RefsWills KingLear PartI",application/pdf,0,,,2021,,1,1,leave,report,1,,
79063,Notes_RefsWills-KingLear-PartI.pdf,"Notes_RefsWills KingLear PartI",application/pdf,0,,,2021,,1,1,leave,report,1,,
79064,Notes_RefsWills-KingLear-PartI.pdf,"Notes_RefsWills KingLear PartI",application/pdf,0,,,2021,,1,1,leave,report,1,,
79065,Notes_RefsWills-KingLear-PartI.pdf,"Notes_RefsWills KingLear PartI",application/pdf,0,,,2021,,1,1,leave,report,1,,
79066,Notes_RefsWills-KingLear-PartI.pdf,"Notes_RefsWills KingLear PartI",application/pdf,0,,,2021,,1,1,leave,report,1,,
79067,LHL-Fred-Wills1994.pdf,"LHL Fred Wills1994",application/pdf,0,,,2021,,1,1,leave,report,1,,
79068,LHL-Fred-Wills1994.pdf,"LHL Fred Wills1994",application/pdf,0,,,2021,,1,1,leave,report,1,,
79069,LHL-Fred-Wills1994.pdf,"LHL Fred Wills1994",application/pdf,0,,,2021,,1,1,leave,report,1,,
79070,LHL-Fred-Wills1994.pdf,"LHL Fred Wills1994",application/pdf,0,,,2021,,1,1,leave,report,1,,
79071,LHL-Fred-Wills1994.pdf,"LHL Fred Wills1994",application/pdf,0,,,2021,,1,1,leave,report,1,,
79072,LHL-Fred-Wills1994.pdf,"LHL Fred Wills1994",application/pdf,0,,,2021,,1,1,leave,report,1,,
79073,LHL-Fred-Wills1994.pdf,"LHL Fred Wills1994",application/pdf,0,,,2021,,1,1,leave,report,1,,
79074,LHL-Fred-Wills1994.pdf,"LHL Fred Wills1994",application/pdf,0,,,2021,,1,1,leave,report,1,,
79075,LHL-Fred-Wills1994.pdf,"LHL Fred Wills1994",application/pdf,0,,,2021,,1,1,leave,report,1,,
79076,LHL-Fred-Wills1994.pdf,"LHL Fred Wills1994",application/pdf,0,,,2021,,1,1,leave,report,1,,
79215,Wills-King-Lear-PART-I.pdf,"Wills King Lear PART I",application/pdf,0,,,2021,,1,1,leave,report,1,,
79216,Wills-King-Lear-PART-I.pdf,"Wills King Lear PART I",application/pdf,0,,,2021,,1,1,leave,report,1,,
79217,Wills-King-Lear-PART-I.pdf,"Wills King Lear PART I",application/pdf,0,,,2021,,1,1,leave,report,1,,
79218,Wills-King-Lear-PART-I.pdf,"Wills King Lear PART I",application/pdf,0,,,2021,,1,1,leave,report,1,,
79219,Wills-King-Lear-PART-I.pdf,"Wills King Lear PART I",application/pdf,0,,,2021,,1,1,leave,report,1,,
79220,Wills-King-Lear-PART-I.pdf,"Wills King Lear PART I",application/pdf,0,,,2021,,1,1,leave,report,1,,
79221,Wills-King-Lear-PART-I.pdf,"Wills King Lear PART I",application/pdf,0,,,2021,,1,1,leave,report,1,,
79222,Wills-King-Lear-PART-I.pdf,"Wills King Lear PART I",application/pdf,0,,,2021,,1,1,leave,report,1,,
79223,Wills-King-Lear-PART-I.pdf,"Wills King Lear PART I",application/pdf,0,,,2021,,1,1,leave,report,1,,
79224,Wills-King-Lear-PART-I.pdf,"Wills King Lear PART I",application/pdf,0,,,2021,,1,1,leave,report,1,,
79225,The-Elegant-Enjoyment-of-Borrowed-Time-.pdf,"The Elegant Enjoyment of Borrowed Time",application/pdf,0,,,2021,,1,1,leave,report,1,,
79226,The-Elegant-Enjoyment-of-Borrowed-Time-.pdf,"The Elegant Enjoyment of Borrowed Time",application/pdf,0,,,2021,,1,1,leave,report,1,,
79227,The-Elegant-Enjoyment-of-Borrowed-Time-.pdf,"The Elegant Enjoyment of Borrowed Time",application/pdf,0,,,2021,,1,1,leave,report,1,,
79228,The-Elegant-Enjoyment-of-Borrowed-Time-.pdf,"The Elegant Enjoyment of Borrowed Time",application/pdf,0,,,2021,,1,1,leave,report,1,,
79229,The-Elegant-Enjoyment-of-Borrowed-Time-.pdf,"The Elegant Enjoyment of Borrowed Time",application/pdf,0,,,2021,,1,1,leave,report,1,,
79230,The-Elegant-Enjoyment-of-Borrowed-Time-.pdf,"The Elegant Enjoyment of Borrowed Time",application/pdf,0,,,2021,,1,1,leave,report,1,,
79231,The-Elegant-Enjoyment-of-Borrowed-Time-.pdf,"The Elegant Enjoyment of Borrowed Time",application/pdf,0,,,2021,,1,1,leave,report,1,,
79232,The-Elegant-Enjoyment-of-Borrowed-Time-.pdf,"The Elegant Enjoyment of Borrowed Time",application/pdf,0,,,2021,,1,1,leave,report,1,,
79233,The-Elegant-Enjoyment-of-Borrowed-Time-.pdf,"The Elegant Enjoyment of Borrowed Time",application/pdf,0,,,2021,,1,1,leave,report,1,,
79234,The-Elegant-Enjoyment-of-Borrowed-Time-.pdf,"The Elegant Enjoyment of Borrowed Time",application/pdf,0,,,2021,,1,1,leave,report,1,,
79835,UN-Flugblatt_2021.pdf,UN-Flugblatt_2021,application/pdf,0,,,2021,,1,1,leave,report,1,,
79836,UN-Flugblatt_2021.pdf,UN-Flugblatt_2021,application/pdf,0,,,2021,,1,1,leave,report,1,,
79837,UN-Flugblatt_2021.pdf,UN-Flugblatt_2021,application/pdf,0,,,2021,,1,1,leave,report,1,,
79838,UN-Flugblatt_2021.pdf,UN-Flugblatt_2021,application/pdf,0,,,2021,,1,1,leave,report,1,,
79839,UN-Flugblatt_2021.pdf,UN-Flugblatt_2021,application/pdf,0,,,2021,,1,1,leave,report,1,,
79840,UN-Flugblatt_2021.pdf,UN-Flugblatt_2021,application/pdf,0,,,2021,,1,1,leave,report,1,,
79841,UN-Flugblatt_2021.pdf,UN-Flugblatt_2021,application/pdf,0,,,2021,,1,1,leave,report,1,,
79842,UN-Flugblatt_2021.pdf,UN-Flugblatt_2021,application/pdf,0,,,2021,,1,1,leave,report,1,,
79843,UN-Flugblatt_2021.pdf,UN-Flugblatt_2021,application/pdf,0,,,2021,,1,1,leave,report,1,,
79844,UN-Flugblatt_2021.pdf,UN-Flugblatt_2021,application/pdf,0,,,2021,,1,1,leave,report,1,,
79965,King-Lear-Part-IIa.pdf,"King Lear Part IIa",application/pdf,0,,,2021,,1,1,leave,report,1,,
79966,King-Lear-Part-IIa.pdf,"King Lear Part IIa",application/pdf,0,,,2021,,1,1,leave,report,1,,
79967,King-Lear-Part-IIa.pdf,"King Lear Part IIa",application/pdf,0,,,2021,,1,1,leave,report,1,,
79968,King-Lear-Part-IIa.pdf,"King Lear Part IIa",application/pdf,0,,,2021,,1,1,leave,report,1,,
79969,King-Lear-Part-IIa.pdf,"King Lear Part IIa",application/pdf,0,,,2021,,1,1,leave,report,1,,
79970,King-Lear-Part-IIa.pdf,"King Lear Part IIa",application/pdf,0,,,2021,,1,1,leave,report,1,,
79971,King-Lear-Part-IIa.pdf,"King Lear Part IIa",application/pdf,0,,,2021,,1,1,leave,report,1,,
79972,King-Lear-Part-IIa.pdf,"King Lear Part IIa",application/pdf,0,,,2021,,1,1,leave,report,1,,
79973,King-Lear-Part-IIa.pdf,"King Lear Part IIa",application/pdf,0,,,2021,,1,1,leave,report,1,,
79974,King-Lear-Part-IIa.pdf,"King Lear Part IIa",application/pdf,0,,,2021,,1,1,leave,report,1,,
79975,King-Lear-Part-IIb.pdf,"King Lear Part IIb",application/pdf,0,,,2021,,1,1,leave,report,1,,
79976,King-Lear-Part-IIb.pdf,"King Lear Part IIb",application/pdf,0,,,2021,,1,1,leave,report,1,,
79977,King-Lear-Part-IIb.pdf,"King Lear Part IIb",application/pdf,0,,,2021,,1,1,leave,report,1,,
79978,King-Lear-Part-IIb.pdf,"King Lear Part IIb",application/pdf,0,,,2021,,1,1,leave,report,1,,
79979,King-Lear-Part-IIb.pdf,"King Lear Part IIb",application/pdf,0,,,2021,,1,1,leave,report,1,,
79980,King-Lear-Part-IIb.pdf,"King Lear Part IIb",application/pdf,0,,,2021,,1,1,leave,report,1,,
79981,King-Lear-Part-IIb.pdf,"King Lear Part IIb",application/pdf,0,,,2021,,1,1,leave,report,1,,
79982,King-Lear-Part-IIb.pdf,"King Lear Part IIb",application/pdf,0,,,2021,,1,1,leave,report,1,,
79983,King-Lear-Part-IIb.pdf,"King Lear Part IIb",application/pdf,0,,,2021,,1,1,leave,report,1,,
79984,King-Lear-Part-IIb.pdf,"King Lear Part IIb",application/pdf,0,,,2021,,1,1,leave,report,1,,
80114,Part-III-King-Lear.pdf,"Part III King Lear",application/pdf,0,,,2021,,1,1,leave,report,1,,
80115,Part-III-King-Lear.pdf,"Part III King Lear",application/pdf,0,,,2021,,1,1,leave,report,1,,
80116,Part-III-King-Lear.pdf,"Part III King Lear",application/pdf,0,,,2021,,1,1,leave,report,1,,
80117,Part-III-King-Lear.pdf,"Part III King Lear",application/pdf,0,,,2021,,1,1,leave,report,1,,
80118,Part-III-King-Lear.pdf,"Part III King Lear",application/pdf,0,,,2021,,1,1,leave,report,1,,
80119,Part-III-King-Lear.pdf,"Part III King Lear",application/pdf,0,,,2021,,1,1,leave,report,1,,
80120,Part-III-King-Lear.pdf,"Part III King Lear",application/pdf,0,,,2021,,1,1,leave,report,1,,
80121,Part-III-King-Lear.pdf,"Part III King Lear",application/pdf,0,,,2021,,1,1,leave,report,1,,
80122,Part-III-King-Lear.pdf,"Part III King Lear",application/pdf,0,,,2021,,1,1,leave,report,1,,
80123,Part-III-King-Lear.pdf,"Part III King Lear",application/pdf,0,,,2021,,1,1,leave,report,1,,
81759,20211106-green-energy-killers.pdf,"20211106 green energy killers",application/pdf,0,,,2021,,1,1,leave,report,1,,
81760,20211106-green-energy-killers.pdf,"20211106 green energy killers",application/pdf,0,,,2021,,1,1,leave,report,1,,
81761,20211106-green-energy-killers.pdf,"20211106 green energy killers",application/pdf,0,,,2021,,1,1,leave,report,1,,
81762,20211106-green-energy-killers.pdf,"20211106 green energy killers",application/pdf,0,,,2021,,1,1,leave,report,1,,
81763,20211106-green-energy-killers.pdf,"20211106 green energy killers",application/pdf,0,,,2021,,1,1,leave,report,1,,
81764,20211106-green-energy-killers.pdf,"20211106 green energy killers",application/pdf,0,,,2021,,1,1,leave,report,1,,
81765,20211106-green-energy-killers.pdf,"20211106 green energy killers",application/pdf,0,,,2021,,1,1,leave,report,1,,
81766,20211106-green-energy-killers.pdf,"20211106 green energy killers",application/pdf,0,,,2021,,1,1,leave,report,1,,
81767,20211106-green-energy-killers.pdf,"20211106 green energy killers",application/pdf,0,,,2021,,1,1,leave,report,1,,
82627,Fitzgerald_Lorentz-.pdf,Fitzgerald_Lorentz,application/pdf,0,,,2021,,1,1,leave,report,1,,
82628,Fitzgerald_Lorentz-.pdf,Fitzgerald_Lorentz,application/pdf,0,,,2021,,1,1,leave,report,1,,
82629,Fitzgerald_Lorentz-.pdf,Fitzgerald_Lorentz,application/pdf,0,,,2021,,1,1,leave,report,1,,
82630,Fitzgerald_Lorentz-.pdf,Fitzgerald_Lorentz,application/pdf,0,,,2021,,1,1,leave,report,1,,
82631,Fitzgerald_Lorentz-.pdf,Fitzgerald_Lorentz,application/pdf,0,,,2021,,1,1,leave,report,1,,
82632,Fitzgerald_Lorentz-.pdf,Fitzgerald_Lorentz,application/pdf,0,,,2021,,1,1,leave,report,1,,
82633,Fitzgerald_Lorentz-.pdf,Fitzgerald_Lorentz,application/pdf,0,,,2021,,1,1,leave,report,1,,
82634,Fitzgerald_Lorentz-.pdf,Fitzgerald_Lorentz,application/pdf,0,,,2021,,1,1,leave,report,1,,
82635,Fitzgerald_Lorentz-.pdf,Fitzgerald_Lorentz,application/pdf,0,,,2021,,1,1,leave,report,1,,
82636,LEAR-Part-IVa.pdf,"LEAR Part IVa",application/pdf,0,,,2021,,1,1,leave,report,1,,
82637,LEAR-Part-IVa.pdf,"LEAR Part IVa",application/pdf,0,,,2021,,1,1,leave,report,1,,
82638,LEAR-Part-IVa.pdf,"LEAR Part IVa",application/pdf,0,,,2021,,1,1,leave,report,1,,
82639,LEAR-Part-IVa.pdf,"LEAR Part IVa",application/pdf,0,,,2021,,1,1,leave,report,1,,
82640,LEAR-Part-IVa.pdf,"LEAR Part IVa",application/pdf,0,,,2021,,1,1,leave,report,1,,
82641,LEAR-Part-IVa.pdf,"LEAR Part IVa",application/pdf,0,,,2021,,1,1,leave,report,1,,
82642,LEAR-Part-IVa.pdf,"LEAR Part IVa",application/pdf,0,,,2021,,1,1,leave,report,1,,
82643,LEAR-Part-IVa.pdf,"LEAR Part IVa",application/pdf,0,,,2021,,1,1,leave,report,1,,
82644,LEAR-Part-IVa.pdf,"LEAR Part IVa",application/pdf,0,,,2021,,1,1,leave,report,1,,
82645,LEAR-Part-IVa.pdf,"LEAR Part IVa",application/pdf,0,,,2021,,1,1,leave,report,1,,
82646,LEAR-PartIVb-Conclusion.pdf,"LEAR PartIVb Conclusion",application/pdf,0,,,2021,,1,1,leave,report,1,,
82647,LEAR-PartIVb-Conclusion.pdf,"LEAR PartIVb Conclusion",application/pdf,0,,,2021,,1,1,leave,report,1,,
82648,LEAR-PartIVb-Conclusion.pdf,"LEAR PartIVb Conclusion",application/pdf,0,,,2021,,1,1,leave,report,1,,
82649,LEAR-PartIVb-Conclusion.pdf,"LEAR PartIVb Conclusion",application/pdf,0,,,2021,,1,1,leave,report,1,,
82650,LEAR-PartIVb-Conclusion.pdf,"LEAR PartIVb Conclusion",application/pdf,0,,,2021,,1,1,leave,report,1,,
82651,LEAR-PartIVb-Conclusion.pdf,"LEAR PartIVb Conclusion",application/pdf,0,,,2021,,1,1,leave,report,1,,
82652,LEAR-PartIVb-Conclusion.pdf,"LEAR PartIVb Conclusion",application/pdf,0,,,2021,,1,1,leave,report,1,,
82653,LEAR-PartIVb-Conclusion.pdf,"LEAR PartIVb Conclusion",application/pdf,0,,,2021,,1,1,leave,report,1,,
82654,LEAR-PartIVb-Conclusion.pdf,"LEAR PartIVb Conclusion",application/pdf,0,,,2021,,1,1,leave,report,1,,
82655,LEAR-PartIVb-Conclusion.pdf,"LEAR PartIVb Conclusion",application/pdf,0,,,2021,,1,1,leave,report,1,,
88578,Transcript-The-History-of-Henry-IV.pdf,"Transcript The History of Henry IV",application/pdf,0,,,2022,,1,1,leave,report,1,,
88579,Transcript-The-History-of-Henry-IV.pdf,"Transcript The History of Henry IV",application/pdf,0,,,2022,,1,1,leave,report,1,,
88580,Transcript-The-History-of-Henry-IV.pdf,"Transcript The History of Henry IV",application/pdf,0,,,2022,,1,1,leave,report,1,,
88581,Transcript-The-History-of-Henry-IV.pdf,"Transcript The History of Henry IV",application/pdf,0,,,2022,,1,1,leave,report,1,,
88582,Transcript-The-History-of-Henry-IV.pdf,"Transcript The History of Henry IV",application/pdf,0,,,2022,,1,1,leave,report,1,,
88583,Transcript-The-History-of-Henry-IV.pdf,"Transcript The History of Henry IV",application/pdf,0,,,2022,,1,1,leave,report,1,,
88584,Transcript-The-History-of-Henry-IV.pdf,"Transcript The History of Henry IV",application/pdf,0,,,2022,,1,1,leave,report,1,,
88585,Transcript-The-History-of-Henry-IV.pdf,"Transcript The History of Henry IV",application/pdf,0,,,2022,,1,1,leave,report,1,,
88586,Transcript-The-History-of-Henry-IV.pdf,"Transcript The History of Henry IV",application/pdf,0,,,2022,,1,1,leave,report,1,,
88587,Transcript-The-History-of-Henry-IV.pdf,"Transcript The History of Henry IV",application/pdf,0,,,2022,,1,1,leave,report,1,,
89104,Wills-HenryIV-Part-II-FINAL-DRAFT.pdf,"Wills HenryIV Part II FINAL DRAFT",application/pdf,0,,,2022,,1,1,leave,report,1,,
89105,Wills-HenryIV-Part-II-FINAL-DRAFT.pdf,"Wills HenryIV Part II FINAL DRAFT",application/pdf,0,,,2022,,1,1,leave,report,1,,
89106,Wills-HenryIV-Part-II-FINAL-DRAFT.pdf,"Wills HenryIV Part II FINAL DRAFT",application/pdf,0,,,2022,,1,1,leave,report,1,,
89107,Wills-HenryIV-Part-II-FINAL-DRAFT.pdf,"Wills HenryIV Part II FINAL DRAFT",application/pdf,0,,,2022,,1,1,leave,report,1,,
89108,Wills-HenryIV-Part-II-FINAL-DRAFT.pdf,"Wills HenryIV Part II FINAL DRAFT",application/pdf,0,,,2022,,1,1,leave,report,1,,
89109,Wills-HenryIV-Part-II-FINAL-DRAFT.pdf,"Wills HenryIV Part II FINAL DRAFT",application/pdf,0,,,2022,,1,1,leave,report,1,,
89110,Wills-HenryIV-Part-II-FINAL-DRAFT.pdf,"Wills HenryIV Part II FINAL DRAFT",application/pdf,0,,,2022,,1,1,leave,report,1,,
89111,Wills-HenryIV-Part-II-FINAL-DRAFT.pdf,"Wills HenryIV Part II FINAL DRAFT",application/pdf,0,,,2022,,1,1,leave,report,1,,
89112,Wills-HenryIV-Part-II-FINAL-DRAFT.pdf,"Wills HenryIV Part II FINAL DRAFT",application/pdf,0,,,2022,,1,1,leave,report,1,,
89113,Wills-HenryIV-Part-II-FINAL-DRAFT.pdf,"Wills HenryIV Part II FINAL DRAFT",application/pdf,0,,,2022,,1,1,leave,report,1,,
89308,PARTIIIHenry-IV-ConclusionWills.pdf,"PARTIIIHenry IV ConclusionWills",application/pdf,0,,,2022,,1,1,leave,report,1,,
89309,PARTIIIHenry-IV-ConclusionWills.pdf,"PARTIIIHenry IV ConclusionWills",application/pdf,0,,,2022,,1,1,leave,report,1,,
89310,PARTIIIHenry-IV-ConclusionWills.pdf,"PARTIIIHenry IV ConclusionWills",application/pdf,0,,,2022,,1,1,leave,report,1,,
89311,PARTIIIHenry-IV-ConclusionWills.pdf,"PARTIIIHenry IV ConclusionWills",application/pdf,0,,,2022,,1,1,leave,report,1,,
89312,PARTIIIHenry-IV-ConclusionWills.pdf,"PARTIIIHenry IV ConclusionWills",application/pdf,0,,,2022,,1,1,leave,report,1,,
89313,PARTIIIHenry-IV-ConclusionWills.pdf,"PARTIIIHenry IV ConclusionWills",application/pdf,0,,,2022,,1,1,leave,report,1,,
89314,PARTIIIHenry-IV-ConclusionWills.pdf,"PARTIIIHenry IV ConclusionWills",application/pdf,0,,,2022,,1,1,leave,report,1,,
89315,PARTIIIHenry-IV-ConclusionWills.pdf,"PARTIIIHenry IV ConclusionWills",application/pdf,0,,,2022,,1,1,leave,report,1,,
89316,PARTIIIHenry-IV-ConclusionWills.pdf,"PARTIIIHenry IV ConclusionWills",application/pdf,0,,,2022,,1,1,leave,report,1,,
89317,PARTIIIHenry-IV-ConclusionWills.pdf,"PARTIIIHenry IV ConclusionWills",application/pdf,0,,,2022,,1,1,leave,report,1,,
91978,Bosshard-Sabotage-unter-der-Nebeldecke.pdf,"Bosshard-Sabotage unter der Nebeldecke",application/pdf,0,,,2022,,1,1,leave,report,1,,
91979,Bosshard-Sabotage-unter-der-Nebeldecke.pdf,"Bosshard-Sabotage unter der Nebeldecke",application/pdf,0,,,2022,,1,1,leave,report,1,,
91980,Bosshard-Sabotage-unter-der-Nebeldecke.pdf,"Bosshard-Sabotage unter der Nebeldecke",application/pdf,0,,,2022,,1,1,leave,report,1,,
91981,Bosshard-Sabotage-unter-der-Nebeldecke.pdf,"Bosshard-Sabotage unter der Nebeldecke",application/pdf,0,,,2022,,1,1,leave,report,1,,
91982,Bosshard-Sabotage-unter-der-Nebeldecke.pdf,"Bosshard-Sabotage unter der Nebeldecke",application/pdf,0,,,2022,,1,1,leave,report,1,,
91983,Bosshard-Sabotage-unter-der-Nebeldecke.pdf,"Bosshard-Sabotage unter der Nebeldecke",application/pdf,0,,,2022,,1,1,leave,report,1,,
91984,Bosshard-Sabotage-unter-der-Nebeldecke.pdf,"Bosshard-Sabotage unter der Nebeldecke",application/pdf,0,,,2022,,1,1,leave,report,1,,
91985,Bosshard-Sabotage-unter-der-Nebeldecke.pdf,"Bosshard-Sabotage unter der Nebeldecke",application/pdf,0,,,2022,,1,1,leave,report,1,,
91986,Bosshard-Sabotage-unter-der-Nebeldecke.pdf,"Bosshard-Sabotage unter der Nebeldecke",application/pdf,0,,,2022,,1,1,leave,report,1,,
91987,Bosshard-Sabotage-unter-der-Nebeldecke.pdf,"Bosshard-Sabotage unter der Nebeldecke",application/pdf,0,,,2022,,1,1,leave,report,1,,
92889,OpenLetterWithSignaturesEnglish.pdf,OpenLetterWithSignaturesEnglish,application/pdf,92888,si_statement,"LETTER TO CURRENT AND FORMER LEGISLATORS OF THE WORLD",2022,,0,1,leave,report,1,,
92893,OpenLetterWithSignaturesEnglish.pdf,OpenLetterWithSignaturesEnglish,application/pdf,92962,si_statement,"Offener Brief an aktive und ehemalige Gesetzgeber der Welt",2022,,0,1,leave,report,1,,
92899,CartaAbiertaConFirmas.pdf,CartaAbiertaConFirmas,application/pdf,92888,si_statement,"LETTER TO CURRENT AND FORMER LEGISLATORS OF THE WORLD",2022,,0,1,leave,report,1,,
92903,CartaAbiertaConFirmas.pdf,CartaAbiertaConFirmas,application/pdf,92962,si_statement,"Offener Brief an aktive und ehemalige Gesetzgeber der Welt",2022,,0,1,leave,report,1,,
93513,20221212-one-step-nuclear-annihilation-1.pdf,20221212-one-step-nuclear-annihilation-1,application/pdf,93487,post,"One Step Away From the Nuclear Annihilation of Mankind!",2022,,0,1,leave,report,1,,
93517,20221212-one-step-nuclear-annihilation-1.pdf,20221212-one-step-nuclear-annihilation-1,application/pdf,93530,post,"Ein Schritt weg von der nuklearen Vernichtung der Menschheit!",2022,,0,1,leave,report,1,,
93661,20221216-christmas-truce.pdf,20221216-christmas-truce,application/pdf,93660,si_statement,"One Step Away from the Nuclear Annihilation of Mankind —  A Christmas Truce for All!",2022,,0,1,leave,report,1,,
93665,20221216-christmas-truce.pdf,20221216-christmas-truce,application/pdf,93708,si_statement,"Nur noch einen Schritt von der nuklearen Vernichtung der Menschheit entfernt: Ein weihnachtlicher Waffenstillstand für alle!",2022,,0,1,leave,report,1,,
93805,20221216-christmas-truce-2.pdf,20221216-christmas-truce-2,application/pdf,93660,si_statement,"One Step Away from the Nuclear Annihilation of Mankind —  A Christmas Truce for All!",2022,,0,1,leave,report,1,,
93809,20221216-christmas-truce-2.pdf,20221216-christmas-truce-2,application/pdf,93708,si_statement,"Nur noch einen Schritt von der nuklearen Vernichtung der Menschheit entfernt: Ein weihnachtlicher Waffenstillstand für alle!",2022,,0,1,leave,report,1,,
93817,20221220-open-letter-to-pope.pdf,20221220-open-letter-to-pope,application/pdf,93760,si_statement,"Open Letter to Pope Francis From Political and Social Leaders: We Support Your Call for Immediate Peace Negotiations",2022,,0,1,leave,report,1,,
93836,20221221-open-letter-to-pope.pdf,20221221-open-letter-to-pope,application/pdf,93760,si_statement,"Open Letter to Pope Francis From Political and Social Leaders: We Support Your Call for Immediate Peace Negotiations",2022,,0,1,leave,report,1,,
93848,20221222-ten-principles.pdf,20221222-ten-principles,application/pdf,93184,si_statement,"Ten Principles of a New International Security and Development Architecture",2022,,0,1,leave,report,1,,
93850,20221222-ten-principles.pdf,20221222-ten-principles,application/pdf,93566,si_statement,国际安全与发展新架构的十项原则,2022,,0,1,leave,report,1,,
93852,20221222-ten-principles.pdf,20221222-ten-principles,application/pdf,93205,si_statement,"­Zehn Prinzipien für eine neue internationale Sicherheits- und Entwicklungsarchitektur",2022,,0,1,leave,report,1,,
93860,20221221-open-letter-to-pope-2.pdf,20221221-open-letter-to-pope-2,application/pdf,93760,si_statement,"Open Letter to Pope Francis From Political and Social Leaders: We Support Your Call for Immediate Peace Negotiations",2022,,0,1,leave,report,1,,
93900,20221221-open-letter-to-pope-3.pdf,20221221-open-letter-to-pope-3,application/pdf,93760,si_statement,"Open Letter to Pope Francis From Political and Social Leaders: We Support Your Call for Immediate Peace Negotiations",2022,,0,1,leave,report,1,,
95326,20221221-open-letter-to-pope-one-page-final.pdf,20221221-open-letter-to-pope-one-page-final,application/pdf,93760,si_statement,"Open Letter to Pope Francis From Political and Social Leaders: We Support Your Call for Immediate Peace Negotiations",2023,,0,1,leave,report,1,,
95336,20221221-open-letter-to-pope-complete-v2.pdf,20221221-open-letter-to-pope-complete-v2,application/pdf,93760,si_statement,"Open Letter to Pope Francis From Political and Social Leaders: We Support Your Call for Immediate Peace Negotiations",2023,,0,1,leave,report,1,,
97070,20230607-peace-coalition.pdf,20230607-peace-coalition,application/pdf,97055,si_statement,"PRESS RELEASE: International Peace Coalition Must Grow To Stop World War III",2023,,0,1,leave,report,1,,
97074,20230607-peace-coalition.pdf,20230607-peace-coalition,application/pdf,97154,si_statement,"Pressemitteilung: Die internationale Friedenskoalition muß wachsen, um den Dritten Weltkrieg zu stoppen!",2023,,0,1,leave,report,1,,
97088,20230607-peace-coalition-1.pdf,20230607-peace-coalition-1,application/pdf,97055,si_statement,"PRESS RELEASE: International Peace Coalition Must Grow To Stop World War III",2023,,0,1,leave,report,1,,
97092,20230607-peace-coalition-1.pdf,20230607-peace-coalition-1,application/pdf,97154,si_statement,"Pressemitteilung: Die internationale Friedenskoalition muß wachsen, um den Dritten Weltkrieg zu stoppen!",2023,,0,1,leave,report,1,,
97099,20230607-peace-coalition-v2.pdf,20230607-peace-coalition-v2,application/pdf,97055,si_statement,"PRESS RELEASE: International Peace Coalition Must Grow To Stop World War III",2023,,0,1,leave,report,1,,
97103,20230607-peace-coalition-v2.pdf,20230607-peace-coalition-v2,application/pdf,97154,si_statement,"Pressemitteilung: Die internationale Friedenskoalition muß wachsen, um den Dritten Weltkrieg zu stoppen!",2023,,0,1,leave,report,1,,
97836,signal-2023-07-19-173429.pdf,signal-2023-07-19-173429,application/pdf,97820,post,"Press Release: Humanity For Peace Aug. 6 International Demonstrations",2023,,0,1,leave,report,1,,
97840,signal-2023-07-19-173429.pdf,signal-2023-07-19-173429,application/pdf,98136,post,"Pressemitteilung: Menschheit für Frieden internationale Kundgebungen am 6. August",2023,,0,1,leave,report,1,,
98553,Schiller-Institute-BRICS-package-v2-1-2.pdf,Schiller-Institute-BRICS-package-v2-1-2,application/pdf,98552,si_statement,"Pamphlet: Colonialism is over! Appeal to the USA and Europe — Support A New, Just World Economic Order, Not War!",2023,,0,1,leave,report,1,,
98557,Schiller-Institute-BRICS-package-v2-1-2.pdf,Schiller-Institute-BRICS-package-v2-1-2,application/pdf,98590,si_statement,"Der Kolonialismus ist vorbei! Appell an die USA und Europa: Unterstützt eine neue, gerechte Weltwirtschaftsordnung, nicht den Krieg!",2023,,0,1,leave,report,1,,
98860,eirv35n08-20080222_026-my_early_encounter_with_leibniz-lar.pdf,eirv35n08-20080222_026-my_early_encounter_with_leibniz-lar,application/pdf,98859,post,"Living a Thousand Lives in One: A Lesson from LaRouche and Leibniz",2023,,0,1,leave,report,1,,
99194,Final-UN-Statement.pdf,Final-UN-Statement,application/pdf,99190,si_statement,"Open Letter to Heads of State at the United Nations General Assembly — You Must Act to Preserve World Peace!",2023,,0,1,leave,report,1,,
99198,Final-UN-Statement.pdf,Final-UN-Statement,application/pdf,99216,si_statement,"Offener Brief an die Staatsoberhäupter der UN-Generalversammlung: Sie müssen handeln, um den Weltfrieden zu erhalten!",2023,,0,1,leave,report,1,,
99205,Final-UN-Statement-CORRECTED.pdf,Final-UN-Statement-CORRECTED,application/pdf,99190,si_statement,"Open Letter to Heads of State at the United Nations General Assembly — You Must Act to Preserve World Peace!",2023,,0,1,leave,report,1,,
99209,Final-UN-Statement-CORRECTED.pdf,Final-UN-Statement-CORRECTED,application/pdf,99216,si_statement,"Offener Brief an die Staatsoberhäupter der UN-Generalversammlung: Sie müssen handeln, um den Weltfrieden zu erhalten!",2023,,0,1,leave,report,1,,
99293,Kujat-Peace-Proposal-Intro.pdf,Kujat-Peace-Proposal-Intro,application/pdf,99255,si_statement,"Schiller Institute Press Release: NATO Escalates for World War; Military and Foreign Affairs Experts Release Proposal: ‘Ending the War with a Negotiated Peace’",2023,,0,1,leave,report,1,,
99297,Kujat-Peace-Proposal-Intro.pdf,Kujat-Peace-Proposal-Intro,application/pdf,99268,si_statement,"Schiller-Institut Pressemitteilung: Während sich die NATO auf einen Weltkrieg vorbereitet, veröffentlichen Militär- und Außenpolitikexperten einen Vorschlag: „Den Krieg mit einem Verhandlungsfrieden beenden“",2023,,0,1,leave,report,1,,
99354,TRANSCRIPT-WillsHenryV-partI.pdf,"TRANSCRIPT WillsHenryV partI",application/pdf,0,,,2023,,1,1,leave,report,1,,
99355,TRANSCRIPT-WillsHenryV-partI.pdf,"TRANSCRIPT WillsHenryV partI",application/pdf,0,,,2023,,1,1,leave,report,1,,
99356,TRANSCRIPT-WillsHenryV-partI.pdf,"TRANSCRIPT WillsHenryV partI",application/pdf,0,,,2023,,1,1,leave,report,1,,
99357,TRANSCRIPT-WillsHenryV-partI.pdf,"TRANSCRIPT WillsHenryV partI",application/pdf,0,,,2023,,1,1,leave,report,1,,
99358,TRANSCRIPT-WillsHenryV-partI.pdf,"TRANSCRIPT WillsHenryV partI",application/pdf,0,,,2023,,1,1,leave,report,1,,
99359,TRANSCRIPT-WillsHenryV-partI.pdf,"TRANSCRIPT WillsHenryV partI",application/pdf,0,,,2023,,1,1,leave,report,1,,
99360,TRANSCRIPT-WillsHenryV-partI.pdf,"TRANSCRIPT WillsHenryV partI",application/pdf,0,,,2023,,1,1,leave,report,1,,
99361,TRANSCRIPT-WillsHenryV-partI.pdf,"TRANSCRIPT WillsHenryV partI",application/pdf,0,,,2023,,1,1,leave,report,1,,
99362,TRANSCRIPT-WillsHenryV-partI.pdf,"TRANSCRIPT WillsHenryV partI",application/pdf,0,,,2023,,1,1,leave,report,1,,
99363,TRANSCRIPT-WillsHenryV-partI.pdf,"TRANSCRIPT WillsHenryV partI",application/pdf,0,,,2023,,1,1,leave,report,1,,
99424,20231010-no-war-russia-china-final.pdf,20231010-no-war-russia-china-final,application/pdf,99411,si_statement,"Schiller Institute Statement for International Distribution: No More Money for Arms in Ukraine! No World War with Russia or China!!",2023,,0,1,leave,report,1,,
99428,20231010-no-war-russia-china-final.pdf,20231010-no-war-russia-china-final,application/pdf,99454,si_statement,"Schiller-Institut Erklärung zur unmittelbaren Verbreitung: Kein weiteres Geld zur Bewaffnung der Ukraine! Kein Weltkrieg mit Rußland oder China!!",2023,,0,1,leave,report,1,,
99436,20231010-no-war-russia-china-final-v2.pdf,20231010-no-war-russia-china-final-v2,application/pdf,99411,si_statement,"Schiller Institute Statement for International Distribution: No More Money for Arms in Ukraine! No World War with Russia or China!!",2023,,0,1,leave,report,1,,
99440,20231010-no-war-russia-china-final-v2.pdf,20231010-no-war-russia-china-final-v2,application/pdf,99454,si_statement,"Schiller-Institut Erklärung zur unmittelbaren Verbreitung: Kein weiteres Geld zur Bewaffnung der Ukraine! Kein Weltkrieg mit Rußland oder China!!",2023,,0,1,leave,report,1,,
99517,20231018-oasis-plan.pdf,20231018-oasis-plan,application/pdf,99505,si_statement,"Schiller Institute Emergency Statement: Westphalia, Not Versailles: The World Needs an ‘Oasis Plan’ in the Middle East!",2023,,0,1,leave,report,1,,
99521,20231018-oasis-plan.pdf,20231018-oasis-plan,application/pdf,99528,si_statement,"Die Welt braucht einen „Oasenplan“ für den Nahen Osten!",2023,,0,1,leave,report,1,,
100362,SI_Bauerndemo13012024.pdf,SI_Bauerndemo13012024,application/pdf,0,,,2024,,1,1,leave,report,1,,
100363,SI_Bauerndemo13012024.pdf,SI_Bauerndemo13012024,application/pdf,0,,,2024,,1,1,leave,report,1,,
100364,SI_Bauerndemo13012024.pdf,SI_Bauerndemo13012024,application/pdf,0,,,2024,,1,1,leave,report,1,,
100365,SI_Bauerndemo13012024.pdf,SI_Bauerndemo13012024,application/pdf,0,,,2024,,1,1,leave,report,1,,
100366,SI_Bauerndemo13012024.pdf,SI_Bauerndemo13012024,application/pdf,0,,,2024,,1,1,leave,report,1,,
100367,SI_Bauerndemo13012024.pdf,SI_Bauerndemo13012024,application/pdf,0,,,2024,,1,1,leave,report,1,,
100368,SI_Bauerndemo13012024.pdf,SI_Bauerndemo13012024,application/pdf,0,,,2024,,1,1,leave,report,1,,
100369,SI_Bauerndemo13012024.pdf,SI_Bauerndemo13012024,application/pdf,0,,,2024,,1,1,leave,report,1,,
100370,SI_Bauerndemo13012024.pdf,SI_Bauerndemo13012024,application/pdf,0,,,2024,,1,1,leave,report,1,,
100371,SI_Bauerndemo13012024.pdf,SI_Bauerndemo13012024,application/pdf,0,,,2024,,1,1,leave,report,1,,
100587,200240204-knew-or-should-have-known-USE-THIS-ONE.pdf,200240204-knew-or-should-have-known-USE-THIS-ONE,application/pdf,100586,post,"“Knew or Should Have Known”: Governments Complicit in Genocide Will Not Be Able to Plead Ignorance at the Coming Nuremberg Tribunal",2024,,0,1,leave,report,1,,
101400,SI_FB_OStermaersche_2024.pdf,SI_FB_OStermaersche_2024,application/pdf,0,,,2024,,1,1,leave,report,1,,
101401,SI_FB_OStermaersche_2024.pdf,SI_FB_OStermaersche_2024,application/pdf,0,,,2024,,1,1,leave,report,1,,
101402,SI_FB_OStermaersche_2024.pdf,SI_FB_OStermaersche_2024,application/pdf,0,,,2024,,1,1,leave,report,1,,
101403,SI_FB_OStermaersche_2024.pdf,SI_FB_OStermaersche_2024,application/pdf,0,,,2024,,1,1,leave,report,1,,
101404,SI_FB_OStermaersche_2024.pdf,SI_FB_OStermaersche_2024,application/pdf,0,,,2024,,1,1,leave,report,1,,
101405,SI_FB_OStermaersche_2024.pdf,SI_FB_OStermaersche_2024,application/pdf,0,,,2024,,1,1,leave,report,1,,
101406,SI_FB_OStermaersche_2024.pdf,SI_FB_OStermaersche_2024,application/pdf,0,,,2024,,1,1,leave,report,1,,
101407,SI_FB_OStermaersche_2024.pdf,SI_FB_OStermaersche_2024,application/pdf,0,,,2024,,1,1,leave,report,1,,
101408,SI_FB_OStermaersche_2024.pdf,SI_FB_OStermaersche_2024,application/pdf,0,,,2024,,1,1,leave,report,1,,
101409,SI_FB_OStermaersche_2024.pdf,SI_FB_OStermaersche_2024,application/pdf,0,,,2024,,1,1,leave,report,1,,
102566,20250526-red-alert.pdf,20250526-red-alert,application/pdf,102554,si_statement,"Press Release — RED ALERT: Ukrainian Strike on Russian Early Warning Radar Threatens To Unleash Nuclear World War",2024,,0,1,leave,report,1,,
102570,20250526-red-alert.pdf,20250526-red-alert,application/pdf,102592,si_statement,"Presseerklärung - Warnstufe Rot: Ukrainischer Angriff auf russisches Frühwarnradar droht einen nuklearen Weltkrieg auszulösen",2024,,0,1,leave,report,1,,
102580,20250526-red-alert-FINAL.pdf,20250526-red-alert-FINAL,application/pdf,102554,si_statement,"Press Release — RED ALERT: Ukrainian Strike on Russian Early Warning Radar Threatens To Unleash Nuclear World War",2024,,0,1,leave,report,1,,
102584,20250526-red-alert-FINAL.pdf,20250526-red-alert-FINAL,application/pdf,102592,si_statement,"Presseerklärung - Warnstufe Rot: Ukrainischer Angriff auf russisches Frühwarnradar droht einen nuklearen Weltkrieg auszulösen",2024,,0,1,leave,report,1,,
102801,20240612-press-conference.pdf,20240612-press-conference,application/pdf,102742,si_video,"Emergency Press Conference: The Danger of Nuclear War Is Real, and Must Be Stopped",2024,,0,1,leave,report,1,,
102805,20240612-press-conference.pdf,20240612-press-conference,application/pdf,102777,si_video,"Eil-Pressekonferenz: Die Gefahr eines Atomkrieges ist real und muss gestoppt werden",2024,,0,1,leave,report,1,,
104162,SI_FB_Antikriegstag_01092024.pdf,SI_FB_Antikriegstag_01092024,application/pdf,0,,,2024,,1,1,leave,report,1,,
104163,SI_FB_Antikriegstag_01092024.pdf,SI_FB_Antikriegstag_01092024,application/pdf,0,,,2024,,1,1,leave,report,1,,
104164,SI_FB_Antikriegstag_01092024.pdf,SI_FB_Antikriegstag_01092024,application/pdf,0,,,2024,,1,1,leave,report,1,,
104165,SI_FB_Antikriegstag_01092024.pdf,SI_FB_Antikriegstag_01092024,application/pdf,0,,,2024,,1,1,leave,report,1,,
104166,SI_FB_Antikriegstag_01092024.pdf,SI_FB_Antikriegstag_01092024,application/pdf,0,,,2024,,1,1,leave,report,1,,
104167,SI_FB_Antikriegstag_01092024.pdf,SI_FB_Antikriegstag_01092024,application/pdf,0,,,2024,,1,1,leave,report,1,,
104168,SI_FB_Antikriegstag_01092024.pdf,SI_FB_Antikriegstag_01092024,application/pdf,0,,,2024,,1,1,leave,report,1,,
104169,SI_FB_Antikriegstag_01092024.pdf,SI_FB_Antikriegstag_01092024,application/pdf,0,,,2024,,1,1,leave,report,1,,
104170,SI_FB_Antikriegstag_01092024.pdf,SI_FB_Antikriegstag_01092024,application/pdf,0,,,2024,,1,1,leave,report,1,,
104171,SI_FB_Antikriegstag_01092024.pdf,SI_FB_Antikriegstag_01092024,application/pdf,0,,,2024,,1,1,leave,report,1,,
104237,ConcludingPARTHenry-VWills.pdf,"ConcludingPARTHenry VWills",application/pdf,0,,,2024,,1,1,leave,report,1,,
104238,ConcludingPARTHenry-VWills.pdf,"ConcludingPARTHenry VWills",application/pdf,0,,,2024,,1,1,leave,report,1,,
104239,ConcludingPARTHenry-VWills.pdf,"ConcludingPARTHenry VWills",application/pdf,0,,,2024,,1,1,leave,report,1,,
104240,ConcludingPARTHenry-VWills.pdf,"ConcludingPARTHenry VWills",application/pdf,0,,,2024,,1,1,leave,report,1,,
104241,ConcludingPARTHenry-VWills.pdf,"ConcludingPARTHenry VWills",application/pdf,0,,,2024,,1,1,leave,report,1,,
104242,ConcludingPARTHenry-VWills.pdf,"ConcludingPARTHenry VWills",application/pdf,0,,,2024,,1,1,leave,report,1,,
104243,ConcludingPARTHenry-VWills.pdf,"ConcludingPARTHenry VWills",application/pdf,0,,,2024,,1,1,leave,report,1,,
104244,ConcludingPARTHenry-VWills.pdf,"ConcludingPARTHenry VWills",application/pdf,0,,,2024,,1,1,leave,report,1,,
104245,ConcludingPARTHenry-VWills.pdf,"ConcludingPARTHenry VWills",application/pdf,0,,,2024,,1,1,leave,report,1,,
104246,ConcludingPARTHenry-VWills.pdf,"ConcludingPARTHenry VWills",application/pdf,0,,,2024,,1,1,leave,report,1,,
104317,Matlock-interview.pdf,Matlock-interview,application/pdf,104316,post,"Interview: Jack Matlock, ""To Save Mankind, Come Back to Diplomacy""",2024,,0,1,leave,report,1,,
104321,Matlock-interview.pdf,Matlock-interview,application/pdf,104515,post,"Interview mit Botschafter a.D. Jack Matlock: „Um die Menschheit zu retten, müssen wir zur Diplomatie zurückkehren“",2024,,0,1,leave,report,1,,
105490,20241123_SI_migration_final-1.pdf,20241123_SI_migration_final-1,application/pdf,0,,,2024,,0,1,leave,report,1,,
105491,20241123_SI_migration_final-1.pdf,20241123_SI_migration_final-1,application/pdf,0,,,2024,,0,1,leave,report,1,,
105492,20241123_SI_migration_final-1.pdf,20241123_SI_migration_final-1,application/pdf,0,,,2024,,0,1,leave,report,1,,
105493,20241123_SI_migration_final-1.pdf,20241123_SI_migration_final-1,application/pdf,0,,,2024,,0,1,leave,report,1,,
105494,20241123_SI_migration_final-1.pdf,20241123_SI_migration_final-1,application/pdf,0,,,2024,,0,1,leave,report,1,,
105495,20241123_SI_migration_final-1.pdf,20241123_SI_migration_final-1,application/pdf,0,,,2024,,0,1,leave,report,1,,
105496,20241123_SI_migration_final-1.pdf,20241123_SI_migration_final-1,application/pdf,0,,,2024,,0,1,leave,report,1,,
105497,20241123_SI_migration_final-1.pdf,20241123_SI_migration_final-1,application/pdf,0,,,2024,,0,1,leave,report,1,,
105498,20241123_SI_migration_final-1.pdf,20241123_SI_migration_final-1,application/pdf,0,,,2024,,0,1,leave,report,1,,
105499,20241123_SI_migration_final-1.pdf,20241123_SI_migration_final-1,application/pdf,0,,,2024,,0,1,leave,report,1,,
105501,20241123_SI_migration_final-1-1.pdf,20241123_SI_migration_final-1-1,application/pdf,0,,,2024,,0,1,leave,report,1,,
105502,20241123_SI_migration_final-1-1.pdf,20241123_SI_migration_final-1-1,application/pdf,0,,,2024,,0,1,leave,report,1,,
105503,20241123_SI_migration_final-1-1.pdf,20241123_SI_migration_final-1-1,application/pdf,0,,,2024,,0,1,leave,report,1,,
105505,20241123_SI_migration_final-1-1.pdf,20241123_SI_migration_final-1-1,application/pdf,0,,,2024,,0,1,leave,report,1,,
105506,20241123_SI_migration_final-1-1.pdf,20241123_SI_migration_final-1-1,application/pdf,0,,,2024,,0,1,leave,report,1,,
105507,20241123_SI_migration_final-1-1.pdf,20241123_SI_migration_final-1-1,application/pdf,0,,,2024,,0,1,leave,report,1,,
105508,20241123_SI_migration_final-1-1.pdf,20241123_SI_migration_final-1-1,application/pdf,0,,,2024,,0,1,leave,report,1,,
105509,20241123_SI_migration_final-1-1.pdf,20241123_SI_migration_final-1-1,application/pdf,0,,,2024,,0,1,leave,report,1,,
105874,Leonore-Winter-2024-preview.pdf,"Leonore Winter 2024 preview",application/pdf,0,,,2024,,1,1,leave,report,1,,
105875,Leonore-Winter-2024-preview.pdf,"Leonore Winter 2024 preview",application/pdf,0,,,2024,,1,1,leave,report,1,,
105876,Leonore-Winter-2024-preview.pdf,"Leonore Winter 2024 preview",application/pdf,0,,,2024,,1,1,leave,report,1,,
105877,Leonore-Winter-2024-preview.pdf,"Leonore Winter 2024 preview",application/pdf,0,,,2024,,1,1,leave,report,1,,
105878,Leonore-Winter-2024-preview.pdf,"Leonore Winter 2024 preview",application/pdf,0,,,2024,,1,1,leave,report,1,,
105879,Leonore-Winter-2024-preview.pdf,"Leonore Winter 2024 preview",application/pdf,0,,,2024,,1,1,leave,report,1,,
105880,Leonore-Winter-2024-preview.pdf,"Leonore Winter 2024 preview",application/pdf,0,,,2024,,1,1,leave,report,1,,
105881,Leonore-Winter-2024-preview.pdf,"Leonore Winter 2024 preview",application/pdf,0,,,2024,,1,1,leave,report,1,,
105882,Leonore-Winter-2024-preview.pdf,"Leonore Winter 2024 preview",application/pdf,0,,,2024,,1,1,leave,report,1,,
105883,Leonore-Winter-2024-preview.pdf,"Leonore Winter 2024 preview",application/pdf,0,,,2024,,1,1,leave,report,1,,
105909,Leonore-Summer-2021-Final-1.pdf,"Leonore Summer 2021 Final",application/pdf,0,,,2024,,1,1,leave,report,1,,
105910,Leonore-Summer-2021-Final-1.pdf,"Leonore Summer 2021 Final",application/pdf,0,,,2024,,1,1,leave,report,1,,
105911,Leonore-Summer-2021-Final-1.pdf,"Leonore Summer 2021 Final",application/pdf,0,,,2024,,1,1,leave,report,1,,
105912,Leonore-Summer-2021-Final-1.pdf,"Leonore Summer 2021 Final",application/pdf,0,,,2024,,1,1,leave,report,1,,
105913,Leonore-Summer-2021-Final-1.pdf,"Leonore Summer 2021 Final",application/pdf,0,,,2024,,1,1,leave,report,1,,
105914,Leonore-Summer-2021-Final-1.pdf,"Leonore Summer 2021 Final",application/pdf,0,,,2024,,1,1,leave,report,1,,
105915,Leonore-Summer-2021-Final-1.pdf,"Leonore Summer 2021 Final",application/pdf,0,,,2024,,1,1,leave,report,1,,
105916,Leonore-Summer-2021-Final-1.pdf,"Leonore Summer 2021 Final",application/pdf,0,,,2024,,1,1,leave,report,1,,
105917,Leonore-Summer-2021-Final-1.pdf,"Leonore Summer 2021 Final",application/pdf,0,,,2024,,1,1,leave,report,1,,
105918,Leonore-Summer-2021-Final-1.pdf,"Leonore Summer 2021 Final",application/pdf,0,,,2024,,1,1,leave,report,1,,
106956,SI_Wehrkunde_15022025.pdf,SI_Wehrkunde_15022025,application/pdf,0,,,2025,,1,1,leave,report,1,,
106957,SI_Wehrkunde_15022025.pdf,SI_Wehrkunde_15022025,application/pdf,0,,,2025,,1,1,leave,report,1,,
106958,SI_Wehrkunde_15022025.pdf,SI_Wehrkunde_15022025,application/pdf,0,,,2025,,1,1,leave,report,1,,
106959,SI_Wehrkunde_15022025.pdf,SI_Wehrkunde_15022025,application/pdf,0,,,2025,,1,1,leave,report,1,,
106960,SI_Wehrkunde_15022025.pdf,SI_Wehrkunde_15022025,application/pdf,0,,,2025,,1,1,leave,report,1,,
106961,SI_Wehrkunde_15022025.pdf,SI_Wehrkunde_15022025,application/pdf,0,,,2025,,1,1,leave,report,1,,
106962,SI_Wehrkunde_15022025.pdf,SI_Wehrkunde_15022025,application/pdf,0,,,2025,,1,1,leave,report,1,,
106963,SI_Wehrkunde_15022025.pdf,SI_Wehrkunde_15022025,application/pdf,0,,,2025,,1,1,leave,report,1,,
106964,SI_Wehrkunde_15022025.pdf,SI_Wehrkunde_15022025,application/pdf,0,,,2025,,1,1,leave,report,1,,
106965,SI_Wehrkunde_15022025.pdf,SI_Wehrkunde_15022025,application/pdf,0,,,2025,,1,1,leave,report,1,,
107030,20250215-ipc-press-release.pdf,"20250215 ipc press release",application/pdf,106998,si_statement,"Press Release: South Africa’s Pandor: The Schiller Institute’s ‘Oasis Plan’ for the Middle East Offers an Opportunity for Us To Think of the World in a Different Way",2025,,0,1,leave,report,1,,
107034,20250215-ipc-press-release.pdf,"20250215 ipc press release",application/pdf,107012,si_statement,"Pressemitteilung: Dr. Pandor: Der „Oasenplan“ des Schiller-Instituts für den Nahen Osten bietet uns die Chance, die Welt anders zu denken",2025,,0,1,leave,report,1,,
107293,20250524-conference-invitation.pdf,"20250524 conference invitation",application/pdf,107277,post,"Conference Invitation—A Beautiful Vision for Humanity in Times of Great Turbulence!",2025,,0,1,leave,report,1,,
107297,20250524-conference-invitation.pdf,"20250524 conference invitation",application/pdf,109312,post,"Konferenzeinladung: „Eine schöne Vision für die Menschheit in Zeiten großer Turbulenzen!“",2025,,0,1,leave,report,1,,
107305,20250524-conference-invitation-1.pdf,"20250524 conference invitation",application/pdf,107277,post,"Conference Invitation—A Beautiful Vision for Humanity in Times of Great Turbulence!",2025,,0,1,leave,report,1,,
107309,20250524-conference-invitation-1.pdf,"20250524 conference invitation",application/pdf,109312,post,"Konferenzeinladung: „Eine schöne Vision für die Menschheit in Zeiten großer Turbulenzen!“",2025,,0,1,leave,report,1,,
107485,Fred-Wills-Tempest-Part-I-transcript.pdf,"Fred Wills Tempest Part I transcript",application/pdf,0,,,2025,,1,1,leave,report,1,,
107486,Fred-Wills-Tempest-Part-I-transcript.pdf,"Fred Wills Tempest Part I transcript",application/pdf,0,,,2025,,1,1,leave,report,1,,
107487,Fred-Wills-Tempest-Part-I-transcript.pdf,"Fred Wills Tempest Part I transcript",application/pdf,0,,,2025,,1,1,leave,report,1,,
107488,Fred-Wills-Tempest-Part-I-transcript.pdf,"Fred Wills Tempest Part I transcript",application/pdf,0,,,2025,,1,1,leave,report,1,,
107489,Fred-Wills-Tempest-Part-I-transcript.pdf,"Fred Wills Tempest Part I transcript",application/pdf,0,,,2025,,1,1,leave,report,1,,
107490,Fred-Wills-Tempest-Part-I-transcript.pdf,"Fred Wills Tempest Part I transcript",application/pdf,0,,,2025,,1,1,leave,report,1,,
107491,Fred-Wills-Tempest-Part-I-transcript.pdf,"Fred Wills Tempest Part I transcript",application/pdf,0,,,2025,,1,1,leave,report,1,,
107492,Fred-Wills-Tempest-Part-I-transcript.pdf,"Fred Wills Tempest Part I transcript",application/pdf,0,,,2025,,1,1,leave,report,1,,
107493,Fred-Wills-Tempest-Part-I-transcript.pdf,"Fred Wills Tempest Part I transcript",application/pdf,0,,,2025,,1,1,leave,report,1,,
107494,Fred-Wills-Tempest-Part-I-transcript.pdf,"Fred Wills Tempest Part I transcript",application/pdf,0,,,2025,,1,1,leave,report,1,,
107608,Aufruf_Sicherheitsarchitektur_2025.pdf,Aufruf_Sicherheitsarchitektur_2025,application/pdf,107504,si_statement,"Statt Aufrüstung für den großen Krieg: Schafft eine globale Sicherheitsarchitektur!",2025,,0,1,leave,report,1,,
108825,20250411-lar-has-solution-1.pdf,"20250411 lar has solution",application/pdf,108705,post,"What Each and Every Nation Must Do Now — Wall Street Gave Us This Crisis; LaRouche Has the Solution",2025,,0,1,leave,report,1,,
108829,20250411-lar-has-solution-1.pdf,"20250411 lar has solution",application/pdf,108752,post,"Was jetzt jedes Land tun muß",2025,,0,1,leave,report,1,,
108853,20250411-lar-has-solution-2.pdf,"20250411 lar has solution",application/pdf,108705,post,"What Each and Every Nation Must Do Now — Wall Street Gave Us This Crisis; LaRouche Has the Solution",2025,,0,1,leave,report,1,,
108857,20250411-lar-has-solution-2.pdf,"20250411 lar has solution",application/pdf,108752,post,"Was jetzt jedes Land tun muß",2025,,0,1,leave,report,1,,
108866,20250411-lar-has-solution-4-page.pdf,"20250411 lar has solution 4 page",application/pdf,0,,,2025,,1,1,leave,report,1,,
108867,20250411-lar-has-solution-4-page.pdf,"20250411 lar has solution 4 page",application/pdf,0,,,2025,,1,1,leave,report,1,,
108868,20250411-lar-has-solution-4-page.pdf,"20250411 lar has solution 4 page",application/pdf,0,,,2025,,1,1,leave,report,1,,
108870,20250411-lar-has-solution-4-page.pdf,"20250411 lar has solution 4 page",application/pdf,0,,,2025,,1,1,leave,report,1,,
108871,20250411-lar-has-solution-4-page.pdf,"20250411 lar has solution 4 page",application/pdf,0,,,2025,,1,1,leave,report,1,,
108872,20250411-lar-has-solution-4-page.pdf,"20250411 lar has solution 4 page",application/pdf,0,,,2025,,1,1,leave,report,1,,
108873,20250411-lar-has-solution-4-page.pdf,"20250411 lar has solution 4 page",application/pdf,0,,,2025,,1,1,leave,report,1,,
108874,20250411-lar-has-solution-4-page.pdf,"20250411 lar has solution 4 page",application/pdf,0,,,2025,,1,1,leave,report,1,,
109946,SI_Zurueck_vom_Abgrund_2025_QR.pdf,SI_Zurueck_vom_Abgrund_2025_QR,application/pdf,0,,,2025,,1,1,leave,report,1,,
109947,SI_Zurueck_vom_Abgrund_2025_QR.pdf,SI_Zurueck_vom_Abgrund_2025_QR,application/pdf,0,,,2025,,1,1,leave,report,1,,
109948,SI_Zurueck_vom_Abgrund_2025_QR.pdf,SI_Zurueck_vom_Abgrund_2025_QR,application/pdf,0,,,2025,,1,1,leave,report,1,,
109949,SI_Zurueck_vom_Abgrund_2025_QR.pdf,SI_Zurueck_vom_Abgrund_2025_QR,application/pdf,0,,,2025,,1,1,leave,report,1,,
109950,SI_Zurueck_vom_Abgrund_2025_QR.pdf,SI_Zurueck_vom_Abgrund_2025_QR,application/pdf,0,,,2025,,1,1,leave,report,1,,
109951,SI_Zurueck_vom_Abgrund_2025_QR.pdf,SI_Zurueck_vom_Abgrund_2025_QR,application/pdf,0,,,2025,,1,1,leave,report,1,,
109952,SI_Zurueck_vom_Abgrund_2025_QR.pdf,SI_Zurueck_vom_Abgrund_2025_QR,application/pdf,0,,,2025,,1,1,leave,report,1,,
109953,SI_Zurueck_vom_Abgrund_2025_QR.pdf,SI_Zurueck_vom_Abgrund_2025_QR,application/pdf,0,,,2025,,1,1,leave,report,1,,
109954,SI_Zurueck_vom_Abgrund_2025_QR.pdf,SI_Zurueck_vom_Abgrund_2025_QR,application/pdf,0,,,2025,,1,1,leave,report,1,,
109955,SI_Zurueck_vom_Abgrund_2025_QR.pdf,SI_Zurueck_vom_Abgrund_2025_QR,application/pdf,0,,,2025,,1,1,leave,report,1,,
110275,20250613-statement.pdf,"20250613 statement",application/pdf,110274,post,"It Is Not Too Late to Avoid a ‘Doomsday Scenario’ in the Middle East",2025,,0,1,leave,report,1,,
110277,20250613-statement.pdf,"20250613 statement",application/pdf,110319,post,避免中东「末日景象」还不算太晚,2025,,0,1,leave,report,1,,
110279,20250613-statement.pdf,"20250613 statement",application/pdf,110337,post,"Es ist noch nicht zu spät, um ein „Weltuntergangsszenario“ im Nahen Osten zu vermeiden",2025,,0,1,leave,report,1,,
110296,20250614-statement-final.pdf,"20250614 statement final",application/pdf,110274,post,"It Is Not Too Late to Avoid a ‘Doomsday Scenario’ in the Middle East",2025,,0,1,leave,report,1,,
110298,20250614-statement-final.pdf,"20250614 statement final",application/pdf,110319,post,避免中东「末日景象」还不算太晚,2025,,0,1,leave,report,1,,
110300,20250614-statement-final.pdf,"20250614 statement final",application/pdf,110337,post,"Es ist noch nicht zu spät, um ein „Weltuntergangsszenario“ im Nahen Osten zu vermeiden",2025,,0,1,leave,report,1,,
110307,20250613-statement-final.pdf,"20250613 statement final",application/pdf,110274,post,"It Is Not Too Late to Avoid a ‘Doomsday Scenario’ in the Middle East",2025,,0,1,leave,report,1,,
110309,20250613-statement-final.pdf,"20250613 statement final",application/pdf,110319,post,避免中东「末日景象」还不算太晚,2025,,0,1,leave,report,1,,
110311,20250613-statement-final.pdf,"20250613 statement final",application/pdf,110337,post,"Es ist noch nicht zu spät, um ein „Weltuntergangsszenario“ im Nahen Osten zu vermeiden",2025,,0,1,leave,report,1,,
110457,20250619-SIFB_es-ist-noch.pdf,20250619-SIFB_es-ist-noch,application/pdf,0,,,2025,,1,1,leave,report,1,,
110458,20250619-SIFB_es-ist-noch.pdf,20250619-SIFB_es-ist-noch,application/pdf,0,,,2025,,1,1,leave,report,1,,
110459,20250619-SIFB_es-ist-noch.pdf,20250619-SIFB_es-ist-noch,application/pdf,0,,,2025,,1,1,leave,report,1,,
110460,20250619-SIFB_es-ist-noch.pdf,20250619-SIFB_es-ist-noch,application/pdf,0,,,2025,,1,1,leave,report,1,,
110461,20250619-SIFB_es-ist-noch.pdf,20250619-SIFB_es-ist-noch,application/pdf,0,,,2025,,1,1,leave,report,1,,
110462,20250619-SIFB_es-ist-noch.pdf,20250619-SIFB_es-ist-noch,application/pdf,0,,,2025,,1,1,leave,report,1,,
110463,20250619-SIFB_es-ist-noch.pdf,20250619-SIFB_es-ist-noch,application/pdf,0,,,2025,,1,1,leave,report,1,,
110464,20250619-SIFB_es-ist-noch.pdf,20250619-SIFB_es-ist-noch,application/pdf,0,,,2025,,1,1,leave,report,1,,
110465,20250619-SIFB_es-ist-noch.pdf,20250619-SIFB_es-ist-noch,application/pdf,0,,,2025,,1,1,leave,report,1,,
110466,20250619-SIFB_es-ist-noch.pdf,20250619-SIFB_es-ist-noch,application/pdf,0,,,2025,,1,1,leave,report,1,,
110566,20250622-schiller-statement.pdf,"20250622 schiller statement",application/pdf,110551,si_statement,"Will There Be Thermonuclear Fireworks by the Fourth of July?",2025,,0,1,leave,report,1,,
110570,20250622-schiller-statement.pdf,"20250622 schiller statement",application/pdf,110602,si_statement,"Wird es am 4. Juli ein nukleares Feuerwerk geben?",2025,,0,1,leave,report,1,,
110578,20250622-schiller-statement-1.pdf,"20250622 schiller statement",application/pdf,110551,si_statement,"Will There Be Thermonuclear Fireworks by the Fourth of July?",2025,,0,1,leave,report,1,,
110582,20250622-schiller-statement-1.pdf,"20250622 schiller statement",application/pdf,110602,si_statement,"Wird es am 4. Juli ein nukleares Feuerwerk geben?",2025,,0,1,leave,report,1,,
110589,20250622-schiller-statement-2.pdf,"20250622 schiller statement 2",application/pdf,110551,si_statement,"Will There Be Thermonuclear Fireworks by the Fourth of July?",2025,,0,1,leave,report,1,,
110593,20250622-schiller-statement-2.pdf,"20250622 schiller statement 2",application/pdf,110602,si_statement,"Wird es am 4. Juli ein nukleares Feuerwerk geben?",2025,,0,1,leave,report,1,,
111117,20250721-oasis-statement.pdf,"20250721 oasis statement",application/pdf,0,,,2025,,1,1,leave,report,1,,
111118,20250721-oasis-statement.pdf,"20250721 oasis statement",application/pdf,0,,,2025,,1,1,leave,report,1,,
111119,20250721-oasis-statement.pdf,"20250721 oasis statement",application/pdf,0,,,2025,,1,1,leave,report,1,,
111120,20250721-oasis-statement.pdf,"20250721 oasis statement",application/pdf,0,,,2025,,1,1,leave,report,1,,
111121,20250721-oasis-statement.pdf,"20250721 oasis statement",application/pdf,0,,,2025,,1,1,leave,report,1,,
111122,20250721-oasis-statement.pdf,"20250721 oasis statement",application/pdf,0,,,2025,,1,1,leave,report,1,,
111123,20250721-oasis-statement.pdf,"20250721 oasis statement",application/pdf,0,,,2025,,1,1,leave,report,1,,
111124,20250721-oasis-statement.pdf,"20250721 oasis statement",application/pdf,0,,,2025,,1,1,leave,report,1,,
111125,20250721-oasis-statement.pdf,"20250721 oasis statement",application/pdf,0,,,2025,,1,1,leave,report,1,,
111126,20250721-oasis-statement.pdf,"20250721 oasis statement",application/pdf,0,,,2025,,1,1,leave,report,1,,
113682,20251210-withdraw-from-nato.pdf,"20251210 withdraw from nato",application/pdf,113465,si_statement,"Withdraw from NATO! New National Security Strategy Requires New Security Architecture",2025,,0,1,leave,report,1,,
113686,20251210-withdraw-from-nato.pdf,"20251210 withdraw from nato",application/pdf,113414,si_statement,"Austritt aus der NATO! Neue Nationale Sicherheitsstrategie der USA erfordert neue Sicherheitsarchitektur",2025,,0,1,leave,report,1,,
114742,20260112_Aufruf.pdf,20260112_Aufruf,application/pdf,0,,,2026,,0,1,leave,report,1,,
114743,20260112_Aufruf.pdf,20260112_Aufruf,application/pdf,0,,,2026,,0,1,leave,report,1,,
114744,20260112_Aufruf.pdf,20260112_Aufruf,application/pdf,0,,,2026,,0,1,leave,report,1,,
114745,20260112_Aufruf.pdf,20260112_Aufruf,application/pdf,0,,,2026,,0,1,leave,report,1,,
114746,20260112_Aufruf.pdf,20260112_Aufruf,application/pdf,0,,,2026,,0,1,leave,report,1,,
114747,20260112_Aufruf.pdf,20260112_Aufruf,application/pdf,0,,,2026,,0,1,leave,report,1,,
114748,20260112_Aufruf.pdf,20260112_Aufruf,application/pdf,0,,,2026,,0,1,leave,report,1,,
114749,20260112_Aufruf.pdf,20260112_Aufruf,application/pdf,0,,,2026,,0,1,leave,report,1,,
114750,20260112_Aufruf.pdf,20260112_Aufruf,application/pdf,0,,,2026,,0,1,leave,report,1,,
114751,20260112_Aufruf.pdf,20260112_Aufruf,application/pdf,0,,,2026,,0,1,leave,report,1,,
115690,20260330-call-to-pope-two-sided.pdf,"20260330 call to pope two sided",application/pdf,115190,si_statement,"Zepp-LaRouche Calls on Pope Leo XIV To Intervene on the Level of Nicholas of Cusa",2026,,0,1,leave,report,1,,
115694,20260330-call-to-pope-two-sided.pdf,"20260330 call to pope two sided",application/pdf,115202,si_statement,"„Handeln Sie genauso wie Nikolaus von Kues!“",2026,,0,1,leave,report,1,,
116125,QR_SI-Konferenz-Mai-2026_EInladung-und-Anmeldung.pdf,"QR_SI Konferenz Mai 2026_EInladung und Anmeldung",application/pdf,0,,,2026,,1,1,leave,report,1,,
116126,QR_SI-Konferenz-Mai-2026_EInladung-und-Anmeldung.pdf,"QR_SI Konferenz Mai 2026_EInladung und Anmeldung",application/pdf,0,,,2026,,1,1,leave,report,1,,
116127,QR_SI-Konferenz-Mai-2026_EInladung-und-Anmeldung.pdf,"QR_SI Konferenz Mai 2026_EInladung und Anmeldung",application/pdf,0,,,2026,,1,1,leave,report,1,,
116128,QR_SI-Konferenz-Mai-2026_EInladung-und-Anmeldung.pdf,"QR_SI Konferenz Mai 2026_EInladung und Anmeldung",application/pdf,0,,,2026,,1,1,leave,report,1,,
116129,QR_SI-Konferenz-Mai-2026_EInladung-und-Anmeldung.pdf,"QR_SI Konferenz Mai 2026_EInladung und Anmeldung",application/pdf,0,,,2026,,1,1,leave,report,1,,
116130,QR_SI-Konferenz-Mai-2026_EInladung-und-Anmeldung.pdf,"QR_SI Konferenz Mai 2026_EInladung und Anmeldung",application/pdf,0,,,2026,,1,1,leave,report,1,,
116131,QR_SI-Konferenz-Mai-2026_EInladung-und-Anmeldung.pdf,"QR_SI Konferenz Mai 2026_EInladung und Anmeldung",application/pdf,0,,,2026,,1,1,leave,report,1,,
116132,QR_SI-Konferenz-Mai-2026_EInladung-und-Anmeldung.pdf,"QR_SI Konferenz Mai 2026_EInladung und Anmeldung",application/pdf,0,,,2026,,1,1,leave,report,1,,
116133,QR_SI-Konferenz-Mai-2026_EInladung-und-Anmeldung.pdf,"QR_SI Konferenz Mai 2026_EInladung und Anmeldung",application/pdf,0,,,2026,,1,1,leave,report,1,,
116134,QR_SI-Konferenz-Mai-2026_EInladung-und-Anmeldung.pdf,"QR_SI Konferenz Mai 2026_EInladung und Anmeldung",application/pdf,0,,,2026,,1,1,leave,report,1,,
116184,QR_SI-Konferenz-Mai-2026_EInladung-und-Anmeldung-1.pdf,"QR_SI Konferenz Mai 2026_EInladung und Anmeldung (1)",application/pdf,0,,,2026,,1,1,leave,report,1,,
116185,QR_SI-Konferenz-Mai-2026_EInladung-und-Anmeldung-1.pdf,"QR_SI Konferenz Mai 2026_EInladung und Anmeldung (1)",application/pdf,0,,,2026,,1,1,leave,report,1,,
116186,QR_SI-Konferenz-Mai-2026_EInladung-und-Anmeldung-1.pdf,"QR_SI Konferenz Mai 2026_EInladung und Anmeldung (1)",application/pdf,0,,,2026,,1,1,leave,report,1,,
116187,QR_SI-Konferenz-Mai-2026_EInladung-und-Anmeldung-1.pdf,"QR_SI Konferenz Mai 2026_EInladung und Anmeldung (1)",application/pdf,0,,,2026,,1,1,leave,report,1,,
116188,QR_SI-Konferenz-Mai-2026_EInladung-und-Anmeldung-1.pdf,"QR_SI Konferenz Mai 2026_EInladung und Anmeldung (1)",application/pdf,0,,,2026,,1,1,leave,report,1,,
116189,QR_SI-Konferenz-Mai-2026_EInladung-und-Anmeldung-1.pdf,"QR_SI Konferenz Mai 2026_EInladung und Anmeldung (1)",application/pdf,0,,,2026,,1,1,leave,report,1,,
116190,QR_SI-Konferenz-Mai-2026_EInladung-und-Anmeldung-1.pdf,"QR_SI Konferenz Mai 2026_EInladung und Anmeldung (1)",application/pdf,0,,,2026,,1,1,leave,report,1,,
116191,QR_SI-Konferenz-Mai-2026_EInladung-und-Anmeldung-1.pdf,"QR_SI Konferenz Mai 2026_EInladung und Anmeldung (1)",application/pdf,0,,,2026,,1,1,leave,report,1,,
116192,QR_SI-Konferenz-Mai-2026_EInladung-und-Anmeldung-1.pdf,"QR_SI Konferenz Mai 2026_EInladung und Anmeldung (1)",application/pdf,0,,,2026,,1,1,leave,report,1,,
116193,QR_SI-Konferenz-Mai-2026_EInladung-und-Anmeldung-1.pdf,"QR_SI Konferenz Mai 2026_EInladung und Anmeldung (1)",application/pdf,0,,,2026,,1,1,leave,report,1,,
116436,Leonore-Spring-2026-preview.pdf,"Leonore Spring 2026 preview",application/pdf,0,,,2026,,1,1,leave,report,1,,
116437,Leonore-Spring-2026-preview.pdf,"Leonore Spring 2026 preview",application/pdf,0,,,2026,,1,1,leave,report,1,,
116438,Leonore-Spring-2026-preview.pdf,"Leonore Spring 2026 preview",application/pdf,0,,,2026,,1,1,leave,report,1,,
116439,Leonore-Spring-2026-preview.pdf,"Leonore Spring 2026 preview",application/pdf,0,,,2026,,1,1,leave,report,1,,
116440,Leonore-Spring-2026-preview.pdf,"Leonore Spring 2026 preview",application/pdf,0,,,2026,,1,1,leave,report,1,,
116441,Leonore-Spring-2026-preview.pdf,"Leonore Spring 2026 preview",application/pdf,0,,,2026,,1,1,leave,report,1,,
116442,Leonore-Spring-2026-preview.pdf,"Leonore Spring 2026 preview",application/pdf,0,,,2026,,1,1,leave,report,1,,
116443,Leonore-Spring-2026-preview.pdf,"Leonore Spring 2026 preview",application/pdf,0,,,2026,,1,1,leave,report,1,,
116444,Leonore-Spring-2026-preview.pdf,"Leonore Spring 2026 preview",application/pdf,0,,,2026,,1,1,leave,report,1,,
116445,Leonore-Spring-2026-preview.pdf,"Leonore Spring 2026 preview",application/pdf,0,,,2026,,1,1,leave,report,1,,
116595,20260517-to-UN-governments.pdf,"20260517 to UN governments",application/pdf,116582,si_statement,"To the Governments of the United Nations: A Policy to Bring Peace and Development to Southwest Asia",2026,,0,1,leave,report,1,,
116599,20260517-to-UN-governments.pdf,"20260517 to UN governments",application/pdf,116635,si_statement,"Offener Brief an die Regierungen der Vereinten Nationen: Eine Politik für Frieden und Entwicklung in Südwestasien",2026,,0,1,leave,report,1,,
116619,20260517-to-UN-governments-corrected.pdf,"20260517 to UN governments corrected",application/pdf,116582,si_statement,"To the Governments of the United Nations: A Policy to Bring Peace and Development to Southwest Asia",2026,,0,1,leave,report,1,,
116623,20260517-to-UN-governments-corrected.pdf,"20260517 to UN governments corrected",application/pdf,116635,si_statement,"Offener Brief an die Regierungen der Vereinten Nationen: Eine Politik für Frieden und Entwicklung in Südwestasien",2026,,0,1,leave,report,1,,
116878,HZL_UN_Sicherheitsrat.pdf,HZL_UN_Sicherheitsrat,application/pdf,0,,,2026,,1,1,leave,report,1,,
116879,HZL_UN_Sicherheitsrat.pdf,HZL_UN_Sicherheitsrat,application/pdf,0,,,2026,,1,1,leave,report,1,,
116880,HZL_UN_Sicherheitsrat.pdf,HZL_UN_Sicherheitsrat,application/pdf,0,,,2026,,1,1,leave,report,1,,
116881,HZL_UN_Sicherheitsrat.pdf,HZL_UN_Sicherheitsrat,application/pdf,0,,,2026,,1,1,leave,report,1,,
116882,HZL_UN_Sicherheitsrat.pdf,HZL_UN_Sicherheitsrat,application/pdf,0,,,2026,,1,1,leave,report,1,,
116883,HZL_UN_Sicherheitsrat.pdf,HZL_UN_Sicherheitsrat,application/pdf,0,,,2026,,1,1,leave,report,1,,
116884,HZL_UN_Sicherheitsrat.pdf,HZL_UN_Sicherheitsrat,application/pdf,0,,,2026,,1,1,leave,report,1,,
116885,HZL_UN_Sicherheitsrat.pdf,HZL_UN_Sicherheitsrat,application/pdf,0,,,2026,,1,1,leave,report,1,,
116886,HZL_UN_Sicherheitsrat.pdf,HZL_UN_Sicherheitsrat,application/pdf,0,,,2026,,1,1,leave,report,1,,
116887,HZL_UN_Sicherheitsrat.pdf,HZL_UN_Sicherheitsrat,application/pdf,0,,,2026,,1,1,leave,report,1,,
27271,schiller-website-release-2013.pdf,"New Paradigm Website Press Release",application/pdf,0,,,2013,,0,0,leave,report,1,,
27272,schiller-website-release-2013.pdf,"New Paradigm Website Press Release",application/pdf,0,,,2013,,0,0,leave,report,1,,
27273,schiller-website-release-2013.pdf,"New Paradigm Website Press Release",application/pdf,0,,,2013,,0,0,leave,report,1,,
27274,schiller-website-release-2013.pdf,"New Paradigm Website Press Release",application/pdf,0,,,2013,,0,0,leave,report,1,,
27275,schiller-website-release-2013.pdf,"New Paradigm Website Press Release",application/pdf,0,,,2013,,0,0,leave,report,1,,
27276,schiller-website-release-2013.pdf,"New Paradigm Website Press Release",application/pdf,0,,,2013,,0,0,leave,report,1,,
27277,schiller-website-release-2013.pdf,"New Paradigm Website Press Release",application/pdf,0,,,2013,,0,0,leave,report,1,,
27278,schiller-website-release-2013.pdf,"New Paradigm Website Press Release",application/pdf,0,,,2013,,0,0,leave,report,1,,
4685,si_brochure-20140218.pdf,si_brochure-20140218,application/pdf,0,,,2014,,0,0,leave,report,1,,
4686,si_brochure-20140218.pdf,si_brochure-20140218,application/pdf,0,,,2014,,0,0,leave,report,1,,
4687,si_brochure-20140218.pdf,si_brochure-20140218,application/pdf,0,,,2014,,0,0,leave,report,1,,
4688,si_brochure-20140218.pdf,si_brochure-20140218,application/pdf,0,,,2014,,0,0,leave,report,1,,
4689,si_brochure-20140218.pdf,si_brochure-20140218,application/pdf,0,,,2014,,0,0,leave,report,1,,
4690,si_brochure-20140218.pdf,si_brochure-20140218,application/pdf,0,,,2014,,0,0,leave,report,1,,
4691,si_brochure-20140218.pdf,si_brochure-20140218,application/pdf,0,,,2014,,0,0,leave,report,1,,
4692,si_brochure-20140218.pdf,si_brochure-20140218,application/pdf,0,,,2014,,0,0,leave,report,1,,
20852,Chen-Bo-Slides-of-CSCLF.pdf,"Chen Bo- Slides of CSCLF",application/pdf,20555,si_presentation,"Chen Bo: Brief Introduction of China Soong Ching Ling Foundation (CSCLF)",2014,,0,0,leave,report,1,,
20853,Chen-Bo-Slides-of-CSCLF.pdf,"Chen Bo- Slides of CSCLF",application/pdf,0,,,2014,,0,0,leave,report,1,,
20854,Chen-Bo-Slides-of-CSCLF.pdf,"Chen Bo- Slides of CSCLF",application/pdf,0,,,2014,,0,0,leave,report,1,,
20855,Chen-Bo-Slides-of-CSCLF.pdf,"Chen Bo- Slides of CSCLF",application/pdf,0,,,2014,,0,0,leave,report,1,,
20856,Chen-Bo-Slides-of-CSCLF.pdf,"Chen Bo- Slides of CSCLF",application/pdf,0,,,2014,,0,0,leave,report,1,,
20857,Chen-Bo-Slides-of-CSCLF.pdf,"Chen Bo- Slides of CSCLF",application/pdf,0,,,2014,,0,0,leave,report,1,,
20858,Chen-Bo-Slides-of-CSCLF.pdf,"Chen Bo- Slides of CSCLF",application/pdf,0,,,2014,,0,0,leave,report,1,,
20859,Chen-Bo-Slides-of-CSCLF.pdf,"Chen Bo- Slides of CSCLF",application/pdf,0,,,2014,,0,0,leave,report,1,,
20860,Chen-Bo-Slides-of-CSCLF.pdf,"Chen Bo- Slides of CSCLF",application/pdf,0,,,2014,,0,0,leave,report,1,,
20868,HZL-Presentation.pdf,HZL-Presentation,application/pdf,0,,,2014,,0,0,leave,report,1,,
20870,HZL-Presentation.pdf,HZL-Presentation,application/pdf,0,,,2014,,0,0,leave,report,1,,
20871,HZL-Presentation.pdf,HZL-Presentation,application/pdf,0,,,2014,,0,0,leave,report,1,,
20872,HZL-Presentation.pdf,HZL-Presentation,application/pdf,0,,,2014,,0,0,leave,report,1,,
20873,HZL-Presentation.pdf,HZL-Presentation,application/pdf,0,,,2014,,0,0,leave,report,1,,
21232,Natalja-Vitrenko.pdf,"Natalja Vitrenko",application/pdf,0,,,2014,,0,0,leave,report,1,,
21234,Natalja-Vitrenko.pdf,"Natalja Vitrenko",application/pdf,0,,,2014,,0,0,leave,report,1,,
21235,Natalja-Vitrenko.pdf,"Natalja Vitrenko",application/pdf,0,,,2014,,0,0,leave,report,1,,
21236,Natalja-Vitrenko.pdf,"Natalja Vitrenko",application/pdf,0,,,2014,,0,0,leave,report,1,,
21237,Natalja-Vitrenko.pdf,"Natalja Vitrenko",application/pdf,0,,,2014,,0,0,leave,report,1,,
23518,Presserklaerung_lang.pdf,Presserklaerung_lang,application/pdf,0,,,2014,,0,0,leave,report,1,,
23519,Presserklaerung_lang.pdf,Presserklaerung_lang,application/pdf,0,,,2014,,0,0,leave,report,1,,
23520,Presserklaerung_lang.pdf,Presserklaerung_lang,application/pdf,0,,,2014,,0,0,leave,report,1,,
23521,Presserklaerung_lang.pdf,Presserklaerung_lang,application/pdf,0,,,2014,,0,0,leave,report,1,,
23522,Presserklaerung_lang.pdf,Presserklaerung_lang,application/pdf,0,,,2014,,0,0,leave,report,1,,
23523,Presserklaerung_lang.pdf,Presserklaerung_lang,application/pdf,0,,,2014,,0,0,leave,report,1,,
23524,Presserklaerung_lang.pdf,Presserklaerung_lang,application/pdf,0,,,2014,,0,0,leave,report,1,,
31661,Presserklaerung_lang.pdf,Presserklaerung_lang,application/pdf,0,,,2014,,0,0,leave,report,1,,
34277,Konf-Pgm_Berlin-2016_05_EN.pdf,Konf-Pgm_Berlin-2016_05_EN,application/pdf,0,,,2016,,0,0,leave,report,1,,
34281,Konf-Pgm_Berlin-2016_05_EN.pdf,Konf-Pgm_Berlin-2016_05_EN,application/pdf,0,,,2016,,0,0,leave,report,1,,
34282,Konf-Pgm_Berlin-2016_05_EN.pdf,Konf-Pgm_Berlin-2016_05_EN,application/pdf,0,,,2016,,0,0,leave,report,1,,
34283,Konf-Pgm_Berlin-2016_05_EN.pdf,Konf-Pgm_Berlin-2016_05_EN,application/pdf,0,,,2016,,0,0,leave,report,1,,
34284,Konf-Pgm_Berlin-2016_05_EN.pdf,Konf-Pgm_Berlin-2016_05_EN,application/pdf,0,,,2016,,0,0,leave,report,1,,
34285,Konf-Pgm_Berlin-2016_05_EN.pdf,Konf-Pgm_Berlin-2016_05_EN,application/pdf,0,,,2016,,0,0,leave,report,1,,
34287,Konf-Pgm_Berlin-2016_05_EN-revised.pdf,Konf-Pgm_Berlin-2016_05_EN-revised,application/pdf,0,,,2016,,0,0,leave,report,1,,
34291,Konf-Pgm_Berlin-2016_05_EN-revised.pdf,Konf-Pgm_Berlin-2016_05_EN-revised,application/pdf,0,,,2016,,0,0,leave,report,1,,
34292,Konf-Pgm_Berlin-2016_05_EN-revised.pdf,Konf-Pgm_Berlin-2016_05_EN-revised,application/pdf,0,,,2016,,0,0,leave,report,1,,
34293,Konf-Pgm_Berlin-2016_05_EN-revised.pdf,Konf-Pgm_Berlin-2016_05_EN-revised,application/pdf,0,,,2016,,0,0,leave,report,1,,
34294,Konf-Pgm_Berlin-2016_05_EN-revised.pdf,Konf-Pgm_Berlin-2016_05_EN-revised,application/pdf,0,,,2016,,0,0,leave,report,1,,
34295,Konf-Pgm_Berlin-2016_05_EN-revised.pdf,Konf-Pgm_Berlin-2016_05_EN-revised,application/pdf,0,,,2016,,0,0,leave,report,1,,
34801,Konf-Pgm_Berlin-2016_05_FR.pdf,Konf-Pgm_Berlin-2016_05_FR,application/pdf,0,,,2016,,0,0,leave,report,1,,
34805,Konf-Pgm_Berlin-2016_05_FR.pdf,Konf-Pgm_Berlin-2016_05_FR,application/pdf,0,,,2016,,0,0,leave,report,1,,
34806,Konf-Pgm_Berlin-2016_05_FR.pdf,Konf-Pgm_Berlin-2016_05_FR,application/pdf,0,,,2016,,0,0,leave,report,1,,
34807,Konf-Pgm_Berlin-2016_05_FR.pdf,Konf-Pgm_Berlin-2016_05_FR,application/pdf,0,,,2016,,0,0,leave,report,1,,
34808,Konf-Pgm_Berlin-2016_05_FR.pdf,Konf-Pgm_Berlin-2016_05_FR,application/pdf,0,,,2016,,0,0,leave,report,1,,
34809,Konf-Pgm_Berlin-2016_05_FR.pdf,Konf-Pgm_Berlin-2016_05_FR,application/pdf,0,,,2016,,0,0,leave,report,1,,
37363,2016_SI_UN_Aufruft.pdf,2016_si_un_aufruft,application/pdf,0,,,2016,,0,0,leave,report,1,,
37364,2016_SI_UN_Aufruft.pdf,2016_si_un_aufruft,application/pdf,0,,,2016,,0,0,leave,report,1,,
37365,2016_SI_UN_Aufruft.pdf,2016_si_un_aufruft,application/pdf,0,,,2016,,0,0,leave,report,1,,
37422,EssenLyonPE-korr.pdf,essenlyonpe-korr,application/pdf,0,,,2016,,0,0,leave,report,1,,
37423,EssenLyonPE-korr.pdf,essenlyonpe-korr,application/pdf,0,,,2016,,0,0,leave,report,1,,
37424,EssenLyonPE-korr.pdf,essenlyonpe-korr,application/pdf,0,,,2016,,0,0,leave,report,1,,
41016,April13-14-conf-schedule-2.pdf,April13-14-conf-schedule-2,application/pdf,0,,,2017,,0,0,leave,report,1,,
41017,April13-14-conf-schedule-2.pdf,April13-14-conf-schedule-2,application/pdf,0,,,2017,,0,0,leave,report,1,,
41018,April13-14-conf-schedule-2.pdf,April13-14-conf-schedule-2,application/pdf,0,,,2017,,0,0,leave,report,1,,
41019,April13-14-conf-schedule-2.pdf,April13-14-conf-schedule-2,application/pdf,0,,,2017,,0,0,leave,report,1,,
41020,April13-14-conf-schedule-2.pdf,April13-14-conf-schedule-2,application/pdf,0,,,2017,,0,0,leave,report,1,,
41021,April13-14-conf-schedule-2.pdf,April13-14-conf-schedule-2,application/pdf,0,,,2017,,0,0,leave,report,1,,
41022,April13-14-conf-schedule-2.pdf,April13-14-conf-schedule-2,application/pdf,0,,,2017,,0,0,leave,report,1,,
41023,April13-14-conf-schedule-2.pdf,April13-14-conf-schedule-2,application/pdf,0,,,2017,,0,0,leave,report,1,,
41024,April13-14-conf-schedule-2.pdf,April13-14-conf-schedule-2,application/pdf,0,,,2017,,0,0,leave,report,1,,
48647,20180923-schiller-peititon.pdf,20180923-schiller-peititon,application/pdf,0,,,2018,,0,0,leave,report,1,,
48648,20180923-schiller-peititon.pdf,20180923-schiller-peititon,application/pdf,0,,,2018,,0,0,leave,report,1,,
48649,20180923-schiller-peititon.pdf,20180923-schiller-peititon,application/pdf,0,,,2018,,0,0,leave,report,1,,
48650,20180923-schiller-peititon.pdf,20180923-schiller-peititon,application/pdf,0,,,2018,,0,0,leave,report,1,,
48651,20180923-schiller-peititon.pdf,20180923-schiller-peititon,application/pdf,0,,,2018,,0,0,leave,report,1,,
48652,20180923-schiller-peititon.pdf,20180923-schiller-peititon,application/pdf,0,,,2018,,0,0,leave,report,1,,
48653,20180923-schiller-peititon.pdf,20180923-schiller-peititon,application/pdf,0,,,2018,,0,0,leave,report,1,,
48654,20180923-schiller-peititon.pdf,20180923-schiller-peititon,application/pdf,0,,,2018,,0,0,leave,report,1,,
48655,20180923-schiller-peititon.pdf,20180923-schiller-peititon,application/pdf,0,,,2018,,0,0,leave,report,1,,
51151,20180815-si-nbw.pdf,20180815-si-nbw,application/pdf,0,,,2019,,0,0,leave,report,1,,
51152,20180815-si-nbw.pdf,20180815-si-nbw,application/pdf,0,,,2019,,0,0,leave,report,1,,
51153,20180815-si-nbw.pdf,20180815-si-nbw,application/pdf,0,,,2019,,0,0,leave,report,1,,
51154,20180815-si-nbw.pdf,20180815-si-nbw,application/pdf,0,,,2019,,0,0,leave,report,1,,
51155,20180815-si-nbw.pdf,20180815-si-nbw,application/pdf,0,,,2019,,0,0,leave,report,1,,
51156,20180815-si-nbw.pdf,20180815-si-nbw,application/pdf,0,,,2019,,0,0,leave,report,1,,
51157,20180815-si-nbw.pdf,20180815-si-nbw,application/pdf,0,,,2019,,0,0,leave,report,1,,
51158,20180815-si-nbw.pdf,20180815-si-nbw,application/pdf,0,,,2019,,0,0,leave,report,1,,
51159,20180815-si-nbw.pdf,20180815-si-nbw,application/pdf,0,,,2019,,0,0,leave,report,1,,
51160,20180815-si-nbw.pdf,20180815-si-nbw,application/pdf,0,,,2019,,0,0,leave,report,1,,
53517,Fimmen-Für-ein-neues-‚Jemen-felix‘.pdf,"Fimmen - Für ein neues ‚Jemen felix‘",application/pdf,0,,,2019,,0,0,leave,report,1,,
53518,Fimmen-Für-ein-neues-‚Jemen-felix‘.pdf,"Fimmen - Für ein neues ‚Jemen felix‘",application/pdf,0,,,2019,,0,0,leave,report,1,,
53519,Fimmen-Für-ein-neues-‚Jemen-felix‘.pdf,"Fimmen - Für ein neues ‚Jemen felix‘",application/pdf,0,,,2019,,0,0,leave,report,1,,
53520,Fimmen-Für-ein-neues-‚Jemen-felix‘.pdf,"Fimmen - Für ein neues ‚Jemen felix‘",application/pdf,0,,,2019,,0,0,leave,report,1,,
53521,Fimmen-Für-ein-neues-‚Jemen-felix‘.pdf,"Fimmen - Für ein neues ‚Jemen felix‘",application/pdf,0,,,2019,,0,0,leave,report,1,,
53522,Fimmen-Für-ein-neues-‚Jemen-felix‘.pdf,"Fimmen - Für ein neues ‚Jemen felix‘",application/pdf,0,,,2019,,0,0,leave,report,1,,
53523,Fimmen-Für-ein-neues-‚Jemen-felix‘.pdf,"Fimmen - Für ein neues ‚Jemen felix‘",application/pdf,0,,,2019,,0,0,leave,report,1,,
53524,Fimmen-Für-ein-neues-‚Jemen-felix‘.pdf,"Fimmen - Für ein neues ‚Jemen felix‘",application/pdf,0,,,2019,,0,0,leave,report,1,,
53525,Fimmen-Für-ein-neues-‚Jemen-felix‘.pdf,"Fimmen - Für ein neues ‚Jemen felix‘",application/pdf,0,,,2019,,0,0,leave,report,1,,
55049,michael-dale.pdf,"michael dale",application/pdf,0,,,2019,,0,0,leave,report,1,,
55050,michael-dale.pdf,"michael dale",application/pdf,0,,,2019,,0,0,leave,report,1,,
55051,michael-dale.pdf,"michael dale",application/pdf,0,,,2019,,0,0,leave,report,1,,
55052,michael-dale.pdf,"michael dale",application/pdf,0,,,2019,,0,0,leave,report,1,,
55053,michael-dale.pdf,"michael dale",application/pdf,0,,,2019,,0,0,leave,report,1,,
55054,michael-dale.pdf,"michael dale",application/pdf,0,,,2019,,0,0,leave,report,1,,
55055,michael-dale.pdf,"michael dale",application/pdf,0,,,2019,,0,0,leave,report,1,,
55056,michael-dale.pdf,"michael dale",application/pdf,0,,,2019,,0,0,leave,report,1,,
55057,michael-dale.pdf,"michael dale",application/pdf,0,,,2019,,0,0,leave,report,1,,
55632,20190903-hzl-call-to-youth.pdf,20190903-hzl-call-to-youth,application/pdf,0,,,2019,,0,0,leave,report,1,,
55633,20190903-hzl-call-to-youth.pdf,20190903-hzl-call-to-youth,application/pdf,0,,,2019,,0,0,leave,report,1,,
55634,20190903-hzl-call-to-youth.pdf,20190903-hzl-call-to-youth,application/pdf,0,,,2019,,0,0,leave,report,1,,
55635,20190903-hzl-call-to-youth.pdf,20190903-hzl-call-to-youth,application/pdf,0,,,2019,,0,0,leave,report,1,,
55636,20190903-hzl-call-to-youth.pdf,20190903-hzl-call-to-youth,application/pdf,0,,,2019,,0,0,leave,report,1,,
55637,20190903-hzl-call-to-youth.pdf,20190903-hzl-call-to-youth,application/pdf,0,,,2019,,0,0,leave,report,1,,
55638,20190903-hzl-call-to-youth.pdf,20190903-hzl-call-to-youth,application/pdf,0,,,2019,,0,0,leave,report,1,,
55639,20190903-hzl-call-to-youth.pdf,20190903-hzl-call-to-youth,application/pdf,0,,,2019,,0,0,leave,report,1,,
55640,20190903-hzl-call-to-youth.pdf,20190903-hzl-call-to-youth,application/pdf,0,,,2019,,0,0,leave,report,1,,
55641,20190903-hzl-call-to-youth.pdf,20190903-hzl-call-to-youth,application/pdf,0,,,2019,,0,0,leave,report,1,,
55689,20190907-schiller-internationaler-aufruf-an-die-jugend-02.pdf,20190907-schiller-internationaler-aufruf-an-die-jugend-02,application/pdf,0,,,2019,,0,0,leave,report,1,,
55690,20190907-schiller-internationaler-aufruf-an-die-jugend-02.pdf,20190907-schiller-internationaler-aufruf-an-die-jugend-02,application/pdf,0,,,2019,,0,0,leave,report,1,,
55691,20190907-schiller-internationaler-aufruf-an-die-jugend-02.pdf,20190907-schiller-internationaler-aufruf-an-die-jugend-02,application/pdf,0,,,2019,,0,0,leave,report,1,,
55692,20190907-schiller-internationaler-aufruf-an-die-jugend-02.pdf,20190907-schiller-internationaler-aufruf-an-die-jugend-02,application/pdf,0,,,2019,,0,0,leave,report,1,,
55693,20190907-schiller-internationaler-aufruf-an-die-jugend-02.pdf,20190907-schiller-internationaler-aufruf-an-die-jugend-02,application/pdf,0,,,2019,,0,0,leave,report,1,,
55694,20190907-schiller-internationaler-aufruf-an-die-jugend-02.pdf,20190907-schiller-internationaler-aufruf-an-die-jugend-02,application/pdf,0,,,2019,,0,0,leave,report,1,,
55695,20190907-schiller-internationaler-aufruf-an-die-jugend-02.pdf,20190907-schiller-internationaler-aufruf-an-die-jugend-02,application/pdf,0,,,2019,,0,0,leave,report,1,,
55696,20190907-schiller-internationaler-aufruf-an-die-jugend-02.pdf,20190907-schiller-internationaler-aufruf-an-die-jugend-02,application/pdf,0,,,2019,,0,0,leave,report,1,,
55697,20190907-schiller-internationaler-aufruf-an-die-jugend-02.pdf,20190907-schiller-internationaler-aufruf-an-die-jugend-02,application/pdf,0,,,2019,,0,0,leave,report,1,,
57402,20200108-schiller-call-for-summit.pdf,20200108-schiller-call-for-summit,application/pdf,0,,,2020,,0,0,leave,report,1,,
57403,20200108-schiller-call-for-summit.pdf,20200108-schiller-call-for-summit,application/pdf,0,,,2020,,0,0,leave,report,1,,
57404,20200108-schiller-call-for-summit.pdf,20200108-schiller-call-for-summit,application/pdf,0,,,2020,,0,0,leave,report,1,,
57406,20200108-schiller-call-for-summit.pdf,20200108-schiller-call-for-summit,application/pdf,0,,,2020,,0,0,leave,report,1,,
57407,20200108-schiller-call-for-summit.pdf,20200108-schiller-call-for-summit,application/pdf,0,,,2020,,0,0,leave,report,1,,
57408,20200108-schiller-call-for-summit.pdf,20200108-schiller-call-for-summit,application/pdf,0,,,2020,,0,0,leave,report,1,,
57409,20200108-schiller-call-for-summit.pdf,20200108-schiller-call-for-summit,application/pdf,0,,,2020,,0,0,leave,report,1,,
57410,20200108-schiller-call-for-summit.pdf,20200108-schiller-call-for-summit,application/pdf,0,,,2020,,0,0,leave,report,1,,
57417,20200104-sondergipfel-01.pdf,20200104-sondergipfel-01,application/pdf,0,,,2020,,0,0,leave,report,1,,
57418,20200104-sondergipfel-01.pdf,20200104-sondergipfel-01,application/pdf,0,,,2020,,0,0,leave,report,1,,
57420,20200104-sondergipfel-01.pdf,20200104-sondergipfel-01,application/pdf,0,,,2020,,0,0,leave,report,1,,
57421,20200104-sondergipfel-01.pdf,20200104-sondergipfel-01,application/pdf,0,,,2020,,0,0,leave,report,1,,
57422,20200104-sondergipfel-01.pdf,20200104-sondergipfel-01,application/pdf,0,,,2020,,0,0,leave,report,1,,
57423,20200104-sondergipfel-01.pdf,20200104-sondergipfel-01,application/pdf,0,,,2020,,0,0,leave,report,1,,
57424,20200104-sondergipfel-01.pdf,20200104-sondergipfel-01,application/pdf,0,,,2020,,0,0,leave,report,1,,
57425,20200104-sondergipfel-01.pdf,20200104-sondergipfel-01,application/pdf,0,,,2020,,0,0,leave,report,1,,
57881,20200228-helga-statement-4-laws.pdf,20200228-helga-statement-4-laws,application/pdf,0,,,2020,,0,0,leave,report,1,,
57882,20200228-helga-statement-4-laws.pdf,20200228-helga-statement-4-laws,application/pdf,0,,,2020,,0,0,leave,report,1,,
57883,20200228-helga-statement-4-laws.pdf,20200228-helga-statement-4-laws,application/pdf,0,,,2020,,0,0,leave,report,1,,
57885,20200228-helga-statement-4-laws.pdf,20200228-helga-statement-4-laws,application/pdf,0,,,2020,,0,0,leave,report,1,,
57886,20200228-helga-statement-4-laws.pdf,20200228-helga-statement-4-laws,application/pdf,0,,,2020,,0,0,leave,report,1,,
57887,20200228-helga-statement-4-laws.pdf,20200228-helga-statement-4-laws,application/pdf,0,,,2020,,0,0,leave,report,1,,
57888,20200228-helga-statement-4-laws.pdf,20200228-helga-statement-4-laws,application/pdf,0,,,2020,,0,0,leave,report,1,,
57889,20200228-helga-statement-4-laws.pdf,20200228-helga-statement-4-laws,application/pdf,0,,,2020,,0,0,leave,report,1,,
58064,20200309-SIFB_Dringender_Appell_01.pdf,20200309-SIFB_Dringender_Appell_01,application/pdf,0,,,2020,,0,0,leave,report,1,,
58065,20200309-SIFB_Dringender_Appell_01.pdf,20200309-SIFB_Dringender_Appell_01,application/pdf,0,,,2020,,0,0,leave,report,1,,
58067,20200309-SIFB_Dringender_Appell_01.pdf,20200309-SIFB_Dringender_Appell_01,application/pdf,0,,,2020,,0,0,leave,report,1,,
58068,20200309-SIFB_Dringender_Appell_01.pdf,20200309-SIFB_Dringender_Appell_01,application/pdf,0,,,2020,,0,0,leave,report,1,,
58069,20200309-SIFB_Dringender_Appell_01.pdf,20200309-SIFB_Dringender_Appell_01,application/pdf,0,,,2020,,0,0,leave,report,1,,
58070,20200309-SIFB_Dringender_Appell_01.pdf,20200309-SIFB_Dringender_Appell_01,application/pdf,0,,,2020,,0,0,leave,report,1,,
58071,20200309-SIFB_Dringender_Appell_01.pdf,20200309-SIFB_Dringender_Appell_01,application/pdf,0,,,2020,,0,0,leave,report,1,,
58072,20200309-SIFB_Dringender_Appell_01.pdf,20200309-SIFB_Dringender_Appell_01,application/pdf,0,,,2020,,0,0,leave,report,1,,
58106,20200309-SIFB_Dringender_Appell_02.pdf,20200309-SIFB_Dringender_Appell_02,application/pdf,0,,,2020,,0,0,leave,report,1,,
58107,20200309-SIFB_Dringender_Appell_02.pdf,20200309-SIFB_Dringender_Appell_02,application/pdf,0,,,2020,,0,0,leave,report,1,,
58109,20200309-SIFB_Dringender_Appell_02.pdf,20200309-SIFB_Dringender_Appell_02,application/pdf,0,,,2020,,0,0,leave,report,1,,
58110,20200309-SIFB_Dringender_Appell_02.pdf,20200309-SIFB_Dringender_Appell_02,application/pdf,0,,,2020,,0,0,leave,report,1,,
58111,20200309-SIFB_Dringender_Appell_02.pdf,20200309-SIFB_Dringender_Appell_02,application/pdf,0,,,2020,,0,0,leave,report,1,,
58112,20200309-SIFB_Dringender_Appell_02.pdf,20200309-SIFB_Dringender_Appell_02,application/pdf,0,,,2020,,0,0,leave,report,1,,
58113,20200309-SIFB_Dringender_Appell_02.pdf,20200309-SIFB_Dringender_Appell_02,application/pdf,0,,,2020,,0,0,leave,report,1,,
58114,20200309-SIFB_Dringender_Appell_02.pdf,20200309-SIFB_Dringender_Appell_02,application/pdf,0,,,2020,,0,0,leave,report,1,,
64621,SI-GreatReset2020.pdf,SI-GreatReset2020,application/pdf,0,,,2020,,0,0,leave,report,1,,
64622,SI-GreatReset2020.pdf,SI-GreatReset2020,application/pdf,0,,,2020,,0,0,leave,report,1,,
64624,SI-GreatReset2020.pdf,SI-GreatReset2020,application/pdf,0,,,2020,,0,0,leave,report,1,,
64625,SI-GreatReset2020.pdf,SI-GreatReset2020,application/pdf,0,,,2020,,0,0,leave,report,1,,
64626,SI-GreatReset2020.pdf,SI-GreatReset2020,application/pdf,0,,,2020,,0,0,leave,report,1,,
64627,SI-GreatReset2020.pdf,SI-GreatReset2020,application/pdf,0,,,2020,,0,0,leave,report,1,,
64628,SI-GreatReset2020.pdf,SI-GreatReset2020,application/pdf,0,,,2020,,0,0,leave,report,1,,
64629,SI-GreatReset2020.pdf,SI-GreatReset2020,application/pdf,0,,,2020,,0,0,leave,report,1,,
65373,20201219-assange.pdf,20201219-assange,application/pdf,0,,,2020,,0,0,leave,report,1,,
65374,20201219-assange.pdf,20201219-assange,application/pdf,0,,,2020,,0,0,leave,report,1,,
65375,20201219-assange.pdf,20201219-assange,application/pdf,0,,,2020,,0,0,leave,report,1,,
65376,20201219-assange.pdf,20201219-assange,application/pdf,0,,,2020,,0,0,leave,report,1,,
65377,20201219-assange.pdf,20201219-assange,application/pdf,0,,,2020,,0,0,leave,report,1,,
65378,20201219-assange.pdf,20201219-assange,application/pdf,0,,,2020,,0,0,leave,report,1,,
65379,20201219-assange.pdf,20201219-assange,application/pdf,0,,,2020,,0,0,leave,report,1,,
65380,20201219-assange.pdf,20201219-assange,application/pdf,0,,,2020,,0,0,leave,report,1,,
65381,20201219-assange.pdf,20201219-assange,application/pdf,0,,,2020,,0,0,leave,report,1,,
65382,20201219-assange.pdf,20201219-assange,application/pdf,0,,,2020,,0,0,leave,report,1,,
65394,20201219-assange-2-1.pdf,"20201219-assange 2",application/pdf,0,,,2020,,0,0,leave,report,1,,
65395,20201219-assange-2-1.pdf,"20201219-assange 2",application/pdf,0,,,2020,,0,0,leave,report,1,,
65396,20201219-assange-2-1.pdf,"20201219-assange 2",application/pdf,0,,,2020,,0,0,leave,report,1,,
65397,20201219-assange-2-1.pdf,"20201219-assange 2",application/pdf,0,,,2020,,0,0,leave,report,1,,
65398,20201219-assange-2-1.pdf,"20201219-assange 2",application/pdf,0,,,2020,,0,0,leave,report,1,,
65399,20201219-assange-2-1.pdf,"20201219-assange 2",application/pdf,0,,,2020,,0,0,leave,report,1,,
65400,20201219-assange-2-1.pdf,"20201219-assange 2",application/pdf,0,,,2020,,0,0,leave,report,1,,
65401,20201219-assange-2-1.pdf,"20201219-assange 2",application/pdf,0,,,2020,,0,0,leave,report,1,,
65402,20201219-assange-2-1.pdf,"20201219-assange 2",application/pdf,0,,,2020,,0,0,leave,report,1,,
65403,20201219-assange-2-1.pdf,"20201219-assange 2",application/pdf,0,,,2020,,0,0,leave,report,1,,
65405,20201219-assange-2-2.pdf,"20201219-assange 2",application/pdf,0,,,2020,,0,0,leave,report,1,,
65406,20201219-assange-2-2.pdf,"20201219-assange 2",application/pdf,0,,,2020,,0,0,leave,report,1,,
65407,20201219-assange-2-2.pdf,"20201219-assange 2",application/pdf,0,,,2020,,0,0,leave,report,1,,
65408,20201219-assange-2-2.pdf,"20201219-assange 2",application/pdf,0,,,2020,,0,0,leave,report,1,,
65409,20201219-assange-2-2.pdf,"20201219-assange 2",application/pdf,0,,,2020,,0,0,leave,report,1,,
65410,20201219-assange-2-2.pdf,"20201219-assange 2",application/pdf,0,,,2020,,0,0,leave,report,1,,
65411,20201219-assange-2-2.pdf,"20201219-assange 2",application/pdf,0,,,2020,,0,0,leave,report,1,,
65412,20201219-assange-2-2.pdf,"20201219-assange 2",application/pdf,0,,,2020,,0,0,leave,report,1,,
65413,20201219-assange-2-2.pdf,"20201219-assange 2",application/pdf,0,,,2020,,0,0,leave,report,1,,
65415,20201219-assange-2-3.pdf,"20201219-assange 2",application/pdf,0,,,2020,,0,0,leave,report,1,,
65416,20201219-assange-2-3.pdf,"20201219-assange 2",application/pdf,0,,,2020,,0,0,leave,report,1,,
65417,20201219-assange-2-3.pdf,"20201219-assange 2",application/pdf,0,,,2020,,0,0,leave,report,1,,
65418,20201219-assange-2-3.pdf,"20201219-assange 2",application/pdf,0,,,2020,,0,0,leave,report,1,,
65419,20201219-assange-2-3.pdf,"20201219-assange 2",application/pdf,0,,,2020,,0,0,leave,report,1,,
65420,20201219-assange-2-3.pdf,"20201219-assange 2",application/pdf,0,,,2020,,0,0,leave,report,1,,
65421,20201219-assange-2-3.pdf,"20201219-assange 2",application/pdf,0,,,2020,,0,0,leave,report,1,,
65422,20201219-assange-2-3.pdf,"20201219-assange 2",application/pdf,0,,,2020,,0,0,leave,report,1,,
65423,20201219-assange-2-3.pdf,"20201219-assange 2",application/pdf,0,,,2020,,0,0,leave,report,1,,
65425,20201219-assange-2-4.pdf,"20201219-assange 2",application/pdf,0,,,2020,,0,0,leave,report,1,,
65426,20201219-assange-2-4.pdf,"20201219-assange 2",application/pdf,0,,,2020,,0,0,leave,report,1,,
65427,20201219-assange-2-4.pdf,"20201219-assange 2",application/pdf,0,,,2020,,0,0,leave,report,1,,
65428,20201219-assange-2-4.pdf,"20201219-assange 2",application/pdf,0,,,2020,,0,0,leave,report,1,,
65429,20201219-assange-2-4.pdf,"20201219-assange 2",application/pdf,0,,,2020,,0,0,leave,report,1,,
65430,20201219-assange-2-4.pdf,"20201219-assange 2",application/pdf,0,,,2020,,0,0,leave,report,1,,
65431,20201219-assange-2-4.pdf,"20201219-assange 2",application/pdf,0,,,2020,,0,0,leave,report,1,,
65432,20201219-assange-2-4.pdf,"20201219-assange 2",application/pdf,0,,,2020,,0,0,leave,report,1,,
65433,20201219-assange-2-4.pdf,"20201219-assange 2",application/pdf,0,,,2020,,0,0,leave,report,1,,
66862,richards-article.pdf,"richards article",application/pdf,0,,,2021,,0,0,leave,report,1,,
66863,richards-article.pdf,"richards article",application/pdf,0,,,2021,,0,0,leave,report,1,,
66864,richards-article.pdf,"richards article",application/pdf,0,,,2021,,0,0,leave,report,1,,
66865,richards-article.pdf,"richards article",application/pdf,0,,,2021,,0,0,leave,report,1,,
66866,richards-article.pdf,"richards article",application/pdf,0,,,2021,,0,0,leave,report,1,,
66867,richards-article.pdf,"richards article",application/pdf,0,,,2021,,0,0,leave,report,1,,
66868,richards-article.pdf,"richards article",application/pdf,0,,,2021,,0,0,leave,report,1,,
66869,richards-article.pdf,"richards article",application/pdf,0,,,2021,,0,0,leave,report,1,,
66870,richards-article.pdf,"richards article",application/pdf,0,,,2021,,0,0,leave,report,1,,
66871,richards-article.pdf,"richards article",application/pdf,0,,,2021,,0,0,leave,report,1,,
66873,richards-article-1.pdf,"richards article",application/pdf,0,,,2021,,0,0,leave,report,1,,
66874,richards-article-1.pdf,"richards article",application/pdf,0,,,2021,,0,0,leave,report,1,,
66875,richards-article-1.pdf,"richards article",application/pdf,0,,,2021,,0,0,leave,report,1,,
66876,richards-article-1.pdf,"richards article",application/pdf,0,,,2021,,0,0,leave,report,1,,
66877,richards-article-1.pdf,"richards article",application/pdf,0,,,2021,,0,0,leave,report,1,,
66878,richards-article-1.pdf,"richards article",application/pdf,0,,,2021,,0,0,leave,report,1,,
66879,richards-article-1.pdf,"richards article",application/pdf,0,,,2021,,0,0,leave,report,1,,
66880,richards-article-1.pdf,"richards article",application/pdf,0,,,2021,,0,0,leave,report,1,,
66881,richards-article-1.pdf,"richards article",application/pdf,0,,,2021,,0,0,leave,report,1,,
74354,20210515-global-health-system.pdf,20210515-global-health-system,application/pdf,0,,,2021,,0,0,leave,report,1,,
74355,20210515-global-health-system.pdf,20210515-global-health-system,application/pdf,0,,,2021,,0,0,leave,report,1,,
74356,20210515-global-health-system.pdf,20210515-global-health-system,application/pdf,0,,,2021,,0,0,leave,report,1,,
74357,20210515-global-health-system.pdf,20210515-global-health-system,application/pdf,0,,,2021,,0,0,leave,report,1,,
74358,20210515-global-health-system.pdf,20210515-global-health-system,application/pdf,0,,,2021,,0,0,leave,report,1,,
74359,20210515-global-health-system.pdf,20210515-global-health-system,application/pdf,0,,,2021,,0,0,leave,report,1,,
74360,20210515-global-health-system.pdf,20210515-global-health-system,application/pdf,0,,,2021,,0,0,leave,report,1,,
74361,20210515-global-health-system.pdf,20210515-global-health-system,application/pdf,0,,,2021,,0,0,leave,report,1,,
74362,20210515-global-health-system.pdf,20210515-global-health-system,application/pdf,0,,,2021,,0,0,leave,report,1,,
74363,20210515-global-health-system.pdf,20210515-global-health-system,application/pdf,0,,,2021,,0,0,leave,report,1,,
76651,20210711-afghanistan.pdf,"20210711- afghanistan",application/pdf,0,,,2021,,0,0,leave,report,1,,
76652,20210711-afghanistan.pdf,"20210711- afghanistan",application/pdf,0,,,2021,,0,0,leave,report,1,,
76653,20210711-afghanistan.pdf,"20210711- afghanistan",application/pdf,0,,,2021,,0,0,leave,report,1,,
76654,20210711-afghanistan.pdf,"20210711- afghanistan",application/pdf,0,,,2021,,0,0,leave,report,1,,
76655,20210711-afghanistan.pdf,"20210711- afghanistan",application/pdf,0,,,2021,,0,0,leave,report,1,,
76656,20210711-afghanistan.pdf,"20210711- afghanistan",application/pdf,0,,,2021,,0,0,leave,report,1,,
76657,20210711-afghanistan.pdf,"20210711- afghanistan",application/pdf,0,,,2021,,0,0,leave,report,1,,
76658,20210711-afghanistan.pdf,"20210711- afghanistan",application/pdf,0,,,2021,,0,0,leave,report,1,,
76659,20210711-afghanistan.pdf,"20210711- afghanistan",application/pdf,0,,,2021,,0,0,leave,report,1,,
76660,20210711-afghanistan.pdf,"20210711- afghanistan",application/pdf,0,,,2021,,0,0,leave,report,1,,
76843,20210724-conference-invite.pdf,"20210724-conference invite",application/pdf,0,,,2021,,0,0,leave,report,1,,
76844,20210724-conference-invite.pdf,"20210724-conference invite",application/pdf,0,,,2021,,0,0,leave,report,1,,
76845,20210724-conference-invite.pdf,"20210724-conference invite",application/pdf,0,,,2021,,0,0,leave,report,1,,
76846,20210724-conference-invite.pdf,"20210724-conference invite",application/pdf,0,,,2021,,0,0,leave,report,1,,
76847,20210724-conference-invite.pdf,"20210724-conference invite",application/pdf,0,,,2021,,0,0,leave,report,1,,
76848,20210724-conference-invite.pdf,"20210724-conference invite",application/pdf,0,,,2021,,0,0,leave,report,1,,
76849,20210724-conference-invite.pdf,"20210724-conference invite",application/pdf,0,,,2021,,0,0,leave,report,1,,
76850,20210724-conference-invite.pdf,"20210724-conference invite",application/pdf,0,,,2021,,0,0,leave,report,1,,
76851,20210724-conference-invite.pdf,"20210724-conference invite",application/pdf,0,,,2021,,0,0,leave,report,1,,
76852,20210724-conference-invite.pdf,"20210724-conference invite",application/pdf,0,,,2021,,0,0,leave,report,1,,
76924,20210724-conference-invite-1.pdf,"20210724-conference invite",application/pdf,0,,,2021,,0,0,leave,report,1,,
76925,20210724-conference-invite-1.pdf,"20210724-conference invite",application/pdf,0,,,2021,,0,0,leave,report,1,,
76926,20210724-conference-invite-1.pdf,"20210724-conference invite",application/pdf,0,,,2021,,0,0,leave,report,1,,
76927,20210724-conference-invite-1.pdf,"20210724-conference invite",application/pdf,0,,,2021,,0,0,leave,report,1,,
76928,20210724-conference-invite-1.pdf,"20210724-conference invite",application/pdf,0,,,2021,,0,0,leave,report,1,,
76929,20210724-conference-invite-1.pdf,"20210724-conference invite",application/pdf,0,,,2021,,0,0,leave,report,1,,
76930,20210724-conference-invite-1.pdf,"20210724-conference invite",application/pdf,0,,,2021,,0,0,leave,report,1,,
76931,20210724-conference-invite-1.pdf,"20210724-conference invite",application/pdf,0,,,2021,,0,0,leave,report,1,,
76932,20210724-conference-invite-1.pdf,"20210724-conference invite",application/pdf,0,,,2021,,0,0,leave,report,1,,
76933,20210724-conference-invite-1.pdf,"20210724-conference invite",application/pdf,0,,,2021,,0,0,leave,report,1,,
78557,Leonore-Summer-2021.pdf,Leonore-Summer-2021,application/pdf,0,,,2021,,0,0,leave,report,1,,
78558,Leonore-Summer-2021.pdf,Leonore-Summer-2021,application/pdf,0,,,2021,,0,0,leave,report,1,,
78559,Leonore-Summer-2021.pdf,Leonore-Summer-2021,application/pdf,0,,,2021,,0,0,leave,report,1,,
78560,Leonore-Summer-2021.pdf,Leonore-Summer-2021,application/pdf,0,,,2021,,0,0,leave,report,1,,
78561,Leonore-Summer-2021.pdf,Leonore-Summer-2021,application/pdf,0,,,2021,,0,0,leave,report,1,,
78562,Leonore-Summer-2021.pdf,Leonore-Summer-2021,application/pdf,0,,,2021,,0,0,leave,report,1,,
78563,Leonore-Summer-2021.pdf,Leonore-Summer-2021,application/pdf,0,,,2021,,0,0,leave,report,1,,
78564,Leonore-Summer-2021.pdf,Leonore-Summer-2021,application/pdf,0,,,2021,,0,0,leave,report,1,,
78565,Leonore-Summer-2021.pdf,Leonore-Summer-2021,application/pdf,0,,,2021,,0,0,leave,report,1,,
78574,Leonore-Summer-2021-Pre-Final.pdf,Leonore-Summer-2021-Pre-Final,application/pdf,0,,,2021,,0,0,leave,report,1,,
78575,Leonore-Summer-2021-Pre-Final.pdf,Leonore-Summer-2021-Pre-Final,application/pdf,0,,,2021,,0,0,leave,report,1,,
78576,Leonore-Summer-2021-Pre-Final.pdf,Leonore-Summer-2021-Pre-Final,application/pdf,0,,,2021,,0,0,leave,report,1,,
78577,Leonore-Summer-2021-Pre-Final.pdf,Leonore-Summer-2021-Pre-Final,application/pdf,0,,,2021,,0,0,leave,report,1,,
78578,Leonore-Summer-2021-Pre-Final.pdf,Leonore-Summer-2021-Pre-Final,application/pdf,0,,,2021,,0,0,leave,report,1,,
78579,Leonore-Summer-2021-Pre-Final.pdf,Leonore-Summer-2021-Pre-Final,application/pdf,0,,,2021,,0,0,leave,report,1,,
78580,Leonore-Summer-2021-Pre-Final.pdf,Leonore-Summer-2021-Pre-Final,application/pdf,0,,,2021,,0,0,leave,report,1,,
78581,Leonore-Summer-2021-Pre-Final.pdf,Leonore-Summer-2021-Pre-Final,application/pdf,0,,,2021,,0,0,leave,report,1,,
78582,Leonore-Summer-2021-Pre-Final.pdf,Leonore-Summer-2021-Pre-Final,application/pdf,0,,,2021,,0,0,leave,report,1,,
78707,20210821-afghanistan-event-4.pdf,"20210821 afghanistan event 4",application/pdf,0,,,2021,,0,0,leave,report,1,,
78708,20210821-afghanistan-event-4.pdf,"20210821 afghanistan event 4",application/pdf,0,,,2021,,0,0,leave,report,1,,
78709,20210821-afghanistan-event-4.pdf,"20210821 afghanistan event 4",application/pdf,0,,,2021,,0,0,leave,report,1,,
78710,20210821-afghanistan-event-4.pdf,"20210821 afghanistan event 4",application/pdf,0,,,2021,,0,0,leave,report,1,,
78711,20210821-afghanistan-event-4.pdf,"20210821 afghanistan event 4",application/pdf,0,,,2021,,0,0,leave,report,1,,
78712,20210821-afghanistan-event-4.pdf,"20210821 afghanistan event 4",application/pdf,0,,,2021,,0,0,leave,report,1,,
78713,20210821-afghanistan-event-4.pdf,"20210821 afghanistan event 4",application/pdf,0,,,2021,,0,0,leave,report,1,,
78714,20210821-afghanistan-event-4.pdf,"20210821 afghanistan event 4",application/pdf,0,,,2021,,0,0,leave,report,1,,
78715,20210821-afghanistan-event-4.pdf,"20210821 afghanistan event 4",application/pdf,0,,,2021,,0,0,leave,report,1,,
78716,20210821-afghanistan-event-4.pdf,"20210821 afghanistan event 4",application/pdf,0,,,2021,,0,0,leave,report,1,,
79116,20210906-what-afghanistan-needs-1.pdf,"20210906-what afghanistan needs",application/pdf,0,,,2021,,0,0,leave,report,1,,
79117,20210906-what-afghanistan-needs-1.pdf,"20210906-what afghanistan needs",application/pdf,0,,,2021,,0,0,leave,report,1,,
79118,20210906-what-afghanistan-needs-1.pdf,"20210906-what afghanistan needs",application/pdf,0,,,2021,,0,0,leave,report,1,,
79119,20210906-what-afghanistan-needs-1.pdf,"20210906-what afghanistan needs",application/pdf,0,,,2021,,0,0,leave,report,1,,
79120,20210906-what-afghanistan-needs-1.pdf,"20210906-what afghanistan needs",application/pdf,0,,,2021,,0,0,leave,report,1,,
79121,20210906-what-afghanistan-needs-1.pdf,"20210906-what afghanistan needs",application/pdf,0,,,2021,,0,0,leave,report,1,,
79122,20210906-what-afghanistan-needs-1.pdf,"20210906-what afghanistan needs",application/pdf,0,,,2021,,0,0,leave,report,1,,
79123,20210906-what-afghanistan-needs-1.pdf,"20210906-what afghanistan needs",application/pdf,0,,,2021,,0,0,leave,report,1,,
79124,20210906-what-afghanistan-needs-1.pdf,"20210906-what afghanistan needs",application/pdf,0,,,2021,,0,0,leave,report,1,,
79126,20210906-what-afghanistan-needs-2.pdf,"20210906-what afghanistan needs",application/pdf,0,,,2021,,0,0,leave,report,1,,
79127,20210906-what-afghanistan-needs-2.pdf,"20210906-what afghanistan needs",application/pdf,0,,,2021,,0,0,leave,report,1,,
79128,20210906-what-afghanistan-needs-2.pdf,"20210906-what afghanistan needs",application/pdf,0,,,2021,,0,0,leave,report,1,,
79129,20210906-what-afghanistan-needs-2.pdf,"20210906-what afghanistan needs",application/pdf,0,,,2021,,0,0,leave,report,1,,
79130,20210906-what-afghanistan-needs-2.pdf,"20210906-what afghanistan needs",application/pdf,0,,,2021,,0,0,leave,report,1,,
79131,20210906-what-afghanistan-needs-2.pdf,"20210906-what afghanistan needs",application/pdf,0,,,2021,,0,0,leave,report,1,,
79132,20210906-what-afghanistan-needs-2.pdf,"20210906-what afghanistan needs",application/pdf,0,,,2021,,0,0,leave,report,1,,
79133,20210906-what-afghanistan-needs-2.pdf,"20210906-what afghanistan needs",application/pdf,0,,,2021,,0,0,leave,report,1,,
79134,20210906-what-afghanistan-needs-2.pdf,"20210906-what afghanistan needs",application/pdf,0,,,2021,,0,0,leave,report,1,,
79250,Fragments-from-Shakepeare-Dramas-Macbeth.pdf,"Fragments from Shakepeare Dramas Macbeth",application/pdf,0,,,2021,,0,0,leave,report,1,,
79251,Fragments-from-Shakepeare-Dramas-Macbeth.pdf,"Fragments from Shakepeare Dramas Macbeth",application/pdf,0,,,2021,,0,0,leave,report,1,,
79252,Fragments-from-Shakepeare-Dramas-Macbeth.pdf,"Fragments from Shakepeare Dramas Macbeth",application/pdf,0,,,2021,,0,0,leave,report,1,,
79253,Fragments-from-Shakepeare-Dramas-Macbeth.pdf,"Fragments from Shakepeare Dramas Macbeth",application/pdf,0,,,2021,,0,0,leave,report,1,,
79254,Fragments-from-Shakepeare-Dramas-Macbeth.pdf,"Fragments from Shakepeare Dramas Macbeth",application/pdf,0,,,2021,,0,0,leave,report,1,,
79255,Fragments-from-Shakepeare-Dramas-Macbeth.pdf,"Fragments from Shakepeare Dramas Macbeth",application/pdf,0,,,2021,,0,0,leave,report,1,,
79256,Fragments-from-Shakepeare-Dramas-Macbeth.pdf,"Fragments from Shakepeare Dramas Macbeth",application/pdf,0,,,2021,,0,0,leave,report,1,,
79257,Fragments-from-Shakepeare-Dramas-Macbeth.pdf,"Fragments from Shakepeare Dramas Macbeth",application/pdf,0,,,2021,,0,0,leave,report,1,,
79258,Fragments-from-Shakepeare-Dramas-Macbeth.pdf,"Fragments from Shakepeare Dramas Macbeth",application/pdf,0,,,2021,,0,0,leave,report,1,,
79259,Fragments-from-Shakepeare-Dramas-Macbeth.pdf,"Fragments from Shakepeare Dramas Macbeth",application/pdf,0,,,2021,,0,0,leave,report,1,,
80658,20211011-stop-green-destruction.pdf,"20211011 stop green destruction",application/pdf,0,,,2021,,0,0,leave,report,1,,
80659,20211011-stop-green-destruction.pdf,"20211011 stop green destruction",application/pdf,0,,,2021,,0,0,leave,report,1,,
80660,20211011-stop-green-destruction.pdf,"20211011 stop green destruction",application/pdf,0,,,2021,,0,0,leave,report,1,,
80661,20211011-stop-green-destruction.pdf,"20211011 stop green destruction",application/pdf,0,,,2021,,0,0,leave,report,1,,
80662,20211011-stop-green-destruction.pdf,"20211011 stop green destruction",application/pdf,0,,,2021,,0,0,leave,report,1,,
80663,20211011-stop-green-destruction.pdf,"20211011 stop green destruction",application/pdf,0,,,2021,,0,0,leave,report,1,,
80664,20211011-stop-green-destruction.pdf,"20211011 stop green destruction",application/pdf,0,,,2021,,0,0,leave,report,1,,
80665,20211011-stop-green-destruction.pdf,"20211011 stop green destruction",application/pdf,0,,,2021,,0,0,leave,report,1,,
80666,20211011-stop-green-destruction.pdf,"20211011 stop green destruction",application/pdf,0,,,2021,,0,0,leave,report,1,,
80667,20211011-stop-green-destruction.pdf,"20211011 stop green destruction",application/pdf,0,,,2021,,0,0,leave,report,1,,
80750,Weckruf_2021.pdf,Weckruf_2021,application/pdf,0,,,2021,,0,0,leave,report,1,,
80751,Weckruf_2021.pdf,Weckruf_2021,application/pdf,0,,,2021,,0,0,leave,report,1,,
80752,Weckruf_2021.pdf,Weckruf_2021,application/pdf,0,,,2021,,0,0,leave,report,1,,
80753,Weckruf_2021.pdf,Weckruf_2021,application/pdf,0,,,2021,,0,0,leave,report,1,,
80754,Weckruf_2021.pdf,Weckruf_2021,application/pdf,0,,,2021,,0,0,leave,report,1,,
80755,Weckruf_2021.pdf,Weckruf_2021,application/pdf,0,,,2021,,0,0,leave,report,1,,
80756,Weckruf_2021.pdf,Weckruf_2021,application/pdf,0,,,2021,,0,0,leave,report,1,,
80757,Weckruf_2021.pdf,Weckruf_2021,application/pdf,0,,,2021,,0,0,leave,report,1,,
80758,Weckruf_2021.pdf,Weckruf_2021,application/pdf,0,,,2021,,0,0,leave,report,1,,
80759,Weckruf_2021.pdf,Weckruf_2021,application/pdf,0,,,2021,,0,0,leave,report,1,,
80760,Weckruf_2021-1.pdf,Weckruf_2021,application/pdf,0,,,2021,,0,0,leave,report,1,,
80761,Weckruf_2021-1.pdf,Weckruf_2021,application/pdf,0,,,2021,,0,0,leave,report,1,,
80762,Weckruf_2021-1.pdf,Weckruf_2021,application/pdf,0,,,2021,,0,0,leave,report,1,,
80763,Weckruf_2021-1.pdf,Weckruf_2021,application/pdf,0,,,2021,,0,0,leave,report,1,,
80764,Weckruf_2021-1.pdf,Weckruf_2021,application/pdf,0,,,2021,,0,0,leave,report,1,,
80765,Weckruf_2021-1.pdf,Weckruf_2021,application/pdf,0,,,2021,,0,0,leave,report,1,,
80766,Weckruf_2021-1.pdf,Weckruf_2021,application/pdf,0,,,2021,,0,0,leave,report,1,,
80767,Weckruf_2021-1.pdf,Weckruf_2021,application/pdf,0,,,2021,,0,0,leave,report,1,,
80768,Weckruf_2021-1.pdf,Weckruf_2021,application/pdf,0,,,2021,,0,0,leave,report,1,,
80769,Weckruf_2021-1.pdf,Weckruf_2021,application/pdf,0,,,2021,,0,0,leave,report,1,,
80790,20211011-wake-up-call.pdf,"20211011 wake up call",application/pdf,0,,,2021,,0,0,leave,report,1,,
80791,20211011-wake-up-call.pdf,"20211011 wake up call",application/pdf,0,,,2021,,0,0,leave,report,1,,
80792,20211011-wake-up-call.pdf,"20211011 wake up call",application/pdf,0,,,2021,,0,0,leave,report,1,,
80793,20211011-wake-up-call.pdf,"20211011 wake up call",application/pdf,0,,,2021,,0,0,leave,report,1,,
80794,20211011-wake-up-call.pdf,"20211011 wake up call",application/pdf,0,,,2021,,0,0,leave,report,1,,
80795,20211011-wake-up-call.pdf,"20211011 wake up call",application/pdf,0,,,2021,,0,0,leave,report,1,,
80796,20211011-wake-up-call.pdf,"20211011 wake up call",application/pdf,0,,,2021,,0,0,leave,report,1,,
80797,20211011-wake-up-call.pdf,"20211011 wake up call",application/pdf,0,,,2021,,0,0,leave,report,1,,
80798,20211011-wake-up-call.pdf,"20211011 wake up call",application/pdf,0,,,2021,,0,0,leave,report,1,,
80799,20211011-wake-up-call.pdf,"20211011 wake up call",application/pdf,0,,,2021,,0,0,leave,report,1,,
80814,Afghanistan-Aufruf_2021.pdf,Afghanistan-Aufruf_2021,application/pdf,0,,,2021,,0,0,leave,report,1,,
80815,Afghanistan-Aufruf_2021.pdf,Afghanistan-Aufruf_2021,application/pdf,0,,,2021,,0,0,leave,report,1,,
80816,Afghanistan-Aufruf_2021.pdf,Afghanistan-Aufruf_2021,application/pdf,0,,,2021,,0,0,leave,report,1,,
80817,Afghanistan-Aufruf_2021.pdf,Afghanistan-Aufruf_2021,application/pdf,0,,,2021,,0,0,leave,report,1,,
80818,Afghanistan-Aufruf_2021.pdf,Afghanistan-Aufruf_2021,application/pdf,0,,,2021,,0,0,leave,report,1,,
80819,Afghanistan-Aufruf_2021.pdf,Afghanistan-Aufruf_2021,application/pdf,0,,,2021,,0,0,leave,report,1,,
80820,Afghanistan-Aufruf_2021.pdf,Afghanistan-Aufruf_2021,application/pdf,0,,,2021,,0,0,leave,report,1,,
80821,Afghanistan-Aufruf_2021.pdf,Afghanistan-Aufruf_2021,application/pdf,0,,,2021,,0,0,leave,report,1,,
80822,Afghanistan-Aufruf_2021.pdf,Afghanistan-Aufruf_2021,application/pdf,0,,,2021,,0,0,leave,report,1,,
80823,Afghanistan-Aufruf_2021.pdf,Afghanistan-Aufruf_2021,application/pdf,0,,,2021,,0,0,leave,report,1,,
80875,20211011-wake-up-call-FINAL.pdf,"20211011 wake up call FINAL",application/pdf,0,,,2021,,0,0,leave,report,1,,
80876,20211011-wake-up-call-FINAL.pdf,"20211011 wake up call FINAL",application/pdf,0,,,2021,,0,0,leave,report,1,,
80877,20211011-wake-up-call-FINAL.pdf,"20211011 wake up call FINAL",application/pdf,0,,,2021,,0,0,leave,report,1,,
80878,20211011-wake-up-call-FINAL.pdf,"20211011 wake up call FINAL",application/pdf,0,,,2021,,0,0,leave,report,1,,
80879,20211011-wake-up-call-FINAL.pdf,"20211011 wake up call FINAL",application/pdf,0,,,2021,,0,0,leave,report,1,,
80880,20211011-wake-up-call-FINAL.pdf,"20211011 wake up call FINAL",application/pdf,0,,,2021,,0,0,leave,report,1,,
80881,20211011-wake-up-call-FINAL.pdf,"20211011 wake up call FINAL",application/pdf,0,,,2021,,0,0,leave,report,1,,
80882,20211011-wake-up-call-FINAL.pdf,"20211011 wake up call FINAL",application/pdf,0,,,2021,,0,0,leave,report,1,,
80883,20211011-wake-up-call-FINAL.pdf,"20211011 wake up call FINAL",application/pdf,0,,,2021,,0,0,leave,report,1,,
80884,20211011-wake-up-call-FINAL.pdf,"20211011 wake up call FINAL",application/pdf,0,,,2021,,0,0,leave,report,1,,
80913,20211012-afghan-funds.pdf,"20211012 afghan funds",application/pdf,0,,,2021,,0,0,leave,report,1,,
80914,20211012-afghan-funds.pdf,"20211012 afghan funds",application/pdf,0,,,2021,,0,0,leave,report,1,,
80915,20211012-afghan-funds.pdf,"20211012 afghan funds",application/pdf,0,,,2021,,0,0,leave,report,1,,
80916,20211012-afghan-funds.pdf,"20211012 afghan funds",application/pdf,0,,,2021,,0,0,leave,report,1,,
80917,20211012-afghan-funds.pdf,"20211012 afghan funds",application/pdf,0,,,2021,,0,0,leave,report,1,,
80918,20211012-afghan-funds.pdf,"20211012 afghan funds",application/pdf,0,,,2021,,0,0,leave,report,1,,
80919,20211012-afghan-funds.pdf,"20211012 afghan funds",application/pdf,0,,,2021,,0,0,leave,report,1,,
80920,20211012-afghan-funds.pdf,"20211012 afghan funds",application/pdf,0,,,2021,,0,0,leave,report,1,,
80921,20211012-afghan-funds.pdf,"20211012 afghan funds",application/pdf,0,,,2021,,0,0,leave,report,1,,
80922,20211012-afghan-funds.pdf,"20211012 afghan funds",application/pdf,0,,,2021,,0,0,leave,report,1,,
80997,Weckruf_2021-final.pdf,Weckruf_2021-final,application/pdf,0,,,2021,,0,0,leave,report,1,,
80998,Weckruf_2021-final.pdf,Weckruf_2021-final,application/pdf,0,,,2021,,0,0,leave,report,1,,
80999,Weckruf_2021-final.pdf,Weckruf_2021-final,application/pdf,0,,,2021,,0,0,leave,report,1,,
81000,Weckruf_2021-final.pdf,Weckruf_2021-final,application/pdf,0,,,2021,,0,0,leave,report,1,,
81001,Weckruf_2021-final.pdf,Weckruf_2021-final,application/pdf,0,,,2021,,0,0,leave,report,1,,
81002,Weckruf_2021-final.pdf,Weckruf_2021-final,application/pdf,0,,,2021,,0,0,leave,report,1,,
81003,Weckruf_2021-final.pdf,Weckruf_2021-final,application/pdf,0,,,2021,,0,0,leave,report,1,,
81004,Weckruf_2021-final.pdf,Weckruf_2021-final,application/pdf,0,,,2021,,0,0,leave,report,1,,
81005,Weckruf_2021-final.pdf,Weckruf_2021-final,application/pdf,0,,,2021,,0,0,leave,report,1,,
81006,Weckruf_2021-final.pdf,Weckruf_2021-final,application/pdf,0,,,2021,,0,0,leave,report,1,,
81007,20211011-wake-up-call-FINAL-corrected.pdf,"20211011 wake up call FINAL corrected",application/pdf,0,,,2021,,0,0,leave,report,1,,
81008,20211011-wake-up-call-FINAL-corrected.pdf,"20211011 wake up call FINAL corrected",application/pdf,0,,,2021,,0,0,leave,report,1,,
81009,20211011-wake-up-call-FINAL-corrected.pdf,"20211011 wake up call FINAL corrected",application/pdf,0,,,2021,,0,0,leave,report,1,,
81010,20211011-wake-up-call-FINAL-corrected.pdf,"20211011 wake up call FINAL corrected",application/pdf,0,,,2021,,0,0,leave,report,1,,
81011,20211011-wake-up-call-FINAL-corrected.pdf,"20211011 wake up call FINAL corrected",application/pdf,0,,,2021,,0,0,leave,report,1,,
81012,20211011-wake-up-call-FINAL-corrected.pdf,"20211011 wake up call FINAL corrected",application/pdf,0,,,2021,,0,0,leave,report,1,,
81013,20211011-wake-up-call-FINAL-corrected.pdf,"20211011 wake up call FINAL corrected",application/pdf,0,,,2021,,0,0,leave,report,1,,
81014,20211011-wake-up-call-FINAL-corrected.pdf,"20211011 wake up call FINAL corrected",application/pdf,0,,,2021,,0,0,leave,report,1,,
81015,20211011-wake-up-call-FINAL-corrected.pdf,"20211011 wake up call FINAL corrected",application/pdf,0,,,2021,,0,0,leave,report,1,,
81016,20211011-wake-up-call-FINAL-corrected.pdf,"20211011 wake up call FINAL corrected",application/pdf,0,,,2021,,0,0,leave,report,1,,
81577,SI_FB_Oelpreisschock_2021.pdf,SI_FB_Oelpreisschock_2021,application/pdf,0,,,2021,,0,0,leave,report,1,,
81578,SI_FB_Oelpreisschock_2021.pdf,SI_FB_Oelpreisschock_2021,application/pdf,0,,,2021,,0,0,leave,report,1,,
81579,SI_FB_Oelpreisschock_2021.pdf,SI_FB_Oelpreisschock_2021,application/pdf,0,,,2021,,0,0,leave,report,1,,
81580,SI_FB_Oelpreisschock_2021.pdf,SI_FB_Oelpreisschock_2021,application/pdf,0,,,2021,,0,0,leave,report,1,,
81581,SI_FB_Oelpreisschock_2021.pdf,SI_FB_Oelpreisschock_2021,application/pdf,0,,,2021,,0,0,leave,report,1,,
81582,SI_FB_Oelpreisschock_2021.pdf,SI_FB_Oelpreisschock_2021,application/pdf,0,,,2021,,0,0,leave,report,1,,
81583,SI_FB_Oelpreisschock_2021.pdf,SI_FB_Oelpreisschock_2021,application/pdf,0,,,2021,,0,0,leave,report,1,,
81584,SI_FB_Oelpreisschock_2021.pdf,SI_FB_Oelpreisschock_2021,application/pdf,0,,,2021,,0,0,leave,report,1,,
81585,SI_FB_Oelpreisschock_2021.pdf,SI_FB_Oelpreisschock_2021,application/pdf,0,,,2021,,0,0,leave,report,1,,
81586,SI_FB_Oelpreisschock_2021.pdf,SI_FB_Oelpreisschock_2021,application/pdf,0,,,2021,,0,0,leave,report,1,,
82326,20211123-elders-statement.pdf,"20211123 elders statement",application/pdf,0,,,2021,,0,0,leave,report,1,,
82327,20211123-elders-statement.pdf,"20211123 elders statement",application/pdf,0,,,2021,,0,0,leave,report,1,,
82328,20211123-elders-statement.pdf,"20211123 elders statement",application/pdf,0,,,2021,,0,0,leave,report,1,,
82329,20211123-elders-statement.pdf,"20211123 elders statement",application/pdf,0,,,2021,,0,0,leave,report,1,,
82330,20211123-elders-statement.pdf,"20211123 elders statement",application/pdf,0,,,2021,,0,0,leave,report,1,,
82331,20211123-elders-statement.pdf,"20211123 elders statement",application/pdf,0,,,2021,,0,0,leave,report,1,,
82332,20211123-elders-statement.pdf,"20211123 elders statement",application/pdf,0,,,2021,,0,0,leave,report,1,,
82333,20211123-elders-statement.pdf,"20211123 elders statement",application/pdf,0,,,2021,,0,0,leave,report,1,,
82334,20211123-elders-statement.pdf,"20211123 elders statement",application/pdf,0,,,2021,,0,0,leave,report,1,,
82335,20211123-elders-statement.pdf,"20211123 elders statement",application/pdf,0,,,2021,,0,0,leave,report,1,,
82753,20211130-SIFB_offener_brief_02.pdf,20211130-SIFB_offener_brief_02,application/pdf,0,,,2021,,0,0,leave,report,1,,
82754,20211130-SIFB_offener_brief_02.pdf,20211130-SIFB_offener_brief_02,application/pdf,0,,,2021,,0,0,leave,report,1,,
82755,20211130-SIFB_offener_brief_02.pdf,20211130-SIFB_offener_brief_02,application/pdf,0,,,2021,,0,0,leave,report,1,,
82756,20211130-SIFB_offener_brief_02.pdf,20211130-SIFB_offener_brief_02,application/pdf,0,,,2021,,0,0,leave,report,1,,
82757,20211130-SIFB_offener_brief_02.pdf,20211130-SIFB_offener_brief_02,application/pdf,0,,,2021,,0,0,leave,report,1,,
82758,20211130-SIFB_offener_brief_02.pdf,20211130-SIFB_offener_brief_02,application/pdf,0,,,2021,,0,0,leave,report,1,,
82759,20211130-SIFB_offener_brief_02.pdf,20211130-SIFB_offener_brief_02,application/pdf,0,,,2021,,0,0,leave,report,1,,
82760,20211130-SIFB_offener_brief_02.pdf,20211130-SIFB_offener_brief_02,application/pdf,0,,,2021,,0,0,leave,report,1,,
82761,20211130-SIFB_offener_brief_02.pdf,20211130-SIFB_offener_brief_02,application/pdf,0,,,2021,,0,0,leave,report,1,,
82762,20211130-SIFB_offener_brief_02.pdf,20211130-SIFB_offener_brief_02,application/pdf,0,,,2021,,0,0,leave,report,1,,
84551,20220206-helga-doomsday-clock.pdf,"20220206 helga doomsday clock",application/pdf,0,,,2022,,0,0,leave,report,1,,
84552,20220206-helga-doomsday-clock.pdf,"20220206 helga doomsday clock",application/pdf,0,,,2022,,0,0,leave,report,1,,
84553,20220206-helga-doomsday-clock.pdf,"20220206 helga doomsday clock",application/pdf,0,,,2022,,0,0,leave,report,1,,
84554,20220206-helga-doomsday-clock.pdf,"20220206 helga doomsday clock",application/pdf,0,,,2022,,0,0,leave,report,1,,
84555,20220206-helga-doomsday-clock.pdf,"20220206 helga doomsday clock",application/pdf,0,,,2022,,0,0,leave,report,1,,
84556,20220206-helga-doomsday-clock.pdf,"20220206 helga doomsday clock",application/pdf,0,,,2022,,0,0,leave,report,1,,
84557,20220206-helga-doomsday-clock.pdf,"20220206 helga doomsday clock",application/pdf,0,,,2022,,0,0,leave,report,1,,
84558,20220206-helga-doomsday-clock.pdf,"20220206 helga doomsday clock",application/pdf,0,,,2022,,0,0,leave,report,1,,
84559,20220206-helga-doomsday-clock.pdf,"20220206 helga doomsday clock",application/pdf,0,,,2022,,0,0,leave,report,1,,
84560,20220206-helga-doomsday-clock.pdf,"20220206 helga doomsday clock",application/pdf,0,,,2022,,0,0,leave,report,1,,
84563,20220206-helga-doomsday-clock-final.pdf,"20220206 helga doomsday clock final",application/pdf,0,,,2022,,0,0,leave,report,1,,
84564,20220206-helga-doomsday-clock-final.pdf,"20220206 helga doomsday clock final",application/pdf,0,,,2022,,0,0,leave,report,1,,
84565,20220206-helga-doomsday-clock-final.pdf,"20220206 helga doomsday clock final",application/pdf,0,,,2022,,0,0,leave,report,1,,
84566,20220206-helga-doomsday-clock-final.pdf,"20220206 helga doomsday clock final",application/pdf,0,,,2022,,0,0,leave,report,1,,
84567,20220206-helga-doomsday-clock-final.pdf,"20220206 helga doomsday clock final",application/pdf,0,,,2022,,0,0,leave,report,1,,
84568,20220206-helga-doomsday-clock-final.pdf,"20220206 helga doomsday clock final",application/pdf,0,,,2022,,0,0,leave,report,1,,
84569,20220206-helga-doomsday-clock-final.pdf,"20220206 helga doomsday clock final",application/pdf,0,,,2022,,0,0,leave,report,1,,
84570,20220206-helga-doomsday-clock-final.pdf,"20220206 helga doomsday clock final",application/pdf,0,,,2022,,0,0,leave,report,1,,
84571,20220206-helga-doomsday-clock-final.pdf,"20220206 helga doomsday clock final",application/pdf,0,,,2022,,0,0,leave,report,1,,
84572,20220206-helga-doomsday-clock-final.pdf,"20220206 helga doomsday clock final",application/pdf,0,,,2022,,0,0,leave,report,1,,
84575,20220206-helga-doomsday-clock-security.pdf,"20220206 helga doomsday clock security",application/pdf,0,,,2022,,0,0,leave,report,1,,
84576,20220206-helga-doomsday-clock-security.pdf,"20220206 helga doomsday clock security",application/pdf,0,,,2022,,0,0,leave,report,1,,
84577,20220206-helga-doomsday-clock-security.pdf,"20220206 helga doomsday clock security",application/pdf,0,,,2022,,0,0,leave,report,1,,
84578,20220206-helga-doomsday-clock-security.pdf,"20220206 helga doomsday clock security",application/pdf,0,,,2022,,0,0,leave,report,1,,
84579,20220206-helga-doomsday-clock-security.pdf,"20220206 helga doomsday clock security",application/pdf,0,,,2022,,0,0,leave,report,1,,
84580,20220206-helga-doomsday-clock-security.pdf,"20220206 helga doomsday clock security",application/pdf,0,,,2022,,0,0,leave,report,1,,
84581,20220206-helga-doomsday-clock-security.pdf,"20220206 helga doomsday clock security",application/pdf,0,,,2022,,0,0,leave,report,1,,
84582,20220206-helga-doomsday-clock-security.pdf,"20220206 helga doomsday clock security",application/pdf,0,,,2022,,0,0,leave,report,1,,
84583,20220206-helga-doomsday-clock-security.pdf,"20220206 helga doomsday clock security",application/pdf,0,,,2022,,0,0,leave,report,1,,
84584,20220206-helga-doomsday-clock-security.pdf,"20220206 helga doomsday clock security",application/pdf,0,,,2022,,0,0,leave,report,1,,
84637,20220206-helga-doomsday-clock-corrected.pdf,"20220206 helga doomsday clock corrected",application/pdf,0,,,2022,,0,0,leave,report,1,,
84638,20220206-helga-doomsday-clock-corrected.pdf,"20220206 helga doomsday clock corrected",application/pdf,0,,,2022,,0,0,leave,report,1,,
84639,20220206-helga-doomsday-clock-corrected.pdf,"20220206 helga doomsday clock corrected",application/pdf,0,,,2022,,0,0,leave,report,1,,
84640,20220206-helga-doomsday-clock-corrected.pdf,"20220206 helga doomsday clock corrected",application/pdf,0,,,2022,,0,0,leave,report,1,,
84641,20220206-helga-doomsday-clock-corrected.pdf,"20220206 helga doomsday clock corrected",application/pdf,0,,,2022,,0,0,leave,report,1,,
84642,20220206-helga-doomsday-clock-corrected.pdf,"20220206 helga doomsday clock corrected",application/pdf,0,,,2022,,0,0,leave,report,1,,
84643,20220206-helga-doomsday-clock-corrected.pdf,"20220206 helga doomsday clock corrected",application/pdf,0,,,2022,,0,0,leave,report,1,,
84644,20220206-helga-doomsday-clock-corrected.pdf,"20220206 helga doomsday clock corrected",application/pdf,0,,,2022,,0,0,leave,report,1,,
84645,20220206-helga-doomsday-clock-corrected.pdf,"20220206 helga doomsday clock corrected",application/pdf,0,,,2022,,0,0,leave,report,1,,
84646,20220206-helga-doomsday-clock-corrected.pdf,"20220206 helga doomsday clock corrected",application/pdf,0,,,2022,,0,0,leave,report,1,,
85514,Aufruf_Sicherheitsarchitektur_2022.pdf,Aufruf_Sicherheitsarchitektur_2022,application/pdf,0,,,2022,,0,0,leave,report,1,,
85515,Aufruf_Sicherheitsarchitektur_2022.pdf,Aufruf_Sicherheitsarchitektur_2022,application/pdf,0,,,2022,,0,0,leave,report,1,,
85516,Aufruf_Sicherheitsarchitektur_2022.pdf,Aufruf_Sicherheitsarchitektur_2022,application/pdf,0,,,2022,,0,0,leave,report,1,,
85517,Aufruf_Sicherheitsarchitektur_2022.pdf,Aufruf_Sicherheitsarchitektur_2022,application/pdf,0,,,2022,,0,0,leave,report,1,,
85518,Aufruf_Sicherheitsarchitektur_2022.pdf,Aufruf_Sicherheitsarchitektur_2022,application/pdf,0,,,2022,,0,0,leave,report,1,,
85519,Aufruf_Sicherheitsarchitektur_2022.pdf,Aufruf_Sicherheitsarchitektur_2022,application/pdf,0,,,2022,,0,0,leave,report,1,,
85520,Aufruf_Sicherheitsarchitektur_2022.pdf,Aufruf_Sicherheitsarchitektur_2022,application/pdf,0,,,2022,,0,0,leave,report,1,,
85521,Aufruf_Sicherheitsarchitektur_2022.pdf,Aufruf_Sicherheitsarchitektur_2022,application/pdf,0,,,2022,,0,0,leave,report,1,,
85522,Aufruf_Sicherheitsarchitektur_2022.pdf,Aufruf_Sicherheitsarchitektur_2022,application/pdf,0,,,2022,,0,0,leave,report,1,,
85523,Aufruf_Sicherheitsarchitektur_2022.pdf,Aufruf_Sicherheitsarchitektur_2022,application/pdf,0,,,2022,,0,0,leave,report,1,,
85611,2022-02-23-Appel-ConfSecu-russe-2.pdf,2022-02-23-Appel-ConfSécu-russe-2,application/pdf,0,,,2022,,0,0,leave,report,1,,
85612,2022-02-23-Appel-ConfSecu-russe-2.pdf,2022-02-23-Appel-ConfSécu-russe-2,application/pdf,0,,,2022,,0,0,leave,report,1,,
85613,2022-02-23-Appel-ConfSecu-russe-2.pdf,2022-02-23-Appel-ConfSécu-russe-2,application/pdf,0,,,2022,,0,0,leave,report,1,,
85614,2022-02-23-Appel-ConfSecu-russe-2.pdf,2022-02-23-Appel-ConfSécu-russe-2,application/pdf,0,,,2022,,0,0,leave,report,1,,
85615,2022-02-23-Appel-ConfSecu-russe-2.pdf,2022-02-23-Appel-ConfSécu-russe-2,application/pdf,0,,,2022,,0,0,leave,report,1,,
85616,2022-02-23-Appel-ConfSecu-russe-2.pdf,2022-02-23-Appel-ConfSécu-russe-2,application/pdf,0,,,2022,,0,0,leave,report,1,,
85617,2022-02-23-Appel-ConfSecu-russe-2.pdf,2022-02-23-Appel-ConfSécu-russe-2,application/pdf,0,,,2022,,0,0,leave,report,1,,
85618,2022-02-23-Appel-ConfSecu-russe-2.pdf,2022-02-23-Appel-ConfSécu-russe-2,application/pdf,0,,,2022,,0,0,leave,report,1,,
85619,2022-02-23-Appel-ConfSecu-russe-2.pdf,2022-02-23-Appel-ConfSécu-russe-2,application/pdf,0,,,2022,,0,0,leave,report,1,,
85620,2022-02-23-Appel-ConfSecu-russe-2.pdf,2022-02-23-Appel-ConfSécu-russe-2,application/pdf,0,,,2022,,0,0,leave,report,1,,
88842,Neues_Bretton_Woods_Aufruf_2022.pdf,Neues_Bretton_Woods_Aufruf_2022,application/pdf,0,,,2022,,0,0,leave,report,1,,
88843,Neues_Bretton_Woods_Aufruf_2022.pdf,Neues_Bretton_Woods_Aufruf_2022,application/pdf,0,,,2022,,0,0,leave,report,1,,
88844,Neues_Bretton_Woods_Aufruf_2022.pdf,Neues_Bretton_Woods_Aufruf_2022,application/pdf,0,,,2022,,0,0,leave,report,1,,
88845,Neues_Bretton_Woods_Aufruf_2022.pdf,Neues_Bretton_Woods_Aufruf_2022,application/pdf,0,,,2022,,0,0,leave,report,1,,
88846,Neues_Bretton_Woods_Aufruf_2022.pdf,Neues_Bretton_Woods_Aufruf_2022,application/pdf,0,,,2022,,0,0,leave,report,1,,
88847,Neues_Bretton_Woods_Aufruf_2022.pdf,Neues_Bretton_Woods_Aufruf_2022,application/pdf,0,,,2022,,0,0,leave,report,1,,
88848,Neues_Bretton_Woods_Aufruf_2022.pdf,Neues_Bretton_Woods_Aufruf_2022,application/pdf,0,,,2022,,0,0,leave,report,1,,
88849,Neues_Bretton_Woods_Aufruf_2022.pdf,Neues_Bretton_Woods_Aufruf_2022,application/pdf,0,,,2022,,0,0,leave,report,1,,
88850,Neues_Bretton_Woods_Aufruf_2022.pdf,Neues_Bretton_Woods_Aufruf_2022,application/pdf,0,,,2022,,0,0,leave,report,1,,
88851,Neues_Bretton_Woods_Aufruf_2022.pdf,Neues_Bretton_Woods_Aufruf_2022,application/pdf,0,,,2022,,0,0,leave,report,1,,
89331,20220719-end-sanctions.pdf,"20220719 end sanctions",application/pdf,0,,,2022,,0,0,leave,report,1,,
89332,20220719-end-sanctions.pdf,"20220719 end sanctions",application/pdf,0,,,2022,,0,0,leave,report,1,,
89333,20220719-end-sanctions.pdf,"20220719 end sanctions",application/pdf,0,,,2022,,0,0,leave,report,1,,
89334,20220719-end-sanctions.pdf,"20220719 end sanctions",application/pdf,0,,,2022,,0,0,leave,report,1,,
89335,20220719-end-sanctions.pdf,"20220719 end sanctions",application/pdf,0,,,2022,,0,0,leave,report,1,,
89336,20220719-end-sanctions.pdf,"20220719 end sanctions",application/pdf,0,,,2022,,0,0,leave,report,1,,
89337,20220719-end-sanctions.pdf,"20220719 end sanctions",application/pdf,0,,,2022,,0,0,leave,report,1,,
89338,20220719-end-sanctions.pdf,"20220719 end sanctions",application/pdf,0,,,2022,,0,0,leave,report,1,,
89339,20220719-end-sanctions.pdf,"20220719 end sanctions",application/pdf,0,,,2022,,0,0,leave,report,1,,
89340,20220719-end-sanctions.pdf,"20220719 end sanctions",application/pdf,0,,,2022,,0,0,leave,report,1,,
89636,20220730-signers-denounce.pdf,"20220730 signers denounce",application/pdf,0,,,2022,,0,0,leave,report,1,,
89637,20220730-signers-denounce.pdf,"20220730 signers denounce",application/pdf,0,,,2022,,0,0,leave,report,1,,
89638,20220730-signers-denounce.pdf,"20220730 signers denounce",application/pdf,0,,,2022,,0,0,leave,report,1,,
89639,20220730-signers-denounce.pdf,"20220730 signers denounce",application/pdf,0,,,2022,,0,0,leave,report,1,,
89640,20220730-signers-denounce.pdf,"20220730 signers denounce",application/pdf,0,,,2022,,0,0,leave,report,1,,
89641,20220730-signers-denounce.pdf,"20220730 signers denounce",application/pdf,0,,,2022,,0,0,leave,report,1,,
89642,20220730-signers-denounce.pdf,"20220730 signers denounce",application/pdf,0,,,2022,,0,0,leave,report,1,,
89643,20220730-signers-denounce.pdf,"20220730 signers denounce",application/pdf,0,,,2022,,0,0,leave,report,1,,
89644,20220730-signers-denounce.pdf,"20220730 signers denounce",application/pdf,0,,,2022,,0,0,leave,report,1,,
89645,20220730-signers-denounce.pdf,"20220730 signers denounce",application/pdf,0,,,2022,,0,0,leave,report,1,,
89657,20220730-signers-denounce-UPDATED.pdf,"20220730 signers denounce UPDATED",application/pdf,0,,,2022,,0,0,leave,report,1,,
89658,20220730-signers-denounce-UPDATED.pdf,"20220730 signers denounce UPDATED",application/pdf,0,,,2022,,0,0,leave,report,1,,
89659,20220730-signers-denounce-UPDATED.pdf,"20220730 signers denounce UPDATED",application/pdf,0,,,2022,,0,0,leave,report,1,,
89660,20220730-signers-denounce-UPDATED.pdf,"20220730 signers denounce UPDATED",application/pdf,0,,,2022,,0,0,leave,report,1,,
89661,20220730-signers-denounce-UPDATED.pdf,"20220730 signers denounce UPDATED",application/pdf,0,,,2022,,0,0,leave,report,1,,
89662,20220730-signers-denounce-UPDATED.pdf,"20220730 signers denounce UPDATED",application/pdf,0,,,2022,,0,0,leave,report,1,,
89663,20220730-signers-denounce-UPDATED.pdf,"20220730 signers denounce UPDATED",application/pdf,0,,,2022,,0,0,leave,report,1,,
89664,20220730-signers-denounce-UPDATED.pdf,"20220730 signers denounce UPDATED",application/pdf,0,,,2022,,0,0,leave,report,1,,
89665,20220730-signers-denounce-UPDATED.pdf,"20220730 signers denounce UPDATED",application/pdf,0,,,2022,,0,0,leave,report,1,,
89666,20220730-signers-denounce-UPDATED.pdf,"20220730 signers denounce UPDATED",application/pdf,0,,,2022,,0,0,leave,report,1,,
90717,20220819-press-release.pdf,"20220819 press release",application/pdf,0,,,2022,,0,0,leave,report,1,,
90718,20220819-press-release.pdf,"20220819 press release",application/pdf,0,,,2022,,0,0,leave,report,1,,
90719,20220819-press-release.pdf,"20220819 press release",application/pdf,0,,,2022,,0,0,leave,report,1,,
90720,20220819-press-release.pdf,"20220819 press release",application/pdf,0,,,2022,,0,0,leave,report,1,,
90721,20220819-press-release.pdf,"20220819 press release",application/pdf,0,,,2022,,0,0,leave,report,1,,
90722,20220819-press-release.pdf,"20220819 press release",application/pdf,0,,,2022,,0,0,leave,report,1,,
90723,20220819-press-release.pdf,"20220819 press release",application/pdf,0,,,2022,,0,0,leave,report,1,,
90724,20220819-press-release.pdf,"20220819 press release",application/pdf,0,,,2022,,0,0,leave,report,1,,
90725,20220819-press-release.pdf,"20220819 press release",application/pdf,0,,,2022,,0,0,leave,report,1,,
90726,20220819-press-release.pdf,"20220819 press release",application/pdf,0,,,2022,,0,0,leave,report,1,,
90883,20220827-support-farmers-2.pdf,"20220827 support farmers 2",application/pdf,0,,,2022,,0,0,leave,report,1,,
90884,20220827-support-farmers-2.pdf,"20220827 support farmers 2",application/pdf,0,,,2022,,0,0,leave,report,1,,
90885,20220827-support-farmers-2.pdf,"20220827 support farmers 2",application/pdf,0,,,2022,,0,0,leave,report,1,,
90886,20220827-support-farmers-2.pdf,"20220827 support farmers 2",application/pdf,0,,,2022,,0,0,leave,report,1,,
90887,20220827-support-farmers-2.pdf,"20220827 support farmers 2",application/pdf,0,,,2022,,0,0,leave,report,1,,
90888,20220827-support-farmers-2.pdf,"20220827 support farmers 2",application/pdf,0,,,2022,,0,0,leave,report,1,,
90889,20220827-support-farmers-2.pdf,"20220827 support farmers 2",application/pdf,0,,,2022,,0,0,leave,report,1,,
90890,20220827-support-farmers-2.pdf,"20220827 support farmers 2",application/pdf,0,,,2022,,0,0,leave,report,1,,
90891,20220827-support-farmers-2.pdf,"20220827 support farmers 2",application/pdf,0,,,2022,,0,0,leave,report,1,,
90892,20220827-support-farmers-2.pdf,"20220827 support farmers 2",application/pdf,0,,,2022,,0,0,leave,report,1,,
91146,Festschrift_LHL-public-release-edition_1..pdf,"Festschrift_LHL-public release-edition_1.",application/pdf,0,,,2022,,0,0,leave,report,1,,
91147,Festschrift_LHL-public-release-edition_1..pdf,"Festschrift_LHL-public release-edition_1.",application/pdf,0,,,2022,,0,0,leave,report,1,,
91148,Festschrift_LHL-public-release-edition_1..pdf,"Festschrift_LHL-public release-edition_1.",application/pdf,0,,,2022,,0,0,leave,report,1,,
91149,Festschrift_LHL-public-release-edition_1..pdf,"Festschrift_LHL-public release-edition_1.",application/pdf,0,,,2022,,0,0,leave,report,1,,
91150,Festschrift_LHL-public-release-edition_1..pdf,"Festschrift_LHL-public release-edition_1.",application/pdf,0,,,2022,,0,0,leave,report,1,,
91151,Festschrift_LHL-public-release-edition_1..pdf,"Festschrift_LHL-public release-edition_1.",application/pdf,0,,,2022,,0,0,leave,report,1,,
91152,Festschrift_LHL-public-release-edition_1..pdf,"Festschrift_LHL-public release-edition_1.",application/pdf,0,,,2022,,0,0,leave,report,1,,
91153,Festschrift_LHL-public-release-edition_1..pdf,"Festschrift_LHL-public release-edition_1.",application/pdf,0,,,2022,,0,0,leave,report,1,,
91154,Festschrift_LHL-public-release-edition_1..pdf,"Festschrift_LHL-public release-edition_1.",application/pdf,0,,,2022,,0,0,leave,report,1,,
91589,Ukraine-Open-Letter-to-Congress-9-27-22.pdf,"Ukraine, Open Letter to Congress 9 27 22",application/pdf,0,,,2022,,0,0,leave,report,1,,
91590,Ukraine-Open-Letter-to-Congress-9-27-22.pdf,"Ukraine, Open Letter to Congress 9 27 22",application/pdf,0,,,2022,,0,0,leave,report,1,,
91591,Ukraine-Open-Letter-to-Congress-9-27-22.pdf,"Ukraine, Open Letter to Congress 9 27 22",application/pdf,0,,,2022,,0,0,leave,report,1,,
91592,Ukraine-Open-Letter-to-Congress-9-27-22.pdf,"Ukraine, Open Letter to Congress 9 27 22",application/pdf,0,,,2022,,0,0,leave,report,1,,
91593,Ukraine-Open-Letter-to-Congress-9-27-22.pdf,"Ukraine, Open Letter to Congress 9 27 22",application/pdf,0,,,2022,,0,0,leave,report,1,,
91594,Ukraine-Open-Letter-to-Congress-9-27-22.pdf,"Ukraine, Open Letter to Congress 9 27 22",application/pdf,0,,,2022,,0,0,leave,report,1,,
91595,Ukraine-Open-Letter-to-Congress-9-27-22.pdf,"Ukraine, Open Letter to Congress 9 27 22",application/pdf,0,,,2022,,0,0,leave,report,1,,
91596,Ukraine-Open-Letter-to-Congress-9-27-22.pdf,"Ukraine, Open Letter to Congress 9 27 22",application/pdf,0,,,2022,,0,0,leave,report,1,,
91597,Ukraine-Open-Letter-to-Congress-9-27-22.pdf,"Ukraine, Open Letter to Congress 9 27 22",application/pdf,0,,,2022,,0,0,leave,report,1,,
91598,Ukraine-Open-Letter-to-Congress-9-27-22.pdf,"Ukraine, Open Letter to Congress 9 27 22",application/pdf,0,,,2022,,0,0,leave,report,1,,
92541,20221105-press-conference-corrected.pdf,"20221105 press conference corrected",application/pdf,0,,,2022,,0,0,leave,report,1,,
92542,20221105-press-conference-corrected.pdf,"20221105 press conference corrected",application/pdf,0,,,2022,,0,0,leave,report,1,,
92543,20221105-press-conference-corrected.pdf,"20221105 press conference corrected",application/pdf,0,,,2022,,0,0,leave,report,1,,
92544,20221105-press-conference-corrected.pdf,"20221105 press conference corrected",application/pdf,0,,,2022,,0,0,leave,report,1,,
92545,20221105-press-conference-corrected.pdf,"20221105 press conference corrected",application/pdf,0,,,2022,,0,0,leave,report,1,,
92546,20221105-press-conference-corrected.pdf,"20221105 press conference corrected",application/pdf,0,,,2022,,0,0,leave,report,1,,
92547,20221105-press-conference-corrected.pdf,"20221105 press conference corrected",application/pdf,0,,,2022,,0,0,leave,report,1,,
92548,20221105-press-conference-corrected.pdf,"20221105 press conference corrected",application/pdf,0,,,2022,,0,0,leave,report,1,,
92549,20221105-press-conference-corrected.pdf,"20221105 press conference corrected",application/pdf,0,,,2022,,0,0,leave,report,1,,
92550,20221105-press-conference-corrected.pdf,"20221105 press conference corrected",application/pdf,0,,,2022,,0,0,leave,report,1,,
92890,OpenLetterWithSignaturesEnglish.pdf,OpenLetterWithSignaturesEnglish,application/pdf,0,,,2022,,0,0,leave,report,1,,
92891,OpenLetterWithSignaturesEnglish.pdf,OpenLetterWithSignaturesEnglish,application/pdf,0,,,2022,,0,0,leave,report,1,,
92892,OpenLetterWithSignaturesEnglish.pdf,OpenLetterWithSignaturesEnglish,application/pdf,0,,,2022,,0,0,leave,report,1,,
92894,OpenLetterWithSignaturesEnglish.pdf,OpenLetterWithSignaturesEnglish,application/pdf,0,,,2022,,0,0,leave,report,1,,
92895,OpenLetterWithSignaturesEnglish.pdf,OpenLetterWithSignaturesEnglish,application/pdf,0,,,2022,,0,0,leave,report,1,,
92896,OpenLetterWithSignaturesEnglish.pdf,OpenLetterWithSignaturesEnglish,application/pdf,0,,,2022,,0,0,leave,report,1,,
92897,OpenLetterWithSignaturesEnglish.pdf,OpenLetterWithSignaturesEnglish,application/pdf,0,,,2022,,0,0,leave,report,1,,
92898,OpenLetterWithSignaturesEnglish.pdf,OpenLetterWithSignaturesEnglish,application/pdf,0,,,2022,,0,0,leave,report,1,,
92900,CartaAbiertaConFirmas.pdf,CartaAbiertaConFirmas,application/pdf,0,,,2022,,0,0,leave,report,1,,
92901,CartaAbiertaConFirmas.pdf,CartaAbiertaConFirmas,application/pdf,0,,,2022,,0,0,leave,report,1,,
92902,CartaAbiertaConFirmas.pdf,CartaAbiertaConFirmas,application/pdf,0,,,2022,,0,0,leave,report,1,,
92904,CartaAbiertaConFirmas.pdf,CartaAbiertaConFirmas,application/pdf,0,,,2022,,0,0,leave,report,1,,
92905,CartaAbiertaConFirmas.pdf,CartaAbiertaConFirmas,application/pdf,0,,,2022,,0,0,leave,report,1,,
92906,CartaAbiertaConFirmas.pdf,CartaAbiertaConFirmas,application/pdf,0,,,2022,,0,0,leave,report,1,,
92907,CartaAbiertaConFirmas.pdf,CartaAbiertaConFirmas,application/pdf,0,,,2022,,0,0,leave,report,1,,
92908,CartaAbiertaConFirmas.pdf,CartaAbiertaConFirmas,application/pdf,0,,,2022,,0,0,leave,report,1,,
92910,OpenLetterWorldLegislatorsEnglish.pdf,OpenLetterWorldLegislatorsEnglish,application/pdf,0,,,2022,,0,0,leave,report,1,,
92911,OpenLetterWorldLegislatorsEnglish.pdf,OpenLetterWorldLegislatorsEnglish,application/pdf,0,,,2022,,0,0,leave,report,1,,
92912,OpenLetterWorldLegislatorsEnglish.pdf,OpenLetterWorldLegislatorsEnglish,application/pdf,0,,,2022,,0,0,leave,report,1,,
92913,OpenLetterWorldLegislatorsEnglish.pdf,OpenLetterWorldLegislatorsEnglish,application/pdf,0,,,2022,,0,0,leave,report,1,,
92914,OpenLetterWorldLegislatorsEnglish.pdf,OpenLetterWorldLegislatorsEnglish,application/pdf,0,,,2022,,0,0,leave,report,1,,
92915,OpenLetterWorldLegislatorsEnglish.pdf,OpenLetterWorldLegislatorsEnglish,application/pdf,0,,,2022,,0,0,leave,report,1,,
92916,OpenLetterWorldLegislatorsEnglish.pdf,OpenLetterWorldLegislatorsEnglish,application/pdf,0,,,2022,,0,0,leave,report,1,,
92917,OpenLetterWorldLegislatorsEnglish.pdf,OpenLetterWorldLegislatorsEnglish,application/pdf,0,,,2022,,0,0,leave,report,1,,
92918,OpenLetterWorldLegislatorsEnglish.pdf,OpenLetterWorldLegislatorsEnglish,application/pdf,0,,,2022,,0,0,leave,report,1,,
93488,20221212-one-step-nuclear-annihilation.pdf,"20221212 one step nuclear annihilation",application/pdf,0,,,2022,,0,0,leave,report,1,,
93489,20221212-one-step-nuclear-annihilation.pdf,"20221212 one step nuclear annihilation",application/pdf,0,,,2022,,0,0,leave,report,1,,
93490,20221212-one-step-nuclear-annihilation.pdf,"20221212 one step nuclear annihilation",application/pdf,0,,,2022,,0,0,leave,report,1,,
93491,20221212-one-step-nuclear-annihilation.pdf,"20221212 one step nuclear annihilation",application/pdf,0,,,2022,,0,0,leave,report,1,,
93492,20221212-one-step-nuclear-annihilation.pdf,"20221212 one step nuclear annihilation",application/pdf,0,,,2022,,0,0,leave,report,1,,
93493,20221212-one-step-nuclear-annihilation.pdf,"20221212 one step nuclear annihilation",application/pdf,0,,,2022,,0,0,leave,report,1,,
93494,20221212-one-step-nuclear-annihilation.pdf,"20221212 one step nuclear annihilation",application/pdf,0,,,2022,,0,0,leave,report,1,,
93495,20221212-one-step-nuclear-annihilation.pdf,"20221212 one step nuclear annihilation",application/pdf,0,,,2022,,0,0,leave,report,1,,
93496,20221212-one-step-nuclear-annihilation.pdf,"20221212 one step nuclear annihilation",application/pdf,0,,,2022,,0,0,leave,report,1,,
93497,20221212-one-step-nuclear-annihilation.pdf,"20221212 one step nuclear annihilation",application/pdf,0,,,2022,,0,0,leave,report,1,,
93514,20221212-one-step-nuclear-annihilation-1.pdf,20221212-one-step-nuclear-annihilation-1,application/pdf,0,,,2022,,0,0,leave,report,1,,
93515,20221212-one-step-nuclear-annihilation-1.pdf,20221212-one-step-nuclear-annihilation-1,application/pdf,0,,,2022,,0,0,leave,report,1,,
93516,20221212-one-step-nuclear-annihilation-1.pdf,20221212-one-step-nuclear-annihilation-1,application/pdf,0,,,2022,,0,0,leave,report,1,,
93518,20221212-one-step-nuclear-annihilation-1.pdf,20221212-one-step-nuclear-annihilation-1,application/pdf,0,,,2022,,0,0,leave,report,1,,
93519,20221212-one-step-nuclear-annihilation-1.pdf,20221212-one-step-nuclear-annihilation-1,application/pdf,0,,,2022,,0,0,leave,report,1,,
93520,20221212-one-step-nuclear-annihilation-1.pdf,20221212-one-step-nuclear-annihilation-1,application/pdf,0,,,2022,,0,0,leave,report,1,,
93521,20221212-one-step-nuclear-annihilation-1.pdf,20221212-one-step-nuclear-annihilation-1,application/pdf,0,,,2022,,0,0,leave,report,1,,
93522,20221212-one-step-nuclear-annihilation-1.pdf,20221212-one-step-nuclear-annihilation-1,application/pdf,0,,,2022,,0,0,leave,report,1,,
93662,20221216-christmas-truce.pdf,20221216-christmas-truce,application/pdf,0,,,2022,,0,0,leave,report,1,,
93663,20221216-christmas-truce.pdf,20221216-christmas-truce,application/pdf,0,,,2022,,0,0,leave,report,1,,
93664,20221216-christmas-truce.pdf,20221216-christmas-truce,application/pdf,0,,,2022,,0,0,leave,report,1,,
93666,20221216-christmas-truce.pdf,20221216-christmas-truce,application/pdf,0,,,2022,,0,0,leave,report,1,,
93667,20221216-christmas-truce.pdf,20221216-christmas-truce,application/pdf,0,,,2022,,0,0,leave,report,1,,
93668,20221216-christmas-truce.pdf,20221216-christmas-truce,application/pdf,0,,,2022,,0,0,leave,report,1,,
93669,20221216-christmas-truce.pdf,20221216-christmas-truce,application/pdf,0,,,2022,,0,0,leave,report,1,,
93670,20221216-christmas-truce.pdf,20221216-christmas-truce,application/pdf,0,,,2022,,0,0,leave,report,1,,
93745,Weihnachtsflugblatt_Dona_Nobis.pdf,Weihnachtsflugblatt_Dona_Nobis,application/pdf,0,,,2022,,0,0,leave,report,1,,
93746,Weihnachtsflugblatt_Dona_Nobis.pdf,Weihnachtsflugblatt_Dona_Nobis,application/pdf,0,,,2022,,0,0,leave,report,1,,
93747,Weihnachtsflugblatt_Dona_Nobis.pdf,Weihnachtsflugblatt_Dona_Nobis,application/pdf,0,,,2022,,0,0,leave,report,1,,
93748,Weihnachtsflugblatt_Dona_Nobis.pdf,Weihnachtsflugblatt_Dona_Nobis,application/pdf,0,,,2022,,0,0,leave,report,1,,
93749,Weihnachtsflugblatt_Dona_Nobis.pdf,Weihnachtsflugblatt_Dona_Nobis,application/pdf,0,,,2022,,0,0,leave,report,1,,
93750,Weihnachtsflugblatt_Dona_Nobis.pdf,Weihnachtsflugblatt_Dona_Nobis,application/pdf,0,,,2022,,0,0,leave,report,1,,
93751,Weihnachtsflugblatt_Dona_Nobis.pdf,Weihnachtsflugblatt_Dona_Nobis,application/pdf,0,,,2022,,0,0,leave,report,1,,
93752,Weihnachtsflugblatt_Dona_Nobis.pdf,Weihnachtsflugblatt_Dona_Nobis,application/pdf,0,,,2022,,0,0,leave,report,1,,
93753,Weihnachtsflugblatt_Dona_Nobis.pdf,Weihnachtsflugblatt_Dona_Nobis,application/pdf,0,,,2022,,0,0,leave,report,1,,
93754,Weihnachtsflugblatt_Dona_Nobis.pdf,Weihnachtsflugblatt_Dona_Nobis,application/pdf,0,,,2022,,0,0,leave,report,1,,
93806,20221216-christmas-truce-2.pdf,20221216-christmas-truce-2,application/pdf,0,,,2022,,0,0,leave,report,1,,
93807,20221216-christmas-truce-2.pdf,20221216-christmas-truce-2,application/pdf,0,,,2022,,0,0,leave,report,1,,
93808,20221216-christmas-truce-2.pdf,20221216-christmas-truce-2,application/pdf,0,,,2022,,0,0,leave,report,1,,
93810,20221216-christmas-truce-2.pdf,20221216-christmas-truce-2,application/pdf,0,,,2022,,0,0,leave,report,1,,
93811,20221216-christmas-truce-2.pdf,20221216-christmas-truce-2,application/pdf,0,,,2022,,0,0,leave,report,1,,
93812,20221216-christmas-truce-2.pdf,20221216-christmas-truce-2,application/pdf,0,,,2022,,0,0,leave,report,1,,
93813,20221216-christmas-truce-2.pdf,20221216-christmas-truce-2,application/pdf,0,,,2022,,0,0,leave,report,1,,
93814,20221216-christmas-truce-2.pdf,20221216-christmas-truce-2,application/pdf,0,,,2022,,0,0,leave,report,1,,
93818,20221220-open-letter-to-pope.pdf,20221220-open-letter-to-pope,application/pdf,0,,,2022,,0,0,leave,report,1,,
93819,20221220-open-letter-to-pope.pdf,20221220-open-letter-to-pope,application/pdf,0,,,2022,,0,0,leave,report,1,,
93820,20221220-open-letter-to-pope.pdf,20221220-open-letter-to-pope,application/pdf,0,,,2022,,0,0,leave,report,1,,
93821,20221220-open-letter-to-pope.pdf,20221220-open-letter-to-pope,application/pdf,0,,,2022,,0,0,leave,report,1,,
93822,20221220-open-letter-to-pope.pdf,20221220-open-letter-to-pope,application/pdf,0,,,2022,,0,0,leave,report,1,,
93823,20221220-open-letter-to-pope.pdf,20221220-open-letter-to-pope,application/pdf,0,,,2022,,0,0,leave,report,1,,
93824,20221220-open-letter-to-pope.pdf,20221220-open-letter-to-pope,application/pdf,0,,,2022,,0,0,leave,report,1,,
93825,20221220-open-letter-to-pope.pdf,20221220-open-letter-to-pope,application/pdf,0,,,2022,,0,0,leave,report,1,,
93826,20221220-open-letter-to-pope.pdf,20221220-open-letter-to-pope,application/pdf,0,,,2022,,0,0,leave,report,1,,
93837,20221221-open-letter-to-pope.pdf,20221221-open-letter-to-pope,application/pdf,0,,,2022,,0,0,leave,report,1,,
93838,20221221-open-letter-to-pope.pdf,20221221-open-letter-to-pope,application/pdf,0,,,2022,,0,0,leave,report,1,,
93839,20221221-open-letter-to-pope.pdf,20221221-open-letter-to-pope,application/pdf,0,,,2022,,0,0,leave,report,1,,
93840,20221221-open-letter-to-pope.pdf,20221221-open-letter-to-pope,application/pdf,0,,,2022,,0,0,leave,report,1,,
93841,20221221-open-letter-to-pope.pdf,20221221-open-letter-to-pope,application/pdf,0,,,2022,,0,0,leave,report,1,,
93842,20221221-open-letter-to-pope.pdf,20221221-open-letter-to-pope,application/pdf,0,,,2022,,0,0,leave,report,1,,
93843,20221221-open-letter-to-pope.pdf,20221221-open-letter-to-pope,application/pdf,0,,,2022,,0,0,leave,report,1,,
93844,20221221-open-letter-to-pope.pdf,20221221-open-letter-to-pope,application/pdf,0,,,2022,,0,0,leave,report,1,,
93845,20221221-open-letter-to-pope.pdf,20221221-open-letter-to-pope,application/pdf,0,,,2022,,0,0,leave,report,1,,
93849,20221222-ten-principles.pdf,20221222-ten-principles,application/pdf,0,,,2022,,0,0,leave,report,1,,
93851,20221222-ten-principles.pdf,20221222-ten-principles,application/pdf,0,,,2022,,0,0,leave,report,1,,
93853,20221222-ten-principles.pdf,20221222-ten-principles,application/pdf,0,,,2022,,0,0,leave,report,1,,
93854,20221222-ten-principles.pdf,20221222-ten-principles,application/pdf,0,,,2022,,0,0,leave,report,1,,
93855,20221222-ten-principles.pdf,20221222-ten-principles,application/pdf,0,,,2022,,0,0,leave,report,1,,
93856,20221222-ten-principles.pdf,20221222-ten-principles,application/pdf,0,,,2022,,0,0,leave,report,1,,
93857,20221222-ten-principles.pdf,20221222-ten-principles,application/pdf,0,,,2022,,0,0,leave,report,1,,
93861,20221221-open-letter-to-pope-2.pdf,20221221-open-letter-to-pope-2,application/pdf,0,,,2022,,0,0,leave,report,1,,
93862,20221221-open-letter-to-pope-2.pdf,20221221-open-letter-to-pope-2,application/pdf,0,,,2022,,0,0,leave,report,1,,
93863,20221221-open-letter-to-pope-2.pdf,20221221-open-letter-to-pope-2,application/pdf,0,,,2022,,0,0,leave,report,1,,
93864,20221221-open-letter-to-pope-2.pdf,20221221-open-letter-to-pope-2,application/pdf,0,,,2022,,0,0,leave,report,1,,
93865,20221221-open-letter-to-pope-2.pdf,20221221-open-letter-to-pope-2,application/pdf,0,,,2022,,0,0,leave,report,1,,
93866,20221221-open-letter-to-pope-2.pdf,20221221-open-letter-to-pope-2,application/pdf,0,,,2022,,0,0,leave,report,1,,
93867,20221221-open-letter-to-pope-2.pdf,20221221-open-letter-to-pope-2,application/pdf,0,,,2022,,0,0,leave,report,1,,
93868,20221221-open-letter-to-pope-2.pdf,20221221-open-letter-to-pope-2,application/pdf,0,,,2022,,0,0,leave,report,1,,
93869,20221221-open-letter-to-pope-2.pdf,20221221-open-letter-to-pope-2,application/pdf,0,,,2022,,0,0,leave,report,1,,
93901,20221221-open-letter-to-pope-3.pdf,20221221-open-letter-to-pope-3,application/pdf,0,,,2022,,0,0,leave,report,1,,
93902,20221221-open-letter-to-pope-3.pdf,20221221-open-letter-to-pope-3,application/pdf,0,,,2022,,0,0,leave,report,1,,
93903,20221221-open-letter-to-pope-3.pdf,20221221-open-letter-to-pope-3,application/pdf,0,,,2022,,0,0,leave,report,1,,
93904,20221221-open-letter-to-pope-3.pdf,20221221-open-letter-to-pope-3,application/pdf,0,,,2022,,0,0,leave,report,1,,
93905,20221221-open-letter-to-pope-3.pdf,20221221-open-letter-to-pope-3,application/pdf,0,,,2022,,0,0,leave,report,1,,
93906,20221221-open-letter-to-pope-3.pdf,20221221-open-letter-to-pope-3,application/pdf,0,,,2022,,0,0,leave,report,1,,
93907,20221221-open-letter-to-pope-3.pdf,20221221-open-letter-to-pope-3,application/pdf,0,,,2022,,0,0,leave,report,1,,
93908,20221221-open-letter-to-pope-3.pdf,20221221-open-letter-to-pope-3,application/pdf,0,,,2022,,0,0,leave,report,1,,
93909,20221221-open-letter-to-pope-3.pdf,20221221-open-letter-to-pope-3,application/pdf,0,,,2022,,0,0,leave,report,1,,
95327,20221221-open-letter-to-pope-one-page-final.pdf,20221221-open-letter-to-pope-one-page-final,application/pdf,0,,,2023,,0,0,leave,report,1,,
95328,20221221-open-letter-to-pope-one-page-final.pdf,20221221-open-letter-to-pope-one-page-final,application/pdf,0,,,2023,,0,0,leave,report,1,,
95329,20221221-open-letter-to-pope-one-page-final.pdf,20221221-open-letter-to-pope-one-page-final,application/pdf,0,,,2023,,0,0,leave,report,1,,
95330,20221221-open-letter-to-pope-one-page-final.pdf,20221221-open-letter-to-pope-one-page-final,application/pdf,0,,,2023,,0,0,leave,report,1,,
95331,20221221-open-letter-to-pope-one-page-final.pdf,20221221-open-letter-to-pope-one-page-final,application/pdf,0,,,2023,,0,0,leave,report,1,,
95332,20221221-open-letter-to-pope-one-page-final.pdf,20221221-open-letter-to-pope-one-page-final,application/pdf,0,,,2023,,0,0,leave,report,1,,
95333,20221221-open-letter-to-pope-one-page-final.pdf,20221221-open-letter-to-pope-one-page-final,application/pdf,0,,,2023,,0,0,leave,report,1,,
95334,20221221-open-letter-to-pope-one-page-final.pdf,20221221-open-letter-to-pope-one-page-final,application/pdf,0,,,2023,,0,0,leave,report,1,,
95335,20221221-open-letter-to-pope-one-page-final.pdf,20221221-open-letter-to-pope-one-page-final,application/pdf,0,,,2023,,0,0,leave,report,1,,
95337,20221221-open-letter-to-pope-complete-v2.pdf,20221221-open-letter-to-pope-complete-v2,application/pdf,0,,,2023,,0,0,leave,report,1,,
95338,20221221-open-letter-to-pope-complete-v2.pdf,20221221-open-letter-to-pope-complete-v2,application/pdf,0,,,2023,,0,0,leave,report,1,,
95339,20221221-open-letter-to-pope-complete-v2.pdf,20221221-open-letter-to-pope-complete-v2,application/pdf,0,,,2023,,0,0,leave,report,1,,
95340,20221221-open-letter-to-pope-complete-v2.pdf,20221221-open-letter-to-pope-complete-v2,application/pdf,0,,,2023,,0,0,leave,report,1,,
95341,20221221-open-letter-to-pope-complete-v2.pdf,20221221-open-letter-to-pope-complete-v2,application/pdf,0,,,2023,,0,0,leave,report,1,,
95342,20221221-open-letter-to-pope-complete-v2.pdf,20221221-open-letter-to-pope-complete-v2,application/pdf,0,,,2023,,0,0,leave,report,1,,
95343,20221221-open-letter-to-pope-complete-v2.pdf,20221221-open-letter-to-pope-complete-v2,application/pdf,0,,,2023,,0,0,leave,report,1,,
95344,20221221-open-letter-to-pope-complete-v2.pdf,20221221-open-letter-to-pope-complete-v2,application/pdf,0,,,2023,,0,0,leave,report,1,,
95345,20221221-open-letter-to-pope-complete-v2.pdf,20221221-open-letter-to-pope-complete-v2,application/pdf,0,,,2023,,0,0,leave,report,1,,
95458,20230218-SIFB-das-zeitalterKONTAKT.pdf,20230218-SIFB-das-zeitalter+KONTAKT,application/pdf,0,,,2023,,0,0,leave,report,1,,
95459,20230218-SIFB-das-zeitalterKONTAKT.pdf,20230218-SIFB-das-zeitalter+KONTAKT,application/pdf,0,,,2023,,0,0,leave,report,1,,
95460,20230218-SIFB-das-zeitalterKONTAKT.pdf,20230218-SIFB-das-zeitalter+KONTAKT,application/pdf,0,,,2023,,0,0,leave,report,1,,
95461,20230218-SIFB-das-zeitalterKONTAKT.pdf,20230218-SIFB-das-zeitalter+KONTAKT,application/pdf,0,,,2023,,0,0,leave,report,1,,
95462,20230218-SIFB-das-zeitalterKONTAKT.pdf,20230218-SIFB-das-zeitalter+KONTAKT,application/pdf,0,,,2023,,0,0,leave,report,1,,
95463,20230218-SIFB-das-zeitalterKONTAKT.pdf,20230218-SIFB-das-zeitalter+KONTAKT,application/pdf,0,,,2023,,0,0,leave,report,1,,
95464,20230218-SIFB-das-zeitalterKONTAKT.pdf,20230218-SIFB-das-zeitalter+KONTAKT,application/pdf,0,,,2023,,0,0,leave,report,1,,
95465,20230218-SIFB-das-zeitalterKONTAKT.pdf,20230218-SIFB-das-zeitalter+KONTAKT,application/pdf,0,,,2023,,0,0,leave,report,1,,
95466,20230218-SIFB-das-zeitalterKONTAKT.pdf,20230218-SIFB-das-zeitalter+KONTAKT,application/pdf,0,,,2023,,0,0,leave,report,1,,
95467,20230218-SIFB-das-zeitalterKONTAKT.pdf,20230218-SIFB-das-zeitalter+KONTAKT,application/pdf,0,,,2023,,0,0,leave,report,1,,
95493,20230218-SIFB-das-zeitalterKONTAKT-1.pdf,20230218-SIFB-das-zeitalter+KONTAKT,application/pdf,0,,,2023,,0,0,leave,report,1,,
95494,20230218-SIFB-das-zeitalterKONTAKT-1.pdf,20230218-SIFB-das-zeitalter+KONTAKT,application/pdf,0,,,2023,,0,0,leave,report,1,,
95495,20230218-SIFB-das-zeitalterKONTAKT-1.pdf,20230218-SIFB-das-zeitalter+KONTAKT,application/pdf,0,,,2023,,0,0,leave,report,1,,
95496,20230218-SIFB-das-zeitalterKONTAKT-1.pdf,20230218-SIFB-das-zeitalter+KONTAKT,application/pdf,0,,,2023,,0,0,leave,report,1,,
95497,20230218-SIFB-das-zeitalterKONTAKT-1.pdf,20230218-SIFB-das-zeitalter+KONTAKT,application/pdf,0,,,2023,,0,0,leave,report,1,,
95498,20230218-SIFB-das-zeitalterKONTAKT-1.pdf,20230218-SIFB-das-zeitalter+KONTAKT,application/pdf,0,,,2023,,0,0,leave,report,1,,
95499,20230218-SIFB-das-zeitalterKONTAKT-1.pdf,20230218-SIFB-das-zeitalter+KONTAKT,application/pdf,0,,,2023,,0,0,leave,report,1,,
95500,20230218-SIFB-das-zeitalterKONTAKT-1.pdf,20230218-SIFB-das-zeitalter+KONTAKT,application/pdf,0,,,2023,,0,0,leave,report,1,,
95501,20230218-SIFB-das-zeitalterKONTAKT-1.pdf,20230218-SIFB-das-zeitalter+KONTAKT,application/pdf,0,,,2023,,0,0,leave,report,1,,
95502,20230218-SIFB-das-zeitalterKONTAKT-1.pdf,20230218-SIFB-das-zeitalter+KONTAKT,application/pdf,0,,,2023,,0,0,leave,report,1,,
96842,SI_Flugblatt_Appell_Kennedy_Mai2023.pdf,SI_Flugblatt_Appell_Kennedy_Mai2023,application/pdf,0,,,2023,,0,0,leave,report,1,,
96843,SI_Flugblatt_Appell_Kennedy_Mai2023.pdf,SI_Flugblatt_Appell_Kennedy_Mai2023,application/pdf,0,,,2023,,0,0,leave,report,1,,
96844,SI_Flugblatt_Appell_Kennedy_Mai2023.pdf,SI_Flugblatt_Appell_Kennedy_Mai2023,application/pdf,0,,,2023,,0,0,leave,report,1,,
96845,SI_Flugblatt_Appell_Kennedy_Mai2023.pdf,SI_Flugblatt_Appell_Kennedy_Mai2023,application/pdf,0,,,2023,,0,0,leave,report,1,,
96846,SI_Flugblatt_Appell_Kennedy_Mai2023.pdf,SI_Flugblatt_Appell_Kennedy_Mai2023,application/pdf,0,,,2023,,0,0,leave,report,1,,
96847,SI_Flugblatt_Appell_Kennedy_Mai2023.pdf,SI_Flugblatt_Appell_Kennedy_Mai2023,application/pdf,0,,,2023,,0,0,leave,report,1,,
96848,SI_Flugblatt_Appell_Kennedy_Mai2023.pdf,SI_Flugblatt_Appell_Kennedy_Mai2023,application/pdf,0,,,2023,,0,0,leave,report,1,,
96849,SI_Flugblatt_Appell_Kennedy_Mai2023.pdf,SI_Flugblatt_Appell_Kennedy_Mai2023,application/pdf,0,,,2023,,0,0,leave,report,1,,
96850,SI_Flugblatt_Appell_Kennedy_Mai2023.pdf,SI_Flugblatt_Appell_Kennedy_Mai2023,application/pdf,0,,,2023,,0,0,leave,report,1,,
96851,SI_Flugblatt_Appell_Kennedy_Mai2023.pdf,SI_Flugblatt_Appell_Kennedy_Mai2023,application/pdf,0,,,2023,,0,0,leave,report,1,,
96896,SI_Flugblatt_Appell_Kennedy_Mai2023-1.pdf,SI_Flugblatt_Appell_Kennedy_Mai2023,application/pdf,0,,,2023,,0,0,leave,report,1,,
96897,SI_Flugblatt_Appell_Kennedy_Mai2023-1.pdf,SI_Flugblatt_Appell_Kennedy_Mai2023,application/pdf,0,,,2023,,0,0,leave,report,1,,
96898,SI_Flugblatt_Appell_Kennedy_Mai2023-1.pdf,SI_Flugblatt_Appell_Kennedy_Mai2023,application/pdf,0,,,2023,,0,0,leave,report,1,,
96899,SI_Flugblatt_Appell_Kennedy_Mai2023-1.pdf,SI_Flugblatt_Appell_Kennedy_Mai2023,application/pdf,0,,,2023,,0,0,leave,report,1,,
96900,SI_Flugblatt_Appell_Kennedy_Mai2023-1.pdf,SI_Flugblatt_Appell_Kennedy_Mai2023,application/pdf,0,,,2023,,0,0,leave,report,1,,
96901,SI_Flugblatt_Appell_Kennedy_Mai2023-1.pdf,SI_Flugblatt_Appell_Kennedy_Mai2023,application/pdf,0,,,2023,,0,0,leave,report,1,,
96902,SI_Flugblatt_Appell_Kennedy_Mai2023-1.pdf,SI_Flugblatt_Appell_Kennedy_Mai2023,application/pdf,0,,,2023,,0,0,leave,report,1,,
96903,SI_Flugblatt_Appell_Kennedy_Mai2023-1.pdf,SI_Flugblatt_Appell_Kennedy_Mai2023,application/pdf,0,,,2023,,0,0,leave,report,1,,
96904,SI_Flugblatt_Appell_Kennedy_Mai2023-1.pdf,SI_Flugblatt_Appell_Kennedy_Mai2023,application/pdf,0,,,2023,,0,0,leave,report,1,,
96905,SI_Flugblatt_Appell_Kennedy_Mai2023-1.pdf,SI_Flugblatt_Appell_Kennedy_Mai2023,application/pdf,0,,,2023,,0,0,leave,report,1,,
96920,SI_Flugblatt_Appell_Kennedy_Mai2023-2.pdf,SI_Flugblatt_Appell_Kennedy_Mai2023-2,application/pdf,0,,,2023,,0,0,leave,report,1,,
96921,SI_Flugblatt_Appell_Kennedy_Mai2023-2.pdf,SI_Flugblatt_Appell_Kennedy_Mai2023-2,application/pdf,0,,,2023,,0,0,leave,report,1,,
96922,SI_Flugblatt_Appell_Kennedy_Mai2023-2.pdf,SI_Flugblatt_Appell_Kennedy_Mai2023-2,application/pdf,0,,,2023,,0,0,leave,report,1,,
96923,SI_Flugblatt_Appell_Kennedy_Mai2023-2.pdf,SI_Flugblatt_Appell_Kennedy_Mai2023-2,application/pdf,0,,,2023,,0,0,leave,report,1,,
96924,SI_Flugblatt_Appell_Kennedy_Mai2023-2.pdf,SI_Flugblatt_Appell_Kennedy_Mai2023-2,application/pdf,0,,,2023,,0,0,leave,report,1,,
96925,SI_Flugblatt_Appell_Kennedy_Mai2023-2.pdf,SI_Flugblatt_Appell_Kennedy_Mai2023-2,application/pdf,0,,,2023,,0,0,leave,report,1,,
96926,SI_Flugblatt_Appell_Kennedy_Mai2023-2.pdf,SI_Flugblatt_Appell_Kennedy_Mai2023-2,application/pdf,0,,,2023,,0,0,leave,report,1,,
96927,SI_Flugblatt_Appell_Kennedy_Mai2023-2.pdf,SI_Flugblatt_Appell_Kennedy_Mai2023-2,application/pdf,0,,,2023,,0,0,leave,report,1,,
96928,SI_Flugblatt_Appell_Kennedy_Mai2023-2.pdf,SI_Flugblatt_Appell_Kennedy_Mai2023-2,application/pdf,0,,,2023,,0,0,leave,report,1,,
96929,SI_Flugblatt_Appell_Kennedy_Mai2023-2.pdf,SI_Flugblatt_Appell_Kennedy_Mai2023-2,application/pdf,0,,,2023,,0,0,leave,report,1,,
97071,20230607-peace-coalition.pdf,20230607-peace-coalition,application/pdf,0,,,2023,,0,0,leave,report,1,,
97072,20230607-peace-coalition.pdf,20230607-peace-coalition,application/pdf,0,,,2023,,0,0,leave,report,1,,
97073,20230607-peace-coalition.pdf,20230607-peace-coalition,application/pdf,0,,,2023,,0,0,leave,report,1,,
97075,20230607-peace-coalition.pdf,20230607-peace-coalition,application/pdf,0,,,2023,,0,0,leave,report,1,,
97076,20230607-peace-coalition.pdf,20230607-peace-coalition,application/pdf,0,,,2023,,0,0,leave,report,1,,
97077,20230607-peace-coalition.pdf,20230607-peace-coalition,application/pdf,0,,,2023,,0,0,leave,report,1,,
97078,20230607-peace-coalition.pdf,20230607-peace-coalition,application/pdf,0,,,2023,,0,0,leave,report,1,,
97079,20230607-peace-coalition.pdf,20230607-peace-coalition,application/pdf,0,,,2023,,0,0,leave,report,1,,
97089,20230607-peace-coalition-1.pdf,20230607-peace-coalition-1,application/pdf,0,,,2023,,0,0,leave,report,1,,
97090,20230607-peace-coalition-1.pdf,20230607-peace-coalition-1,application/pdf,0,,,2023,,0,0,leave,report,1,,
97091,20230607-peace-coalition-1.pdf,20230607-peace-coalition-1,application/pdf,0,,,2023,,0,0,leave,report,1,,
97093,20230607-peace-coalition-1.pdf,20230607-peace-coalition-1,application/pdf,0,,,2023,,0,0,leave,report,1,,
97094,20230607-peace-coalition-1.pdf,20230607-peace-coalition-1,application/pdf,0,,,2023,,0,0,leave,report,1,,
97095,20230607-peace-coalition-1.pdf,20230607-peace-coalition-1,application/pdf,0,,,2023,,0,0,leave,report,1,,
97096,20230607-peace-coalition-1.pdf,20230607-peace-coalition-1,application/pdf,0,,,2023,,0,0,leave,report,1,,
97097,20230607-peace-coalition-1.pdf,20230607-peace-coalition-1,application/pdf,0,,,2023,,0,0,leave,report,1,,
97100,20230607-peace-coalition-v2.pdf,20230607-peace-coalition-v2,application/pdf,0,,,2023,,0,0,leave,report,1,,
97101,20230607-peace-coalition-v2.pdf,20230607-peace-coalition-v2,application/pdf,0,,,2023,,0,0,leave,report,1,,
97102,20230607-peace-coalition-v2.pdf,20230607-peace-coalition-v2,application/pdf,0,,,2023,,0,0,leave,report,1,,
97104,20230607-peace-coalition-v2.pdf,20230607-peace-coalition-v2,application/pdf,0,,,2023,,0,0,leave,report,1,,
97105,20230607-peace-coalition-v2.pdf,20230607-peace-coalition-v2,application/pdf,0,,,2023,,0,0,leave,report,1,,
97106,20230607-peace-coalition-v2.pdf,20230607-peace-coalition-v2,application/pdf,0,,,2023,,0,0,leave,report,1,,
97107,20230607-peace-coalition-v2.pdf,20230607-peace-coalition-v2,application/pdf,0,,,2023,,0,0,leave,report,1,,
97108,20230607-peace-coalition-v2.pdf,20230607-peace-coalition-v2,application/pdf,0,,,2023,,0,0,leave,report,1,,
97837,signal-2023-07-19-173429.pdf,signal-2023-07-19-173429,application/pdf,0,,,2023,,0,0,leave,report,1,,
97838,signal-2023-07-19-173429.pdf,signal-2023-07-19-173429,application/pdf,0,,,2023,,0,0,leave,report,1,,
97839,signal-2023-07-19-173429.pdf,signal-2023-07-19-173429,application/pdf,0,,,2023,,0,0,leave,report,1,,
97841,signal-2023-07-19-173429.pdf,signal-2023-07-19-173429,application/pdf,0,,,2023,,0,0,leave,report,1,,
97842,signal-2023-07-19-173429.pdf,signal-2023-07-19-173429,application/pdf,0,,,2023,,0,0,leave,report,1,,
97843,signal-2023-07-19-173429.pdf,signal-2023-07-19-173429,application/pdf,0,,,2023,,0,0,leave,report,1,,
97844,signal-2023-07-19-173429.pdf,signal-2023-07-19-173429,application/pdf,0,,,2023,,0,0,leave,report,1,,
97845,signal-2023-07-19-173429.pdf,signal-2023-07-19-173429,application/pdf,0,,,2023,,0,0,leave,report,1,,
98391,Strasbourg-Intros-Speeches-Dialogue.pdf,"Strasbourg Intros, Speeches, Dialogue",application/pdf,0,,,2023,,0,0,leave,report,1,,
98392,Strasbourg-Intros-Speeches-Dialogue.pdf,"Strasbourg Intros, Speeches, Dialogue",application/pdf,0,,,2023,,0,0,leave,report,1,,
98393,Strasbourg-Intros-Speeches-Dialogue.pdf,"Strasbourg Intros, Speeches, Dialogue",application/pdf,0,,,2023,,0,0,leave,report,1,,
98394,Strasbourg-Intros-Speeches-Dialogue.pdf,"Strasbourg Intros, Speeches, Dialogue",application/pdf,0,,,2023,,0,0,leave,report,1,,
98395,Strasbourg-Intros-Speeches-Dialogue.pdf,"Strasbourg Intros, Speeches, Dialogue",application/pdf,0,,,2023,,0,0,leave,report,1,,
98396,Strasbourg-Intros-Speeches-Dialogue.pdf,"Strasbourg Intros, Speeches, Dialogue",application/pdf,0,,,2023,,0,0,leave,report,1,,
98397,Strasbourg-Intros-Speeches-Dialogue.pdf,"Strasbourg Intros, Speeches, Dialogue",application/pdf,0,,,2023,,0,0,leave,report,1,,
98398,Strasbourg-Intros-Speeches-Dialogue.pdf,"Strasbourg Intros, Speeches, Dialogue",application/pdf,0,,,2023,,0,0,leave,report,1,,
98399,Strasbourg-Intros-Speeches-Dialogue.pdf,"Strasbourg Intros, Speeches, Dialogue",application/pdf,0,,,2023,,0,0,leave,report,1,,
98400,Strasbourg-Intros-Speeches-Dialogue.pdf,"Strasbourg Intros, Speeches, Dialogue",application/pdf,0,,,2023,,0,0,leave,report,1,,
98527,Schiller-Institute-BRICS-package-v2-1.pdf,Schiller-Institute-BRICS-package-v2-1,application/pdf,98526,post,"Colonialism is Over! Appeal to the Citizens of the Global North: We Must Support the Construction of a New Just World Economic Order!",2023,,0,0,leave,report,1,,
98528,Schiller-Institute-BRICS-package-v2-1.pdf,Schiller-Institute-BRICS-package-v2-1,application/pdf,0,,,2023,,0,0,leave,report,1,,
98529,Schiller-Institute-BRICS-package-v2-1.pdf,Schiller-Institute-BRICS-package-v2-1,application/pdf,0,,,2023,,0,0,leave,report,1,,
98530,Schiller-Institute-BRICS-package-v2-1.pdf,Schiller-Institute-BRICS-package-v2-1,application/pdf,0,,,2023,,0,0,leave,report,1,,
98531,Schiller-Institute-BRICS-package-v2-1.pdf,Schiller-Institute-BRICS-package-v2-1,application/pdf,0,,,2023,,0,0,leave,report,1,,
98532,Schiller-Institute-BRICS-package-v2-1.pdf,Schiller-Institute-BRICS-package-v2-1,application/pdf,0,,,2023,,0,0,leave,report,1,,
98533,Schiller-Institute-BRICS-package-v2-1.pdf,Schiller-Institute-BRICS-package-v2-1,application/pdf,0,,,2023,,0,0,leave,report,1,,
98534,Schiller-Institute-BRICS-package-v2-1.pdf,Schiller-Institute-BRICS-package-v2-1,application/pdf,0,,,2023,,0,0,leave,report,1,,
98535,Schiller-Institute-BRICS-package-v2-1.pdf,Schiller-Institute-BRICS-package-v2-1,application/pdf,0,,,2023,,0,0,leave,report,1,,
98536,Schiller-Institute-BRICS-package-v2-1.pdf,Schiller-Institute-BRICS-package-v2-1,application/pdf,0,,,2023,,0,0,leave,report,1,,
98542,Schiller-Institute-BRICS-package-v2-1-1.pdf,"Schiller Institute BRICS package v2-1",application/pdf,0,,,2023,,0,0,leave,report,1,,
98543,Schiller-Institute-BRICS-package-v2-1-1.pdf,"Schiller Institute BRICS package v2-1",application/pdf,0,,,2023,,0,0,leave,report,1,,
98544,Schiller-Institute-BRICS-package-v2-1-1.pdf,"Schiller Institute BRICS package v2-1",application/pdf,0,,,2023,,0,0,leave,report,1,,
98545,Schiller-Institute-BRICS-package-v2-1-1.pdf,"Schiller Institute BRICS package v2-1",application/pdf,0,,,2023,,0,0,leave,report,1,,
98546,Schiller-Institute-BRICS-package-v2-1-1.pdf,"Schiller Institute BRICS package v2-1",application/pdf,0,,,2023,,0,0,leave,report,1,,
98547,Schiller-Institute-BRICS-package-v2-1-1.pdf,"Schiller Institute BRICS package v2-1",application/pdf,0,,,2023,,0,0,leave,report,1,,
98548,Schiller-Institute-BRICS-package-v2-1-1.pdf,"Schiller Institute BRICS package v2-1",application/pdf,0,,,2023,,0,0,leave,report,1,,
98549,Schiller-Institute-BRICS-package-v2-1-1.pdf,"Schiller Institute BRICS package v2-1",application/pdf,0,,,2023,,0,0,leave,report,1,,
98550,Schiller-Institute-BRICS-package-v2-1-1.pdf,"Schiller Institute BRICS package v2-1",application/pdf,0,,,2023,,0,0,leave,report,1,,
98551,Schiller-Institute-BRICS-package-v2-1-1.pdf,"Schiller Institute BRICS package v2-1",application/pdf,0,,,2023,,0,0,leave,report,1,,
98554,Schiller-Institute-BRICS-package-v2-1-2.pdf,Schiller-Institute-BRICS-package-v2-1-2,application/pdf,0,,,2023,,0,0,leave,report,1,,
98555,Schiller-Institute-BRICS-package-v2-1-2.pdf,Schiller-Institute-BRICS-package-v2-1-2,application/pdf,0,,,2023,,0,0,leave,report,1,,
98556,Schiller-Institute-BRICS-package-v2-1-2.pdf,Schiller-Institute-BRICS-package-v2-1-2,application/pdf,0,,,2023,,0,0,leave,report,1,,
98558,Schiller-Institute-BRICS-package-v2-1-2.pdf,Schiller-Institute-BRICS-package-v2-1-2,application/pdf,0,,,2023,,0,0,leave,report,1,,
98559,Schiller-Institute-BRICS-package-v2-1-2.pdf,Schiller-Institute-BRICS-package-v2-1-2,application/pdf,0,,,2023,,0,0,leave,report,1,,
98560,Schiller-Institute-BRICS-package-v2-1-2.pdf,Schiller-Institute-BRICS-package-v2-1-2,application/pdf,0,,,2023,,0,0,leave,report,1,,
98561,Schiller-Institute-BRICS-package-v2-1-2.pdf,Schiller-Institute-BRICS-package-v2-1-2,application/pdf,0,,,2023,,0,0,leave,report,1,,
98562,Schiller-Institute-BRICS-package-v2-1-2.pdf,Schiller-Institute-BRICS-package-v2-1-2,application/pdf,0,,,2023,,0,0,leave,report,1,,
98861,eirv35n08-20080222_026-my_early_encounter_with_leibniz-lar.pdf,eirv35n08-20080222_026-my_early_encounter_with_leibniz-lar,application/pdf,0,,,2023,,0,0,leave,report,1,,
98862,eirv35n08-20080222_026-my_early_encounter_with_leibniz-lar.pdf,eirv35n08-20080222_026-my_early_encounter_with_leibniz-lar,application/pdf,0,,,2023,,0,0,leave,report,1,,
98863,eirv35n08-20080222_026-my_early_encounter_with_leibniz-lar.pdf,eirv35n08-20080222_026-my_early_encounter_with_leibniz-lar,application/pdf,0,,,2023,,0,0,leave,report,1,,
98864,eirv35n08-20080222_026-my_early_encounter_with_leibniz-lar.pdf,eirv35n08-20080222_026-my_early_encounter_with_leibniz-lar,application/pdf,0,,,2023,,0,0,leave,report,1,,
98865,eirv35n08-20080222_026-my_early_encounter_with_leibniz-lar.pdf,eirv35n08-20080222_026-my_early_encounter_with_leibniz-lar,application/pdf,0,,,2023,,0,0,leave,report,1,,
98866,eirv35n08-20080222_026-my_early_encounter_with_leibniz-lar.pdf,eirv35n08-20080222_026-my_early_encounter_with_leibniz-lar,application/pdf,0,,,2023,,0,0,leave,report,1,,
98867,eirv35n08-20080222_026-my_early_encounter_with_leibniz-lar.pdf,eirv35n08-20080222_026-my_early_encounter_with_leibniz-lar,application/pdf,0,,,2023,,0,0,leave,report,1,,
98868,eirv35n08-20080222_026-my_early_encounter_with_leibniz-lar.pdf,eirv35n08-20080222_026-my_early_encounter_with_leibniz-lar,application/pdf,0,,,2023,,0,0,leave,report,1,,
98869,eirv35n08-20080222_026-my_early_encounter_with_leibniz-lar.pdf,eirv35n08-20080222_026-my_early_encounter_with_leibniz-lar,application/pdf,0,,,2023,,0,0,leave,report,1,,
99195,Final-UN-Statement.pdf,Final-UN-Statement,application/pdf,0,,,2023,,0,0,leave,report,1,,
99196,Final-UN-Statement.pdf,Final-UN-Statement,application/pdf,0,,,2023,,0,0,leave,report,1,,
99197,Final-UN-Statement.pdf,Final-UN-Statement,application/pdf,0,,,2023,,0,0,leave,report,1,,
99199,Final-UN-Statement.pdf,Final-UN-Statement,application/pdf,0,,,2023,,0,0,leave,report,1,,
99200,Final-UN-Statement.pdf,Final-UN-Statement,application/pdf,0,,,2023,,0,0,leave,report,1,,
99201,Final-UN-Statement.pdf,Final-UN-Statement,application/pdf,0,,,2023,,0,0,leave,report,1,,
99202,Final-UN-Statement.pdf,Final-UN-Statement,application/pdf,0,,,2023,,0,0,leave,report,1,,
99203,Final-UN-Statement.pdf,Final-UN-Statement,application/pdf,0,,,2023,,0,0,leave,report,1,,
99206,Final-UN-Statement-CORRECTED.pdf,Final-UN-Statement-CORRECTED,application/pdf,0,,,2023,,0,0,leave,report,1,,
99207,Final-UN-Statement-CORRECTED.pdf,Final-UN-Statement-CORRECTED,application/pdf,0,,,2023,,0,0,leave,report,1,,
99208,Final-UN-Statement-CORRECTED.pdf,Final-UN-Statement-CORRECTED,application/pdf,0,,,2023,,0,0,leave,report,1,,
99210,Final-UN-Statement-CORRECTED.pdf,Final-UN-Statement-CORRECTED,application/pdf,0,,,2023,,0,0,leave,report,1,,
99211,Final-UN-Statement-CORRECTED.pdf,Final-UN-Statement-CORRECTED,application/pdf,0,,,2023,,0,0,leave,report,1,,
99212,Final-UN-Statement-CORRECTED.pdf,Final-UN-Statement-CORRECTED,application/pdf,0,,,2023,,0,0,leave,report,1,,
99213,Final-UN-Statement-CORRECTED.pdf,Final-UN-Statement-CORRECTED,application/pdf,0,,,2023,,0,0,leave,report,1,,
99214,Final-UN-Statement-CORRECTED.pdf,Final-UN-Statement-CORRECTED,application/pdf,0,,,2023,,0,0,leave,report,1,,
99294,Kujat-Peace-Proposal-Intro.pdf,Kujat-Peace-Proposal-Intro,application/pdf,0,,,2023,,0,0,leave,report,1,,
99295,Kujat-Peace-Proposal-Intro.pdf,Kujat-Peace-Proposal-Intro,application/pdf,0,,,2023,,0,0,leave,report,1,,
99296,Kujat-Peace-Proposal-Intro.pdf,Kujat-Peace-Proposal-Intro,application/pdf,0,,,2023,,0,0,leave,report,1,,
99298,Kujat-Peace-Proposal-Intro.pdf,Kujat-Peace-Proposal-Intro,application/pdf,0,,,2023,,0,0,leave,report,1,,
99299,Kujat-Peace-Proposal-Intro.pdf,Kujat-Peace-Proposal-Intro,application/pdf,0,,,2023,,0,0,leave,report,1,,
99300,Kujat-Peace-Proposal-Intro.pdf,Kujat-Peace-Proposal-Intro,application/pdf,0,,,2023,,0,0,leave,report,1,,
99301,Kujat-Peace-Proposal-Intro.pdf,Kujat-Peace-Proposal-Intro,application/pdf,0,,,2023,,0,0,leave,report,1,,
99302,Kujat-Peace-Proposal-Intro.pdf,Kujat-Peace-Proposal-Intro,application/pdf,0,,,2023,,0,0,leave,report,1,,
99425,20231010-no-war-russia-china-final.pdf,20231010-no-war-russia-china-final,application/pdf,0,,,2023,,0,0,leave,report,1,,
99426,20231010-no-war-russia-china-final.pdf,20231010-no-war-russia-china-final,application/pdf,0,,,2023,,0,0,leave,report,1,,
99427,20231010-no-war-russia-china-final.pdf,20231010-no-war-russia-china-final,application/pdf,0,,,2023,,0,0,leave,report,1,,
99429,20231010-no-war-russia-china-final.pdf,20231010-no-war-russia-china-final,application/pdf,0,,,2023,,0,0,leave,report,1,,
99430,20231010-no-war-russia-china-final.pdf,20231010-no-war-russia-china-final,application/pdf,0,,,2023,,0,0,leave,report,1,,
99431,20231010-no-war-russia-china-final.pdf,20231010-no-war-russia-china-final,application/pdf,0,,,2023,,0,0,leave,report,1,,
99432,20231010-no-war-russia-china-final.pdf,20231010-no-war-russia-china-final,application/pdf,0,,,2023,,0,0,leave,report,1,,
99433,20231010-no-war-russia-china-final.pdf,20231010-no-war-russia-china-final,application/pdf,0,,,2023,,0,0,leave,report,1,,
99437,20231010-no-war-russia-china-final-v2.pdf,20231010-no-war-russia-china-final-v2,application/pdf,0,,,2023,,0,0,leave,report,1,,
99438,20231010-no-war-russia-china-final-v2.pdf,20231010-no-war-russia-china-final-v2,application/pdf,0,,,2023,,0,0,leave,report,1,,
99439,20231010-no-war-russia-china-final-v2.pdf,20231010-no-war-russia-china-final-v2,application/pdf,0,,,2023,,0,0,leave,report,1,,
99441,20231010-no-war-russia-china-final-v2.pdf,20231010-no-war-russia-china-final-v2,application/pdf,0,,,2023,,0,0,leave,report,1,,
99442,20231010-no-war-russia-china-final-v2.pdf,20231010-no-war-russia-china-final-v2,application/pdf,0,,,2023,,0,0,leave,report,1,,
99443,20231010-no-war-russia-china-final-v2.pdf,20231010-no-war-russia-china-final-v2,application/pdf,0,,,2023,,0,0,leave,report,1,,
99444,20231010-no-war-russia-china-final-v2.pdf,20231010-no-war-russia-china-final-v2,application/pdf,0,,,2023,,0,0,leave,report,1,,
99445,20231010-no-war-russia-china-final-v2.pdf,20231010-no-war-russia-china-final-v2,application/pdf,0,,,2023,,0,0,leave,report,1,,
99518,20231018-oasis-plan.pdf,20231018-oasis-plan,application/pdf,0,,,2023,,0,0,leave,report,1,,
99519,20231018-oasis-plan.pdf,20231018-oasis-plan,application/pdf,0,,,2023,,0,0,leave,report,1,,
99520,20231018-oasis-plan.pdf,20231018-oasis-plan,application/pdf,0,,,2023,,0,0,leave,report,1,,
99522,20231018-oasis-plan.pdf,20231018-oasis-plan,application/pdf,0,,,2023,,0,0,leave,report,1,,
99523,20231018-oasis-plan.pdf,20231018-oasis-plan,application/pdf,0,,,2023,,0,0,leave,report,1,,
99524,20231018-oasis-plan.pdf,20231018-oasis-plan,application/pdf,0,,,2023,,0,0,leave,report,1,,
99525,20231018-oasis-plan.pdf,20231018-oasis-plan,application/pdf,0,,,2023,,0,0,leave,report,1,,
99526,20231018-oasis-plan.pdf,20231018-oasis-plan,application/pdf,0,,,2023,,0,0,leave,report,1,,
100092,HZL-Christmas-Msg.pdf,"HZL Christmas Msg",application/pdf,0,,,2023,,0,0,leave,report,1,,
100093,HZL-Christmas-Msg.pdf,"HZL Christmas Msg",application/pdf,0,,,2023,,0,0,leave,report,1,,
100094,HZL-Christmas-Msg.pdf,"HZL Christmas Msg",application/pdf,0,,,2023,,0,0,leave,report,1,,
100095,HZL-Christmas-Msg.pdf,"HZL Christmas Msg",application/pdf,0,,,2023,,0,0,leave,report,1,,
100096,HZL-Christmas-Msg.pdf,"HZL Christmas Msg",application/pdf,0,,,2023,,0,0,leave,report,1,,
100097,HZL-Christmas-Msg.pdf,"HZL Christmas Msg",application/pdf,0,,,2023,,0,0,leave,report,1,,
100098,HZL-Christmas-Msg.pdf,"HZL Christmas Msg",application/pdf,0,,,2023,,0,0,leave,report,1,,
100099,HZL-Christmas-Msg.pdf,"HZL Christmas Msg",application/pdf,0,,,2023,,0,0,leave,report,1,,
100100,HZL-Christmas-Msg.pdf,"HZL Christmas Msg",application/pdf,0,,,2023,,0,0,leave,report,1,,
100101,HZL-Christmas-Msg.pdf,"HZL Christmas Msg",application/pdf,0,,,2023,,0,0,leave,report,1,,
100343,20240109-SIFB_fuehrende-landwirte.pdf,20240109-SIFB_fuehrende-landwirte,application/pdf,0,,,2024,,0,0,leave,report,1,,
100344,20240109-SIFB_fuehrende-landwirte.pdf,20240109-SIFB_fuehrende-landwirte,application/pdf,0,,,2024,,0,0,leave,report,1,,
100345,20240109-SIFB_fuehrende-landwirte.pdf,20240109-SIFB_fuehrende-landwirte,application/pdf,0,,,2024,,0,0,leave,report,1,,
100346,20240109-SIFB_fuehrende-landwirte.pdf,20240109-SIFB_fuehrende-landwirte,application/pdf,0,,,2024,,0,0,leave,report,1,,
100347,20240109-SIFB_fuehrende-landwirte.pdf,20240109-SIFB_fuehrende-landwirte,application/pdf,0,,,2024,,0,0,leave,report,1,,
100348,20240109-SIFB_fuehrende-landwirte.pdf,20240109-SIFB_fuehrende-landwirte,application/pdf,0,,,2024,,0,0,leave,report,1,,
100349,20240109-SIFB_fuehrende-landwirte.pdf,20240109-SIFB_fuehrende-landwirte,application/pdf,0,,,2024,,0,0,leave,report,1,,
100350,20240109-SIFB_fuehrende-landwirte.pdf,20240109-SIFB_fuehrende-landwirte,application/pdf,0,,,2024,,0,0,leave,report,1,,
100351,20240109-SIFB_fuehrende-landwirte.pdf,20240109-SIFB_fuehrende-landwirte,application/pdf,0,,,2024,,0,0,leave,report,1,,
100352,20240109-SIFB_fuehrende-landwirte.pdf,20240109-SIFB_fuehrende-landwirte,application/pdf,0,,,2024,,0,0,leave,report,1,,
100588,200240204-knew-or-should-have-known-USE-THIS-ONE.pdf,200240204-knew-or-should-have-known-USE-THIS-ONE,application/pdf,0,,,2024,,0,0,leave,report,1,,
100589,200240204-knew-or-should-have-known-USE-THIS-ONE.pdf,200240204-knew-or-should-have-known-USE-THIS-ONE,application/pdf,0,,,2024,,0,0,leave,report,1,,
100590,200240204-knew-or-should-have-known-USE-THIS-ONE.pdf,200240204-knew-or-should-have-known-USE-THIS-ONE,application/pdf,0,,,2024,,0,0,leave,report,1,,
100591,200240204-knew-or-should-have-known-USE-THIS-ONE.pdf,200240204-knew-or-should-have-known-USE-THIS-ONE,application/pdf,0,,,2024,,0,0,leave,report,1,,
100592,200240204-knew-or-should-have-known-USE-THIS-ONE.pdf,200240204-knew-or-should-have-known-USE-THIS-ONE,application/pdf,0,,,2024,,0,0,leave,report,1,,
100593,200240204-knew-or-should-have-known-USE-THIS-ONE.pdf,200240204-knew-or-should-have-known-USE-THIS-ONE,application/pdf,0,,,2024,,0,0,leave,report,1,,
100594,200240204-knew-or-should-have-known-USE-THIS-ONE.pdf,200240204-knew-or-should-have-known-USE-THIS-ONE,application/pdf,0,,,2024,,0,0,leave,report,1,,
100595,200240204-knew-or-should-have-known-USE-THIS-ONE.pdf,200240204-knew-or-should-have-known-USE-THIS-ONE,application/pdf,0,,,2024,,0,0,leave,report,1,,
100596,200240204-knew-or-should-have-known-USE-THIS-ONE.pdf,200240204-knew-or-should-have-known-USE-THIS-ONE,application/pdf,0,,,2024,,0,0,leave,report,1,,
102567,20250526-red-alert.pdf,20250526-red-alert,application/pdf,0,,,2024,,0,0,leave,report,1,,
102568,20250526-red-alert.pdf,20250526-red-alert,application/pdf,0,,,2024,,0,0,leave,report,1,,
102569,20250526-red-alert.pdf,20250526-red-alert,application/pdf,0,,,2024,,0,0,leave,report,1,,
102571,20250526-red-alert.pdf,20250526-red-alert,application/pdf,0,,,2024,,0,0,leave,report,1,,
102572,20250526-red-alert.pdf,20250526-red-alert,application/pdf,0,,,2024,,0,0,leave,report,1,,
102573,20250526-red-alert.pdf,20250526-red-alert,application/pdf,0,,,2024,,0,0,leave,report,1,,
102574,20250526-red-alert.pdf,20250526-red-alert,application/pdf,0,,,2024,,0,0,leave,report,1,,
102575,20250526-red-alert.pdf,20250526-red-alert,application/pdf,0,,,2024,,0,0,leave,report,1,,
102581,20250526-red-alert-FINAL.pdf,20250526-red-alert-FINAL,application/pdf,0,,,2024,,0,0,leave,report,1,,
102582,20250526-red-alert-FINAL.pdf,20250526-red-alert-FINAL,application/pdf,0,,,2024,,0,0,leave,report,1,,
102583,20250526-red-alert-FINAL.pdf,20250526-red-alert-FINAL,application/pdf,0,,,2024,,0,0,leave,report,1,,
102585,20250526-red-alert-FINAL.pdf,20250526-red-alert-FINAL,application/pdf,0,,,2024,,0,0,leave,report,1,,
102586,20250526-red-alert-FINAL.pdf,20250526-red-alert-FINAL,application/pdf,0,,,2024,,0,0,leave,report,1,,
102587,20250526-red-alert-FINAL.pdf,20250526-red-alert-FINAL,application/pdf,0,,,2024,,0,0,leave,report,1,,
102588,20250526-red-alert-FINAL.pdf,20250526-red-alert-FINAL,application/pdf,0,,,2024,,0,0,leave,report,1,,
102589,20250526-red-alert-FINAL.pdf,20250526-red-alert-FINAL,application/pdf,0,,,2024,,0,0,leave,report,1,,
102802,20240612-press-conference.pdf,20240612-press-conference,application/pdf,0,,,2024,,0,0,leave,report,1,,
102803,20240612-press-conference.pdf,20240612-press-conference,application/pdf,0,,,2024,,0,0,leave,report,1,,
102804,20240612-press-conference.pdf,20240612-press-conference,application/pdf,0,,,2024,,0,0,leave,report,1,,
102806,20240612-press-conference.pdf,20240612-press-conference,application/pdf,0,,,2024,,0,0,leave,report,1,,
102807,20240612-press-conference.pdf,20240612-press-conference,application/pdf,0,,,2024,,0,0,leave,report,1,,
102808,20240612-press-conference.pdf,20240612-press-conference,application/pdf,0,,,2024,,0,0,leave,report,1,,
102809,20240612-press-conference.pdf,20240612-press-conference,application/pdf,0,,,2024,,0,0,leave,report,1,,
102810,20240612-press-conference.pdf,20240612-press-conference,application/pdf,0,,,2024,,0,0,leave,report,1,,
104318,Matlock-interview.pdf,Matlock-interview,application/pdf,0,,,2024,,0,0,leave,report,1,,
104319,Matlock-interview.pdf,Matlock-interview,application/pdf,0,,,2024,,0,0,leave,report,1,,
104320,Matlock-interview.pdf,Matlock-interview,application/pdf,0,,,2024,,0,0,leave,report,1,,
104322,Matlock-interview.pdf,Matlock-interview,application/pdf,0,,,2024,,0,0,leave,report,1,,
104323,Matlock-interview.pdf,Matlock-interview,application/pdf,0,,,2024,,0,0,leave,report,1,,
104324,Matlock-interview.pdf,Matlock-interview,application/pdf,0,,,2024,,0,0,leave,report,1,,
104325,Matlock-interview.pdf,Matlock-interview,application/pdf,0,,,2024,,0,0,leave,report,1,,
104326,Matlock-interview.pdf,Matlock-interview,application/pdf,0,,,2024,,0,0,leave,report,1,,
104459,20240809-un-call.pdf,"20240809 un call",application/pdf,0,,,2024,,0,0,leave,report,1,,
104460,20240809-un-call.pdf,"20240809 un call",application/pdf,0,,,2024,,0,0,leave,report,1,,
104461,20240809-un-call.pdf,"20240809 un call",application/pdf,0,,,2024,,0,0,leave,report,1,,
104462,20240809-un-call.pdf,"20240809 un call",application/pdf,0,,,2024,,0,0,leave,report,1,,
104463,20240809-un-call.pdf,"20240809 un call",application/pdf,0,,,2024,,0,0,leave,report,1,,
104464,20240809-un-call.pdf,"20240809 un call",application/pdf,0,,,2024,,0,0,leave,report,1,,
104465,20240809-un-call.pdf,"20240809 un call",application/pdf,0,,,2024,,0,0,leave,report,1,,
104466,20240809-un-call.pdf,"20240809 un call",application/pdf,0,,,2024,,0,0,leave,report,1,,
104467,20240809-un-call.pdf,"20240809 un call",application/pdf,0,,,2024,,0,0,leave,report,1,,
104468,20240809-un-call.pdf,"20240809 un call",application/pdf,0,,,2024,,0,0,leave,report,1,,
104719,SI_FB_Oktober_03102024.pdf,SI_FB_Oktober_03102024,application/pdf,0,,,2024,,0,0,leave,report,1,,
104720,SI_FB_Oktober_03102024.pdf,SI_FB_Oktober_03102024,application/pdf,0,,,2024,,0,0,leave,report,1,,
104721,SI_FB_Oktober_03102024.pdf,SI_FB_Oktober_03102024,application/pdf,0,,,2024,,0,0,leave,report,1,,
104722,SI_FB_Oktober_03102024.pdf,SI_FB_Oktober_03102024,application/pdf,0,,,2024,,0,0,leave,report,1,,
104723,SI_FB_Oktober_03102024.pdf,SI_FB_Oktober_03102024,application/pdf,0,,,2024,,0,0,leave,report,1,,
104724,SI_FB_Oktober_03102024.pdf,SI_FB_Oktober_03102024,application/pdf,0,,,2024,,0,0,leave,report,1,,
104725,SI_FB_Oktober_03102024.pdf,SI_FB_Oktober_03102024,application/pdf,0,,,2024,,0,0,leave,report,1,,
104726,SI_FB_Oktober_03102024.pdf,SI_FB_Oktober_03102024,application/pdf,0,,,2024,,0,0,leave,report,1,,
104727,SI_FB_Oktober_03102024.pdf,SI_FB_Oktober_03102024,application/pdf,0,,,2024,,0,0,leave,report,1,,
104728,SI_FB_Oktober_03102024.pdf,SI_FB_Oktober_03102024,application/pdf,0,,,2024,,0,0,leave,report,1,,
104776,SI_FB_Oktober_03102024_V2.pdf,SI_FB_Oktober_03102024_V2,application/pdf,0,,,2024,,0,0,leave,report,1,,
104777,SI_FB_Oktober_03102024_V2.pdf,SI_FB_Oktober_03102024_V2,application/pdf,0,,,2024,,0,0,leave,report,1,,
104778,SI_FB_Oktober_03102024_V2.pdf,SI_FB_Oktober_03102024_V2,application/pdf,0,,,2024,,0,0,leave,report,1,,
104779,SI_FB_Oktober_03102024_V2.pdf,SI_FB_Oktober_03102024_V2,application/pdf,0,,,2024,,0,0,leave,report,1,,
104780,SI_FB_Oktober_03102024_V2.pdf,SI_FB_Oktober_03102024_V2,application/pdf,0,,,2024,,0,0,leave,report,1,,
104781,SI_FB_Oktober_03102024_V2.pdf,SI_FB_Oktober_03102024_V2,application/pdf,0,,,2024,,0,0,leave,report,1,,
104782,SI_FB_Oktober_03102024_V2.pdf,SI_FB_Oktober_03102024_V2,application/pdf,0,,,2024,,0,0,leave,report,1,,
104783,SI_FB_Oktober_03102024_V2.pdf,SI_FB_Oktober_03102024_V2,application/pdf,0,,,2024,,0,0,leave,report,1,,
104784,SI_FB_Oktober_03102024_V2.pdf,SI_FB_Oktober_03102024_V2,application/pdf,0,,,2024,,0,0,leave,report,1,,
104785,SI_FB_Oktober_03102024_V2.pdf,SI_FB_Oktober_03102024_V2,application/pdf,0,,,2024,,0,0,leave,report,1,,
105840,Leonore-Winter-2024-1.pdf,"Leonore Winter 2024",application/pdf,0,,,2024,,0,0,leave,report,1,,
105841,Leonore-Winter-2024-1.pdf,"Leonore Winter 2024",application/pdf,0,,,2024,,0,0,leave,report,1,,
105842,Leonore-Winter-2024-1.pdf,"Leonore Winter 2024",application/pdf,0,,,2024,,0,0,leave,report,1,,
105843,Leonore-Winter-2024-1.pdf,"Leonore Winter 2024",application/pdf,0,,,2024,,0,0,leave,report,1,,
105844,Leonore-Winter-2024-1.pdf,"Leonore Winter 2024",application/pdf,0,,,2024,,0,0,leave,report,1,,
105845,Leonore-Winter-2024-1.pdf,"Leonore Winter 2024",application/pdf,0,,,2024,,0,0,leave,report,1,,
105846,Leonore-Winter-2024-1.pdf,"Leonore Winter 2024",application/pdf,0,,,2024,,0,0,leave,report,1,,
105847,Leonore-Winter-2024-1.pdf,"Leonore Winter 2024",application/pdf,0,,,2024,,0,0,leave,report,1,,
105848,Leonore-Winter-2024-1.pdf,"Leonore Winter 2024",application/pdf,0,,,2024,,0,0,leave,report,1,,
107031,20250215-ipc-press-release.pdf,"20250215 ipc press release",application/pdf,0,,,2025,,0,0,leave,report,1,,
107032,20250215-ipc-press-release.pdf,"20250215 ipc press release",application/pdf,0,,,2025,,0,0,leave,report,1,,
107033,20250215-ipc-press-release.pdf,"20250215 ipc press release",application/pdf,0,,,2025,,0,0,leave,report,1,,
107035,20250215-ipc-press-release.pdf,"20250215 ipc press release",application/pdf,0,,,2025,,0,0,leave,report,1,,
107036,20250215-ipc-press-release.pdf,"20250215 ipc press release",application/pdf,0,,,2025,,0,0,leave,report,1,,
107037,20250215-ipc-press-release.pdf,"20250215 ipc press release",application/pdf,0,,,2025,,0,0,leave,report,1,,
107038,20250215-ipc-press-release.pdf,"20250215 ipc press release",application/pdf,0,,,2025,,0,0,leave,report,1,,
107039,20250215-ipc-press-release.pdf,"20250215 ipc press release",application/pdf,0,,,2025,,0,0,leave,report,1,,
107294,20250524-conference-invitation.pdf,"20250524 conference invitation",application/pdf,0,,,2025,,0,0,leave,report,1,,
107295,20250524-conference-invitation.pdf,"20250524 conference invitation",application/pdf,0,,,2025,,0,0,leave,report,1,,
107296,20250524-conference-invitation.pdf,"20250524 conference invitation",application/pdf,0,,,2025,,0,0,leave,report,1,,
107298,20250524-conference-invitation.pdf,"20250524 conference invitation",application/pdf,0,,,2025,,0,0,leave,report,1,,
107299,20250524-conference-invitation.pdf,"20250524 conference invitation",application/pdf,0,,,2025,,0,0,leave,report,1,,
107300,20250524-conference-invitation.pdf,"20250524 conference invitation",application/pdf,0,,,2025,,0,0,leave,report,1,,
107301,20250524-conference-invitation.pdf,"20250524 conference invitation",application/pdf,0,,,2025,,0,0,leave,report,1,,
107302,20250524-conference-invitation.pdf,"20250524 conference invitation",application/pdf,0,,,2025,,0,0,leave,report,1,,
107306,20250524-conference-invitation-1.pdf,"20250524 conference invitation",application/pdf,0,,,2025,,0,0,leave,report,1,,
107307,20250524-conference-invitation-1.pdf,"20250524 conference invitation",application/pdf,0,,,2025,,0,0,leave,report,1,,
107308,20250524-conference-invitation-1.pdf,"20250524 conference invitation",application/pdf,0,,,2025,,0,0,leave,report,1,,
107310,20250524-conference-invitation-1.pdf,"20250524 conference invitation",application/pdf,0,,,2025,,0,0,leave,report,1,,
107311,20250524-conference-invitation-1.pdf,"20250524 conference invitation",application/pdf,0,,,2025,,0,0,leave,report,1,,
107312,20250524-conference-invitation-1.pdf,"20250524 conference invitation",application/pdf,0,,,2025,,0,0,leave,report,1,,
107313,20250524-conference-invitation-1.pdf,"20250524 conference invitation",application/pdf,0,,,2025,,0,0,leave,report,1,,
107314,20250524-conference-invitation-1.pdf,"20250524 conference invitation",application/pdf,0,,,2025,,0,0,leave,report,1,,
107604,Aufruf_Sicherheitsarchitektur_2025.pdf,Aufruf_Sicherheitsarchitektur_2025,application/pdf,0,,,2025,,0,0,leave,report,1,,
107605,Aufruf_Sicherheitsarchitektur_2025.pdf,Aufruf_Sicherheitsarchitektur_2025,application/pdf,0,,,2025,,0,0,leave,report,1,,
107606,Aufruf_Sicherheitsarchitektur_2025.pdf,Aufruf_Sicherheitsarchitektur_2025,application/pdf,0,,,2025,,0,0,leave,report,1,,
107607,Aufruf_Sicherheitsarchitektur_2025.pdf,Aufruf_Sicherheitsarchitektur_2025,application/pdf,0,,,2025,,0,0,leave,report,1,,
107609,Aufruf_Sicherheitsarchitektur_2025.pdf,Aufruf_Sicherheitsarchitektur_2025,application/pdf,0,,,2025,,0,0,leave,report,1,,
107610,Aufruf_Sicherheitsarchitektur_2025.pdf,Aufruf_Sicherheitsarchitektur_2025,application/pdf,0,,,2025,,0,0,leave,report,1,,
107611,Aufruf_Sicherheitsarchitektur_2025.pdf,Aufruf_Sicherheitsarchitektur_2025,application/pdf,0,,,2025,,0,0,leave,report,1,,
107612,Aufruf_Sicherheitsarchitektur_2025.pdf,Aufruf_Sicherheitsarchitektur_2025,application/pdf,0,,,2025,,0,0,leave,report,1,,
107613,Aufruf_Sicherheitsarchitektur_2025.pdf,Aufruf_Sicherheitsarchitektur_2025,application/pdf,0,,,2025,,0,0,leave,report,1,,
108740,20250411-lar-has-solution.pdf,"20250411 lar has solution",application/pdf,0,,,2025,,0,0,leave,report,1,,
108741,20250411-lar-has-solution.pdf,"20250411 lar has solution",application/pdf,0,,,2025,,0,0,leave,report,1,,
108742,20250411-lar-has-solution.pdf,"20250411 lar has solution",application/pdf,0,,,2025,,0,0,leave,report,1,,
108743,20250411-lar-has-solution.pdf,"20250411 lar has solution",application/pdf,0,,,2025,,0,0,leave,report,1,,
108744,20250411-lar-has-solution.pdf,"20250411 lar has solution",application/pdf,0,,,2025,,0,0,leave,report,1,,
108745,20250411-lar-has-solution.pdf,"20250411 lar has solution",application/pdf,0,,,2025,,0,0,leave,report,1,,
108746,20250411-lar-has-solution.pdf,"20250411 lar has solution",application/pdf,0,,,2025,,0,0,leave,report,1,,
108747,20250411-lar-has-solution.pdf,"20250411 lar has solution",application/pdf,0,,,2025,,0,0,leave,report,1,,
108748,20250411-lar-has-solution.pdf,"20250411 lar has solution",application/pdf,0,,,2025,,0,0,leave,report,1,,
108749,20250411-lar-has-solution.pdf,"20250411 lar has solution",application/pdf,0,,,2025,,0,0,leave,report,1,,
108826,20250411-lar-has-solution-1.pdf,"20250411 lar has solution",application/pdf,0,,,2025,,0,0,leave,report,1,,
108827,20250411-lar-has-solution-1.pdf,"20250411 lar has solution",application/pdf,0,,,2025,,0,0,leave,report,1,,
108828,20250411-lar-has-solution-1.pdf,"20250411 lar has solution",application/pdf,0,,,2025,,0,0,leave,report,1,,
108830,20250411-lar-has-solution-1.pdf,"20250411 lar has solution",application/pdf,0,,,2025,,0,0,leave,report,1,,
108831,20250411-lar-has-solution-1.pdf,"20250411 lar has solution",application/pdf,0,,,2025,,0,0,leave,report,1,,
108832,20250411-lar-has-solution-1.pdf,"20250411 lar has solution",application/pdf,0,,,2025,,0,0,leave,report,1,,
108833,20250411-lar-has-solution-1.pdf,"20250411 lar has solution",application/pdf,0,,,2025,,0,0,leave,report,1,,
108834,20250411-lar-has-solution-1.pdf,"20250411 lar has solution",application/pdf,0,,,2025,,0,0,leave,report,1,,
108854,20250411-lar-has-solution-2.pdf,"20250411 lar has solution",application/pdf,0,,,2025,,0,0,leave,report,1,,
108855,20250411-lar-has-solution-2.pdf,"20250411 lar has solution",application/pdf,0,,,2025,,0,0,leave,report,1,,
108856,20250411-lar-has-solution-2.pdf,"20250411 lar has solution",application/pdf,0,,,2025,,0,0,leave,report,1,,
108858,20250411-lar-has-solution-2.pdf,"20250411 lar has solution",application/pdf,0,,,2025,,0,0,leave,report,1,,
108859,20250411-lar-has-solution-2.pdf,"20250411 lar has solution",application/pdf,0,,,2025,,0,0,leave,report,1,,
108860,20250411-lar-has-solution-2.pdf,"20250411 lar has solution",application/pdf,0,,,2025,,0,0,leave,report,1,,
108861,20250411-lar-has-solution-2.pdf,"20250411 lar has solution",application/pdf,0,,,2025,,0,0,leave,report,1,,
108862,20250411-lar-has-solution-2.pdf,"20250411 lar has solution",application/pdf,0,,,2025,,0,0,leave,report,1,,
110034,Leonore-Spring-2025-web-preview.pdf,"Leonore Spring 2025 web preview",application/pdf,0,,,2025,,0,0,leave,report,1,,
110035,Leonore-Spring-2025-web-preview.pdf,"Leonore Spring 2025 web preview",application/pdf,0,,,2025,,0,0,leave,report,1,,
110036,Leonore-Spring-2025-web-preview.pdf,"Leonore Spring 2025 web preview",application/pdf,0,,,2025,,0,0,leave,report,1,,
110037,Leonore-Spring-2025-web-preview.pdf,"Leonore Spring 2025 web preview",application/pdf,0,,,2025,,0,0,leave,report,1,,
110038,Leonore-Spring-2025-web-preview.pdf,"Leonore Spring 2025 web preview",application/pdf,0,,,2025,,0,0,leave,report,1,,
110039,Leonore-Spring-2025-web-preview.pdf,"Leonore Spring 2025 web preview",application/pdf,0,,,2025,,0,0,leave,report,1,,
110040,Leonore-Spring-2025-web-preview.pdf,"Leonore Spring 2025 web preview",application/pdf,0,,,2025,,0,0,leave,report,1,,
110041,Leonore-Spring-2025-web-preview.pdf,"Leonore Spring 2025 web preview",application/pdf,0,,,2025,,0,0,leave,report,1,,
110042,Leonore-Spring-2025-web-preview.pdf,"Leonore Spring 2025 web preview",application/pdf,0,,,2025,,0,0,leave,report,1,,
110043,Leonore-Spring-2025-web-preview.pdf,"Leonore Spring 2025 web preview",application/pdf,0,,,2025,,0,0,leave,report,1,,
110080,EInladung-und-Anmeldung-SI-Konferenz-Juli-2025-1.pdf,"EInladung und Anmeldung SI Konferenz Juli 2025 (1)",application/pdf,0,,,2025,,0,0,leave,report,1,,
110081,EInladung-und-Anmeldung-SI-Konferenz-Juli-2025-1.pdf,"EInladung und Anmeldung SI Konferenz Juli 2025 (1)",application/pdf,0,,,2025,,0,0,leave,report,1,,
110082,EInladung-und-Anmeldung-SI-Konferenz-Juli-2025-1.pdf,"EInladung und Anmeldung SI Konferenz Juli 2025 (1)",application/pdf,0,,,2025,,0,0,leave,report,1,,
110083,EInladung-und-Anmeldung-SI-Konferenz-Juli-2025-1.pdf,"EInladung und Anmeldung SI Konferenz Juli 2025 (1)",application/pdf,0,,,2025,,0,0,leave,report,1,,
110084,EInladung-und-Anmeldung-SI-Konferenz-Juli-2025-1.pdf,"EInladung und Anmeldung SI Konferenz Juli 2025 (1)",application/pdf,0,,,2025,,0,0,leave,report,1,,
110085,EInladung-und-Anmeldung-SI-Konferenz-Juli-2025-1.pdf,"EInladung und Anmeldung SI Konferenz Juli 2025 (1)",application/pdf,0,,,2025,,0,0,leave,report,1,,
110086,EInladung-und-Anmeldung-SI-Konferenz-Juli-2025-1.pdf,"EInladung und Anmeldung SI Konferenz Juli 2025 (1)",application/pdf,0,,,2025,,0,0,leave,report,1,,
110087,EInladung-und-Anmeldung-SI-Konferenz-Juli-2025-1.pdf,"EInladung und Anmeldung SI Konferenz Juli 2025 (1)",application/pdf,0,,,2025,,0,0,leave,report,1,,
110088,EInladung-und-Anmeldung-SI-Konferenz-Juli-2025-1.pdf,"EInladung und Anmeldung SI Konferenz Juli 2025 (1)",application/pdf,0,,,2025,,0,0,leave,report,1,,
110089,EInladung-und-Anmeldung-SI-Konferenz-Juli-2025-1.pdf,"EInladung und Anmeldung SI Konferenz Juli 2025 (1)",application/pdf,0,,,2025,,0,0,leave,report,1,,
110276,20250613-statement.pdf,"20250613 statement",application/pdf,0,,,2025,,0,0,leave,report,1,,
110278,20250613-statement.pdf,"20250613 statement",application/pdf,0,,,2025,,0,0,leave,report,1,,
110280,20250613-statement.pdf,"20250613 statement",application/pdf,0,,,2025,,0,0,leave,report,1,,
110281,20250613-statement.pdf,"20250613 statement",application/pdf,0,,,2025,,0,0,leave,report,1,,
110282,20250613-statement.pdf,"20250613 statement",application/pdf,0,,,2025,,0,0,leave,report,1,,
110283,20250613-statement.pdf,"20250613 statement",application/pdf,0,,,2025,,0,0,leave,report,1,,
110284,20250613-statement.pdf,"20250613 statement",application/pdf,0,,,2025,,0,0,leave,report,1,,
110297,20250614-statement-final.pdf,"20250614 statement final",application/pdf,0,,,2025,,0,0,leave,report,1,,
110299,20250614-statement-final.pdf,"20250614 statement final",application/pdf,0,,,2025,,0,0,leave,report,1,,
110301,20250614-statement-final.pdf,"20250614 statement final",application/pdf,0,,,2025,,0,0,leave,report,1,,
110302,20250614-statement-final.pdf,"20250614 statement final",application/pdf,0,,,2025,,0,0,leave,report,1,,
110303,20250614-statement-final.pdf,"20250614 statement final",application/pdf,0,,,2025,,0,0,leave,report,1,,
110304,20250614-statement-final.pdf,"20250614 statement final",application/pdf,0,,,2025,,0,0,leave,report,1,,
110305,20250614-statement-final.pdf,"20250614 statement final",application/pdf,0,,,2025,,0,0,leave,report,1,,
110308,20250613-statement-final.pdf,"20250613 statement final",application/pdf,0,,,2025,,0,0,leave,report,1,,
110310,20250613-statement-final.pdf,"20250613 statement final",application/pdf,0,,,2025,,0,0,leave,report,1,,
110312,20250613-statement-final.pdf,"20250613 statement final",application/pdf,0,,,2025,,0,0,leave,report,1,,
110313,20250613-statement-final.pdf,"20250613 statement final",application/pdf,0,,,2025,,0,0,leave,report,1,,
110314,20250613-statement-final.pdf,"20250613 statement final",application/pdf,0,,,2025,,0,0,leave,report,1,,
110315,20250613-statement-final.pdf,"20250613 statement final",application/pdf,0,,,2025,,0,0,leave,report,1,,
110316,20250613-statement-final.pdf,"20250613 statement final",application/pdf,0,,,2025,,0,0,leave,report,1,,
110567,20250622-schiller-statement.pdf,"20250622 schiller statement",application/pdf,0,,,2025,,0,0,leave,report,1,,
110568,20250622-schiller-statement.pdf,"20250622 schiller statement",application/pdf,0,,,2025,,0,0,leave,report,1,,
110569,20250622-schiller-statement.pdf,"20250622 schiller statement",application/pdf,0,,,2025,,0,0,leave,report,1,,
110571,20250622-schiller-statement.pdf,"20250622 schiller statement",application/pdf,0,,,2025,,0,0,leave,report,1,,
110572,20250622-schiller-statement.pdf,"20250622 schiller statement",application/pdf,0,,,2025,,0,0,leave,report,1,,
110573,20250622-schiller-statement.pdf,"20250622 schiller statement",application/pdf,0,,,2025,,0,0,leave,report,1,,
110574,20250622-schiller-statement.pdf,"20250622 schiller statement",application/pdf,0,,,2025,,0,0,leave,report,1,,
110575,20250622-schiller-statement.pdf,"20250622 schiller statement",application/pdf,0,,,2025,,0,0,leave,report,1,,
110579,20250622-schiller-statement-1.pdf,"20250622 schiller statement",application/pdf,0,,,2025,,0,0,leave,report,1,,
110580,20250622-schiller-statement-1.pdf,"20250622 schiller statement",application/pdf,0,,,2025,,0,0,leave,report,1,,
110581,20250622-schiller-statement-1.pdf,"20250622 schiller statement",application/pdf,0,,,2025,,0,0,leave,report,1,,
110583,20250622-schiller-statement-1.pdf,"20250622 schiller statement",application/pdf,0,,,2025,,0,0,leave,report,1,,
110584,20250622-schiller-statement-1.pdf,"20250622 schiller statement",application/pdf,0,,,2025,,0,0,leave,report,1,,
110585,20250622-schiller-statement-1.pdf,"20250622 schiller statement",application/pdf,0,,,2025,,0,0,leave,report,1,,
110586,20250622-schiller-statement-1.pdf,"20250622 schiller statement",application/pdf,0,,,2025,,0,0,leave,report,1,,
110587,20250622-schiller-statement-1.pdf,"20250622 schiller statement",application/pdf,0,,,2025,,0,0,leave,report,1,,
110590,20250622-schiller-statement-2.pdf,"20250622 schiller statement 2",application/pdf,0,,,2025,,0,0,leave,report,1,,
110591,20250622-schiller-statement-2.pdf,"20250622 schiller statement 2",application/pdf,0,,,2025,,0,0,leave,report,1,,
110592,20250622-schiller-statement-2.pdf,"20250622 schiller statement 2",application/pdf,0,,,2025,,0,0,leave,report,1,,
110594,20250622-schiller-statement-2.pdf,"20250622 schiller statement 2",application/pdf,0,,,2025,,0,0,leave,report,1,,
110595,20250622-schiller-statement-2.pdf,"20250622 schiller statement 2",application/pdf,0,,,2025,,0,0,leave,report,1,,
110596,20250622-schiller-statement-2.pdf,"20250622 schiller statement 2",application/pdf,0,,,2025,,0,0,leave,report,1,,
110597,20250622-schiller-statement-2.pdf,"20250622 schiller statement 2",application/pdf,0,,,2025,,0,0,leave,report,1,,
110598,20250622-schiller-statement-2.pdf,"20250622 schiller statement 2",application/pdf,0,,,2025,,0,0,leave,report,1,,
110603,SI_Nukleares_Feuerwerk_2025_QR.pdf,SI_Nukleares_Feuerwerk_2025_QR,application/pdf,0,,,2025,,0,0,leave,report,1,,
110604,SI_Nukleares_Feuerwerk_2025_QR.pdf,SI_Nukleares_Feuerwerk_2025_QR,application/pdf,0,,,2025,,0,0,leave,report,1,,
110605,SI_Nukleares_Feuerwerk_2025_QR.pdf,SI_Nukleares_Feuerwerk_2025_QR,application/pdf,0,,,2025,,0,0,leave,report,1,,
110606,SI_Nukleares_Feuerwerk_2025_QR.pdf,SI_Nukleares_Feuerwerk_2025_QR,application/pdf,0,,,2025,,0,0,leave,report,1,,
110607,SI_Nukleares_Feuerwerk_2025_QR.pdf,SI_Nukleares_Feuerwerk_2025_QR,application/pdf,0,,,2025,,0,0,leave,report,1,,
110608,SI_Nukleares_Feuerwerk_2025_QR.pdf,SI_Nukleares_Feuerwerk_2025_QR,application/pdf,0,,,2025,,0,0,leave,report,1,,
110609,SI_Nukleares_Feuerwerk_2025_QR.pdf,SI_Nukleares_Feuerwerk_2025_QR,application/pdf,0,,,2025,,0,0,leave,report,1,,
110610,SI_Nukleares_Feuerwerk_2025_QR.pdf,SI_Nukleares_Feuerwerk_2025_QR,application/pdf,0,,,2025,,0,0,leave,report,1,,
110611,SI_Nukleares_Feuerwerk_2025_QR.pdf,SI_Nukleares_Feuerwerk_2025_QR,application/pdf,0,,,2025,,0,0,leave,report,1,,
110612,SI_Nukleares_Feuerwerk_2025_QR.pdf,SI_Nukleares_Feuerwerk_2025_QR,application/pdf,0,,,2025,,0,0,leave,report,1,,
111490,10-bering-strait-project-merged_Redacted-cropped.pdf,"10-bering strait project merged_Redacted-cropped",application/pdf,0,,,2025,,0,0,leave,report,1,,
111491,10-bering-strait-project-merged_Redacted-cropped.pdf,"10-bering strait project merged_Redacted-cropped",application/pdf,0,,,2025,,0,0,leave,report,1,,
111492,10-bering-strait-project-merged_Redacted-cropped.pdf,"10-bering strait project merged_Redacted-cropped",application/pdf,0,,,2025,,0,0,leave,report,1,,
111493,10-bering-strait-project-merged_Redacted-cropped.pdf,"10-bering strait project merged_Redacted-cropped",application/pdf,0,,,2025,,0,0,leave,report,1,,
111494,10-bering-strait-project-merged_Redacted-cropped.pdf,"10-bering strait project merged_Redacted-cropped",application/pdf,0,,,2025,,0,0,leave,report,1,,
111495,10-bering-strait-project-merged_Redacted-cropped.pdf,"10-bering strait project merged_Redacted-cropped",application/pdf,0,,,2025,,0,0,leave,report,1,,
111496,10-bering-strait-project-merged_Redacted-cropped.pdf,"10-bering strait project merged_Redacted-cropped",application/pdf,0,,,2025,,0,0,leave,report,1,,
111497,10-bering-strait-project-merged_Redacted-cropped.pdf,"10-bering strait project merged_Redacted-cropped",application/pdf,0,,,2025,,0,0,leave,report,1,,
111498,10-bering-strait-project-merged_Redacted-cropped.pdf,"10-bering strait project merged_Redacted-cropped",application/pdf,0,,,2025,,0,0,leave,report,1,,
111499,10-bering-strait-project-merged_Redacted-cropped.pdf,"10-bering strait project merged_Redacted-cropped",application/pdf,0,,,2025,,0,0,leave,report,1,,
111683,10b-bering-strait-project-merged_Redacted2.pdf,"10b-bering strait project merged_Redacted2",application/pdf,0,,,2025,,0,0,leave,report,1,,
111684,10b-bering-strait-project-merged_Redacted2.pdf,"10b-bering strait project merged_Redacted2",application/pdf,0,,,2025,,0,0,leave,report,1,,
111685,10b-bering-strait-project-merged_Redacted2.pdf,"10b-bering strait project merged_Redacted2",application/pdf,0,,,2025,,0,0,leave,report,1,,
111686,10b-bering-strait-project-merged_Redacted2.pdf,"10b-bering strait project merged_Redacted2",application/pdf,0,,,2025,,0,0,leave,report,1,,
111687,10b-bering-strait-project-merged_Redacted2.pdf,"10b-bering strait project merged_Redacted2",application/pdf,0,,,2025,,0,0,leave,report,1,,
111688,10b-bering-strait-project-merged_Redacted2.pdf,"10b-bering strait project merged_Redacted2",application/pdf,0,,,2025,,0,0,leave,report,1,,
111689,10b-bering-strait-project-merged_Redacted2.pdf,"10b-bering strait project merged_Redacted2",application/pdf,0,,,2025,,0,0,leave,report,1,,
111690,10b-bering-strait-project-merged_Redacted2.pdf,"10b-bering strait project merged_Redacted2",application/pdf,0,,,2025,,0,0,leave,report,1,,
111691,10b-bering-strait-project-merged_Redacted2.pdf,"10b-bering strait project merged_Redacted2",application/pdf,0,,,2025,,0,0,leave,report,1,,
111692,10b-bering-strait-project-merged_Redacted2.pdf,"10b-bering strait project merged_Redacted2",application/pdf,0,,,2025,,0,0,leave,report,1,,
112053,20250908-nations-of-the-west.pdf,"20250908 nations of the west",application/pdf,0,,,2025,,0,0,leave,report,1,,
112054,20250908-nations-of-the-west.pdf,"20250908 nations of the west",application/pdf,0,,,2025,,0,0,leave,report,1,,
112055,20250908-nations-of-the-west.pdf,"20250908 nations of the west",application/pdf,0,,,2025,,0,0,leave,report,1,,
112056,20250908-nations-of-the-west.pdf,"20250908 nations of the west",application/pdf,0,,,2025,,0,0,leave,report,1,,
112057,20250908-nations-of-the-west.pdf,"20250908 nations of the west",application/pdf,0,,,2025,,0,0,leave,report,1,,
112058,20250908-nations-of-the-west.pdf,"20250908 nations of the west",application/pdf,0,,,2025,,0,0,leave,report,1,,
112059,20250908-nations-of-the-west.pdf,"20250908 nations of the west",application/pdf,0,,,2025,,0,0,leave,report,1,,
112060,20250908-nations-of-the-west.pdf,"20250908 nations of the west",application/pdf,0,,,2025,,0,0,leave,report,1,,
112061,20250908-nations-of-the-west.pdf,"20250908 nations of the west",application/pdf,0,,,2025,,0,0,leave,report,1,,
112062,20250908-nations-of-the-west.pdf,"20250908 nations of the west",application/pdf,0,,,2025,,0,0,leave,report,1,,
112123,20250908-uniting-for-peace-update-2.pdf,"20250908 uniting for peace update 2",application/pdf,0,,,2025,,0,0,leave,report,1,,
112124,20250908-uniting-for-peace-update-2.pdf,"20250908 uniting for peace update 2",application/pdf,0,,,2025,,0,0,leave,report,1,,
112125,20250908-uniting-for-peace-update-2.pdf,"20250908 uniting for peace update 2",application/pdf,0,,,2025,,0,0,leave,report,1,,
112126,20250908-uniting-for-peace-update-2.pdf,"20250908 uniting for peace update 2",application/pdf,0,,,2025,,0,0,leave,report,1,,
112127,20250908-uniting-for-peace-update-2.pdf,"20250908 uniting for peace update 2",application/pdf,0,,,2025,,0,0,leave,report,1,,
112128,20250908-uniting-for-peace-update-2.pdf,"20250908 uniting for peace update 2",application/pdf,0,,,2025,,0,0,leave,report,1,,
112129,20250908-uniting-for-peace-update-2.pdf,"20250908 uniting for peace update 2",application/pdf,0,,,2025,,0,0,leave,report,1,,
112130,20250908-uniting-for-peace-update-2.pdf,"20250908 uniting for peace update 2",application/pdf,0,,,2025,,0,0,leave,report,1,,
112131,20250908-uniting-for-peace-update-2.pdf,"20250908 uniting for peace update 2",application/pdf,0,,,2025,,0,0,leave,report,1,,
112132,20250908-uniting-for-peace-update-2.pdf,"20250908 uniting for peace update 2",application/pdf,0,,,2025,,0,0,leave,report,1,,
112148,20250906-nations-of-the-west-uniting-for-peace-update.pdf,"20250906 nations of the west uniting for peace update",application/pdf,0,,,2025,,0,0,leave,report,1,,
112149,20250906-nations-of-the-west-uniting-for-peace-update.pdf,"20250906 nations of the west uniting for peace update",application/pdf,0,,,2025,,0,0,leave,report,1,,
112150,20250906-nations-of-the-west-uniting-for-peace-update.pdf,"20250906 nations of the west uniting for peace update",application/pdf,0,,,2025,,0,0,leave,report,1,,
112151,20250906-nations-of-the-west-uniting-for-peace-update.pdf,"20250906 nations of the west uniting for peace update",application/pdf,0,,,2025,,0,0,leave,report,1,,
112152,20250906-nations-of-the-west-uniting-for-peace-update.pdf,"20250906 nations of the west uniting for peace update",application/pdf,0,,,2025,,0,0,leave,report,1,,
112153,20250906-nations-of-the-west-uniting-for-peace-update.pdf,"20250906 nations of the west uniting for peace update",application/pdf,0,,,2025,,0,0,leave,report,1,,
112154,20250906-nations-of-the-west-uniting-for-peace-update.pdf,"20250906 nations of the west uniting for peace update",application/pdf,0,,,2025,,0,0,leave,report,1,,
112155,20250906-nations-of-the-west-uniting-for-peace-update.pdf,"20250906 nations of the west uniting for peace update",application/pdf,0,,,2025,,0,0,leave,report,1,,
112156,20250906-nations-of-the-west-uniting-for-peace-update.pdf,"20250906 nations of the west uniting for peace update",application/pdf,0,,,2025,,0,0,leave,report,1,,
112157,20250906-nations-of-the-west-uniting-for-peace-update.pdf,"20250906 nations of the west uniting for peace update",application/pdf,0,,,2025,,0,0,leave,report,1,,
112713,Leonore-Summer-2025_PREVIEW.pdf,"Leonore Summer-Fall 2025 Preview",application/pdf,0,,,2025,,0,0,leave,report,1,,
112714,Leonore-Summer-2025_PREVIEW.pdf,"Leonore Summer 2025_PREVIEW",application/pdf,0,,,2025,,0,0,leave,report,1,,
112715,Leonore-Summer-2025_PREVIEW.pdf,"Leonore Summer 2025_PREVIEW",application/pdf,0,,,2025,,0,0,leave,report,1,,
112716,Leonore-Summer-2025_PREVIEW.pdf,"Leonore Summer 2025_PREVIEW",application/pdf,0,,,2025,,0,0,leave,report,1,,
112717,Leonore-Summer-2025_PREVIEW.pdf,"Leonore Summer 2025_PREVIEW",application/pdf,0,,,2025,,0,0,leave,report,1,,
112718,Leonore-Summer-2025_PREVIEW.pdf,"Leonore Summer 2025_PREVIEW",application/pdf,0,,,2025,,0,0,leave,report,1,,
112719,Leonore-Summer-2025_PREVIEW.pdf,"Leonore Summer 2025_PREVIEW",application/pdf,0,,,2025,,0,0,leave,report,1,,
112720,Leonore-Summer-2025_PREVIEW.pdf,"Leonore Summer 2025_PREVIEW",application/pdf,0,,,2025,,0,0,leave,report,1,,
112721,Leonore-Summer-2025_PREVIEW.pdf,"Leonore Summer 2025_PREVIEW",application/pdf,0,,,2025,,0,0,leave,report,1,,
112722,Leonore-Summer-2025_PREVIEW.pdf,"Leonore Summer 2025_PREVIEW",application/pdf,0,,,2025,,0,0,leave,report,1,,
112765,Leonore-Summer-Fall-2025_FINAL.pdf,"Leonore Summer-Fall 2025_FINAL",application/pdf,0,,,2025,,0,0,leave,report,1,,
112766,Leonore-Summer-Fall-2025_FINAL.pdf,"Leonore Summer-Fall 2025_FINAL",application/pdf,0,,,2025,,0,0,leave,report,1,,
112767,Leonore-Summer-Fall-2025_FINAL.pdf,"Leonore Summer-Fall 2025_FINAL",application/pdf,0,,,2025,,0,0,leave,report,1,,
112768,Leonore-Summer-Fall-2025_FINAL.pdf,"Leonore Summer-Fall 2025_FINAL",application/pdf,0,,,2025,,0,0,leave,report,1,,
112769,Leonore-Summer-Fall-2025_FINAL.pdf,"Leonore Summer-Fall 2025_FINAL",application/pdf,0,,,2025,,0,0,leave,report,1,,
112770,Leonore-Summer-Fall-2025_FINAL.pdf,"Leonore Summer-Fall 2025_FINAL",application/pdf,0,,,2025,,0,0,leave,report,1,,
112771,Leonore-Summer-Fall-2025_FINAL.pdf,"Leonore Summer-Fall 2025_FINAL",application/pdf,0,,,2025,,0,0,leave,report,1,,
112772,Leonore-Summer-Fall-2025_FINAL.pdf,"Leonore Summer-Fall 2025_FINAL",application/pdf,0,,,2025,,0,0,leave,report,1,,
112773,Leonore-Summer-Fall-2025_FINAL.pdf,"Leonore Summer-Fall 2025_FINAL",application/pdf,0,,,2025,,0,0,leave,report,1,,
112775,Leonore-Summer-Fall-2025_FINAL-1.pdf,"Leonore Summer-Fall 2025_FINAL",application/pdf,0,,,2025,,0,0,leave,report,1,,
112776,Leonore-Summer-Fall-2025_FINAL-1.pdf,"Leonore Summer-Fall 2025_FINAL",application/pdf,0,,,2025,,0,0,leave,report,1,,
112777,Leonore-Summer-Fall-2025_FINAL-1.pdf,"Leonore Summer-Fall 2025_FINAL",application/pdf,0,,,2025,,0,0,leave,report,1,,
112778,Leonore-Summer-Fall-2025_FINAL-1.pdf,"Leonore Summer-Fall 2025_FINAL",application/pdf,0,,,2025,,0,0,leave,report,1,,
112779,Leonore-Summer-Fall-2025_FINAL-1.pdf,"Leonore Summer-Fall 2025_FINAL",application/pdf,0,,,2025,,0,0,leave,report,1,,
112780,Leonore-Summer-Fall-2025_FINAL-1.pdf,"Leonore Summer-Fall 2025_FINAL",application/pdf,0,,,2025,,0,0,leave,report,1,,
112781,Leonore-Summer-Fall-2025_FINAL-1.pdf,"Leonore Summer-Fall 2025_FINAL",application/pdf,0,,,2025,,0,0,leave,report,1,,
112782,Leonore-Summer-Fall-2025_FINAL-1.pdf,"Leonore Summer-Fall 2025_FINAL",application/pdf,0,,,2025,,0,0,leave,report,1,,
112783,Leonore-Summer-Fall-2025_FINAL-1.pdf,"Leonore Summer-Fall 2025_FINAL",application/pdf,0,,,2025,,0,0,leave,report,1,,
112888,Replicate-Cusas-Thinking.pdf,"Replicate Cusa's Thinking",application/pdf,0,,,2025,,0,0,leave,report,1,,
112889,Replicate-Cusas-Thinking.pdf,"Replicate Cusa's Thinking",application/pdf,0,,,2025,,0,0,leave,report,1,,
112890,Replicate-Cusas-Thinking.pdf,"Replicate Cusa's Thinking",application/pdf,0,,,2025,,0,0,leave,report,1,,
112891,Replicate-Cusas-Thinking.pdf,"Replicate Cusa's Thinking",application/pdf,0,,,2025,,0,0,leave,report,1,,
112892,Replicate-Cusas-Thinking.pdf,"Replicate Cusa's Thinking",application/pdf,0,,,2025,,0,0,leave,report,1,,
112893,Replicate-Cusas-Thinking.pdf,"Replicate Cusa's Thinking",application/pdf,0,,,2025,,0,0,leave,report,1,,
112894,Replicate-Cusas-Thinking.pdf,"Replicate Cusa's Thinking",application/pdf,0,,,2025,,0,0,leave,report,1,,
112895,Replicate-Cusas-Thinking.pdf,"Replicate Cusa's Thinking",application/pdf,0,,,2025,,0,0,leave,report,1,,
112896,Replicate-Cusas-Thinking.pdf,"Replicate Cusa's Thinking",application/pdf,0,,,2025,,0,0,leave,report,1,,
112897,Replicate-Cusas-Thinking.pdf,"Replicate Cusa's Thinking",application/pdf,0,,,2025,,0,0,leave,report,1,,
112923,Replicate-Cusas-Thinking-revised.pdf,"Replicate Cusa's Thinking - revised",application/pdf,0,,,2025,,0,0,leave,report,1,,
112924,Replicate-Cusas-Thinking-revised.pdf,"Replicate Cusa's Thinking - revised",application/pdf,0,,,2025,,0,0,leave,report,1,,
112925,Replicate-Cusas-Thinking-revised.pdf,"Replicate Cusa's Thinking - revised",application/pdf,0,,,2025,,0,0,leave,report,1,,
112926,Replicate-Cusas-Thinking-revised.pdf,"Replicate Cusa's Thinking - revised",application/pdf,0,,,2025,,0,0,leave,report,1,,
112927,Replicate-Cusas-Thinking-revised.pdf,"Replicate Cusa's Thinking - revised",application/pdf,0,,,2025,,0,0,leave,report,1,,
112928,Replicate-Cusas-Thinking-revised.pdf,"Replicate Cusa's Thinking - revised",application/pdf,0,,,2025,,0,0,leave,report,1,,
112929,Replicate-Cusas-Thinking-revised.pdf,"Replicate Cusa's Thinking - revised",application/pdf,0,,,2025,,0,0,leave,report,1,,
112930,Replicate-Cusas-Thinking-revised.pdf,"Replicate Cusa's Thinking - revised",application/pdf,0,,,2025,,0,0,leave,report,1,,
112931,Replicate-Cusas-Thinking-revised.pdf,"Replicate Cusa's Thinking - revised",application/pdf,0,,,2025,,0,0,leave,report,1,,
112932,Replicate-Cusas-Thinking-revised.pdf,"Replicate Cusa's Thinking - revised",application/pdf,0,,,2025,,0,0,leave,report,1,,
112965,Replicate-Cusas-Thinking-Revised-11-10.pdf,"Replicate Cusa's Thinking Revised 11-10",application/pdf,0,,,2025,,0,0,leave,report,1,,
112966,Replicate-Cusas-Thinking-Revised-11-10.pdf,"Replicate Cusa's Thinking Revised 11-10",application/pdf,0,,,2025,,0,0,leave,report,1,,
112967,Replicate-Cusas-Thinking-Revised-11-10.pdf,"Replicate Cusa's Thinking Revised 11-10",application/pdf,0,,,2025,,0,0,leave,report,1,,
112968,Replicate-Cusas-Thinking-Revised-11-10.pdf,"Replicate Cusa's Thinking Revised 11-10",application/pdf,0,,,2025,,0,0,leave,report,1,,
112969,Replicate-Cusas-Thinking-Revised-11-10.pdf,"Replicate Cusa's Thinking Revised 11-10",application/pdf,0,,,2025,,0,0,leave,report,1,,
112970,Replicate-Cusas-Thinking-Revised-11-10.pdf,"Replicate Cusa's Thinking Revised 11-10",application/pdf,0,,,2025,,0,0,leave,report,1,,
112971,Replicate-Cusas-Thinking-Revised-11-10.pdf,"Replicate Cusa's Thinking Revised 11-10",application/pdf,0,,,2025,,0,0,leave,report,1,,
112972,Replicate-Cusas-Thinking-Revised-11-10.pdf,"Replicate Cusa's Thinking Revised 11-10",application/pdf,0,,,2025,,0,0,leave,report,1,,
112973,Replicate-Cusas-Thinking-Revised-11-10.pdf,"Replicate Cusa's Thinking Revised 11-10",application/pdf,0,,,2025,,0,0,leave,report,1,,
112974,Replicate-Cusas-Thinking-Revised-11-10.pdf,"Replicate Cusa's Thinking Revised 11-10",application/pdf,0,,,2025,,0,0,leave,report,1,,
113153,Cusa2025.pdf,Cusa2025,application/pdf,0,,,2025,,0,0,leave,report,1,,
113154,Cusa2025.pdf,Cusa2025,application/pdf,0,,,2025,,0,0,leave,report,1,,
113155,Cusa2025.pdf,Cusa2025,application/pdf,0,,,2025,,0,0,leave,report,1,,
113156,Cusa2025.pdf,Cusa2025,application/pdf,0,,,2025,,0,0,leave,report,1,,
113157,Cusa2025.pdf,Cusa2025,application/pdf,0,,,2025,,0,0,leave,report,1,,
113158,Cusa2025.pdf,Cusa2025,application/pdf,0,,,2025,,0,0,leave,report,1,,
113159,Cusa2025.pdf,Cusa2025,application/pdf,0,,,2025,,0,0,leave,report,1,,
113160,Cusa2025.pdf,Cusa2025,application/pdf,0,,,2025,,0,0,leave,report,1,,
113161,Cusa2025.pdf,Cusa2025,application/pdf,0,,,2025,,0,0,leave,report,1,,
113162,Cusa2025.pdf,Cusa2025,application/pdf,0,,,2025,,0,0,leave,report,1,,
113683,20251210-withdraw-from-nato.pdf,"20251210 withdraw from nato",application/pdf,0,,,2025,,0,0,leave,report,1,,
113684,20251210-withdraw-from-nato.pdf,"20251210 withdraw from nato",application/pdf,0,,,2025,,0,0,leave,report,1,,
113685,20251210-withdraw-from-nato.pdf,"20251210 withdraw from nato",application/pdf,0,,,2025,,0,0,leave,report,1,,
113687,20251210-withdraw-from-nato.pdf,"20251210 withdraw from nato",application/pdf,0,,,2025,,0,0,leave,report,1,,
113688,20251210-withdraw-from-nato.pdf,"20251210 withdraw from nato",application/pdf,0,,,2025,,0,0,leave,report,1,,
113689,20251210-withdraw-from-nato.pdf,"20251210 withdraw from nato",application/pdf,0,,,2025,,0,0,leave,report,1,,
113690,20251210-withdraw-from-nato.pdf,"20251210 withdraw from nato",application/pdf,0,,,2025,,0,0,leave,report,1,,
113691,20251210-withdraw-from-nato.pdf,"20251210 withdraw from nato",application/pdf,0,,,2025,,0,0,leave,report,1,,
113788,Leonore-Winter-2025.pdf,"Leonore Winter 2025",application/pdf,0,,,2025,,0,0,leave,report,1,,
113789,Leonore-Winter-2025.pdf,"Leonore Winter 2025",application/pdf,0,,,2025,,0,0,leave,report,1,,
113790,Leonore-Winter-2025.pdf,"Leonore Winter 2025",application/pdf,0,,,2025,,0,0,leave,report,1,,
113791,Leonore-Winter-2025.pdf,"Leonore Winter 2025",application/pdf,0,,,2025,,0,0,leave,report,1,,
113792,Leonore-Winter-2025.pdf,"Leonore Winter 2025",application/pdf,0,,,2025,,0,0,leave,report,1,,
113793,Leonore-Winter-2025.pdf,"Leonore Winter 2025",application/pdf,0,,,2025,,0,0,leave,report,1,,
113794,Leonore-Winter-2025.pdf,"Leonore Winter 2025",application/pdf,0,,,2025,,0,0,leave,report,1,,
113795,Leonore-Winter-2025.pdf,"Leonore Winter 2025",application/pdf,0,,,2025,,0,0,leave,report,1,,
113796,Leonore-Winter-2025.pdf,"Leonore Winter 2025",application/pdf,0,,,2025,,0,0,leave,report,1,,
113808,Leonore-Winter-2025-preview.pdf,"Leonore Winter 2025 preview",application/pdf,0,,,2025,,0,0,leave,report,1,,
113809,Leonore-Winter-2025-preview.pdf,"Leonore Winter 2025 preview",application/pdf,0,,,2025,,0,0,leave,report,1,,
113810,Leonore-Winter-2025-preview.pdf,"Leonore Winter 2025 preview",application/pdf,0,,,2025,,0,0,leave,report,1,,
113811,Leonore-Winter-2025-preview.pdf,"Leonore Winter 2025 preview",application/pdf,0,,,2025,,0,0,leave,report,1,,
113812,Leonore-Winter-2025-preview.pdf,"Leonore Winter 2025 preview",application/pdf,0,,,2025,,0,0,leave,report,1,,
113813,Leonore-Winter-2025-preview.pdf,"Leonore Winter 2025 preview",application/pdf,0,,,2025,,0,0,leave,report,1,,
113814,Leonore-Winter-2025-preview.pdf,"Leonore Winter 2025 preview",application/pdf,0,,,2025,,0,0,leave,report,1,,
113815,Leonore-Winter-2025-preview.pdf,"Leonore Winter 2025 preview",application/pdf,0,,,2025,,0,0,leave,report,1,,
113816,Leonore-Winter-2025-preview.pdf,"Leonore Winter 2025 preview",application/pdf,0,,,2025,,0,0,leave,report,1,,
113817,Leonore-Winter-2025-preview.pdf,"Leonore Winter 2025 preview",application/pdf,0,,,2025,,0,0,leave,report,1,,
115518,SI_Off_Brief_an_Papst_Leo_print.pdf,SI_Off_Brief_an_Papst_Leo_print,application/pdf,0,,,2026,,0,0,leave,report,1,,
115519,SI_Off_Brief_an_Papst_Leo_print.pdf,SI_Off_Brief_an_Papst_Leo_print,application/pdf,0,,,2026,,0,0,leave,report,1,,
115520,SI_Off_Brief_an_Papst_Leo_print.pdf,SI_Off_Brief_an_Papst_Leo_print,application/pdf,0,,,2026,,0,0,leave,report,1,,
115521,SI_Off_Brief_an_Papst_Leo_print.pdf,SI_Off_Brief_an_Papst_Leo_print,application/pdf,0,,,2026,,0,0,leave,report,1,,
115522,SI_Off_Brief_an_Papst_Leo_print.pdf,SI_Off_Brief_an_Papst_Leo_print,application/pdf,0,,,2026,,0,0,leave,report,1,,
115523,SI_Off_Brief_an_Papst_Leo_print.pdf,SI_Off_Brief_an_Papst_Leo_print,application/pdf,0,,,2026,,0,0,leave,report,1,,
115524,SI_Off_Brief_an_Papst_Leo_print.pdf,SI_Off_Brief_an_Papst_Leo_print,application/pdf,0,,,2026,,0,0,leave,report,1,,
115525,SI_Off_Brief_an_Papst_Leo_print.pdf,SI_Off_Brief_an_Papst_Leo_print,application/pdf,0,,,2026,,0,0,leave,report,1,,
115526,SI_Off_Brief_an_Papst_Leo_print.pdf,SI_Off_Brief_an_Papst_Leo_print,application/pdf,0,,,2026,,0,0,leave,report,1,,
115527,SI_Off_Brief_an_Papst_Leo_print.pdf,SI_Off_Brief_an_Papst_Leo_print,application/pdf,0,,,2026,,0,0,leave,report,1,,
115691,20260330-call-to-pope-two-sided.pdf,"20260330 call to pope two sided",application/pdf,0,,,2026,,0,0,leave,report,1,,
115692,20260330-call-to-pope-two-sided.pdf,"20260330 call to pope two sided",application/pdf,0,,,2026,,0,0,leave,report,1,,
115693,20260330-call-to-pope-two-sided.pdf,"20260330 call to pope two sided",application/pdf,0,,,2026,,0,0,leave,report,1,,
115695,20260330-call-to-pope-two-sided.pdf,"20260330 call to pope two sided",application/pdf,0,,,2026,,0,0,leave,report,1,,
115696,20260330-call-to-pope-two-sided.pdf,"20260330 call to pope two sided",application/pdf,0,,,2026,,0,0,leave,report,1,,
115697,20260330-call-to-pope-two-sided.pdf,"20260330 call to pope two sided",application/pdf,0,,,2026,,0,0,leave,report,1,,
115698,20260330-call-to-pope-two-sided.pdf,"20260330 call to pope two sided",application/pdf,0,,,2026,,0,0,leave,report,1,,
115699,20260330-call-to-pope-two-sided.pdf,"20260330 call to pope two sided",application/pdf,0,,,2026,,0,0,leave,report,1,,
116002,The-secret-knowledge-of-Friedrich-Schiller.pdf,"The secret knowledge of Friedrich Schiller",application/pdf,0,,,2026,,0,0,leave,report,1,,
116003,The-secret-knowledge-of-Friedrich-Schiller.pdf,"The secret knowledge of Friedrich Schiller",application/pdf,0,,,2026,,0,0,leave,report,1,,
116004,The-secret-knowledge-of-Friedrich-Schiller.pdf,"The secret knowledge of Friedrich Schiller",application/pdf,0,,,2026,,0,0,leave,report,1,,
116005,The-secret-knowledge-of-Friedrich-Schiller.pdf,"The secret knowledge of Friedrich Schiller",application/pdf,0,,,2026,,0,0,leave,report,1,,
116006,The-secret-knowledge-of-Friedrich-Schiller.pdf,"The secret knowledge of Friedrich Schiller",application/pdf,0,,,2026,,0,0,leave,report,1,,
116007,The-secret-knowledge-of-Friedrich-Schiller.pdf,"The secret knowledge of Friedrich Schiller",application/pdf,0,,,2026,,0,0,leave,report,1,,
116008,The-secret-knowledge-of-Friedrich-Schiller.pdf,"The secret knowledge of Friedrich Schiller",application/pdf,0,,,2026,,0,0,leave,report,1,,
116009,The-secret-knowledge-of-Friedrich-Schiller.pdf,"The secret knowledge of Friedrich Schiller",application/pdf,0,,,2026,,0,0,leave,report,1,,
116010,The-secret-knowledge-of-Friedrich-Schiller.pdf,"The secret knowledge of Friedrich Schiller",application/pdf,0,,,2026,,0,0,leave,report,1,,
116011,The-secret-knowledge-of-Friedrich-Schiller.pdf,"The secret knowledge of Friedrich Schiller",application/pdf,0,,,2026,,0,0,leave,report,1,,
116012,Friedrich-Schiller-The-Artists-German-and-English-Translation-by-John-Sigerson.pdf,"Friedrich Schiller The Artists German and English Translation by John Sigerson",application/pdf,0,,,2026,,0,0,leave,report,1,,
116013,Friedrich-Schiller-The-Artists-German-and-English-Translation-by-John-Sigerson.pdf,"Friedrich Schiller The Artists German and English Translation by John Sigerson",application/pdf,0,,,2026,,0,0,leave,report,1,,
116014,Friedrich-Schiller-The-Artists-German-and-English-Translation-by-John-Sigerson.pdf,"Friedrich Schiller The Artists German and English Translation by John Sigerson",application/pdf,0,,,2026,,0,0,leave,report,1,,
116015,Friedrich-Schiller-The-Artists-German-and-English-Translation-by-John-Sigerson.pdf,"Friedrich Schiller The Artists German and English Translation by John Sigerson",application/pdf,0,,,2026,,0,0,leave,report,1,,
116016,Friedrich-Schiller-The-Artists-German-and-English-Translation-by-John-Sigerson.pdf,"Friedrich Schiller The Artists German and English Translation by John Sigerson",application/pdf,0,,,2026,,0,0,leave,report,1,,
116017,Friedrich-Schiller-The-Artists-German-and-English-Translation-by-John-Sigerson.pdf,"Friedrich Schiller The Artists German and English Translation by John Sigerson",application/pdf,0,,,2026,,0,0,leave,report,1,,
116018,Friedrich-Schiller-The-Artists-German-and-English-Translation-by-John-Sigerson.pdf,"Friedrich Schiller The Artists German and English Translation by John Sigerson",application/pdf,0,,,2026,,0,0,leave,report,1,,
116019,Friedrich-Schiller-The-Artists-German-and-English-Translation-by-John-Sigerson.pdf,"Friedrich Schiller The Artists German and English Translation by John Sigerson",application/pdf,0,,,2026,,0,0,leave,report,1,,
116020,Friedrich-Schiller-The-Artists-German-and-English-Translation-by-John-Sigerson.pdf,"Friedrich Schiller The Artists German and English Translation by John Sigerson",application/pdf,0,,,2026,,0,0,leave,report,1,,
116021,Friedrich-Schiller-The-Artists-German-and-English-Translation-by-John-Sigerson.pdf,"Friedrich Schiller The Artists German and English Translation by John Sigerson",application/pdf,0,,,2026,,0,0,leave,report,1,,
116596,20260517-to-UN-governments.pdf,"20260517 to UN governments",application/pdf,0,,,2026,,0,0,leave,report,1,,
116597,20260517-to-UN-governments.pdf,"20260517 to UN governments",application/pdf,0,,,2026,,0,0,leave,report,1,,
116598,20260517-to-UN-governments.pdf,"20260517 to UN governments",application/pdf,0,,,2026,,0,0,leave,report,1,,
116600,20260517-to-UN-governments.pdf,"20260517 to UN governments",application/pdf,0,,,2026,,0,0,leave,report,1,,
116601,20260517-to-UN-governments.pdf,"20260517 to UN governments",application/pdf,0,,,2026,,0,0,leave,report,1,,
116602,20260517-to-UN-governments.pdf,"20260517 to UN governments",application/pdf,0,,,2026,,0,0,leave,report,1,,
116603,20260517-to-UN-governments.pdf,"20260517 to UN governments",application/pdf,0,,,2026,,0,0,leave,report,1,,
116604,20260517-to-UN-governments.pdf,"20260517 to UN governments",application/pdf,0,,,2026,,0,0,leave,report,1,,
116620,20260517-to-UN-governments-corrected.pdf,"20260517 to UN governments corrected",application/pdf,0,,,2026,,0,0,leave,report,1,,
116621,20260517-to-UN-governments-corrected.pdf,"20260517 to UN governments corrected",application/pdf,0,,,2026,,0,0,leave,report,1,,
116622,20260517-to-UN-governments-corrected.pdf,"20260517 to UN governments corrected",application/pdf,0,,,2026,,0,0,leave,report,1,,
116624,20260517-to-UN-governments-corrected.pdf,"20260517 to UN governments corrected",application/pdf,0,,,2026,,0,0,leave,report,1,,
116625,20260517-to-UN-governments-corrected.pdf,"20260517 to UN governments corrected",application/pdf,0,,,2026,,0,0,leave,report,1,,
116626,20260517-to-UN-governments-corrected.pdf,"20260517 to UN governments corrected",application/pdf,0,,,2026,,0,0,leave,report,1,,
116627,20260517-to-UN-governments-corrected.pdf,"20260517 to UN governments corrected",application/pdf,0,,,2026,,0,0,leave,report,1,,
116628,20260517-to-UN-governments-corrected.pdf,"20260517 to UN governments corrected",application/pdf,0,,,2026,,0,0,leave,report,1,,
